kommune;szenario;gitter_id;a_anteil;h_m;h_herkunft;quelle_flaeche_url;quelle_tiefe_url;zugriff
Hitzacker;HQhäufig;CRS3035RES100mN3337000E4393300;0.003490;4.0000;karte;https://www.umweltkarten-niedersachsen.de/Download_OE/HWSchutz/HWRMRL_Z2_Risikogebiete_HQhaeufig.zip;https://www.umweltkarten-niedersachsen.de/Download_OE/HWSchutz/HWRMRL_Z2_Wassertiefen_HQhaeufig.zip;2026-09-17
Hitzacker;HQhäufig;CRS3035RES100mN3337100E4393200;0.000053;4.0000;karte;https://www.umweltkarten-niedersachsen.de/Download_OE/HWSchutz/HWRMRL_Z2_Risikogebiete_HQhaeufig.zip;https://www.umweltkarten-niedersachsen.de/Download_OE/HWSchutz/HWRMRL_Z2_Wassertiefen_HQhaeufig.zip;2026-09-17
Hitzacker;HQhäufig;CRS3035RES100mN3337100E4393300;0.545888;3.8337;karte;https://www.umweltkarten-niedersachsen.de/Download_OE/HWSchutz/HWRMRL_Z2_Risikogebiete_HQhaeufig.zip;https://www.umweltkarten-niedersachsen.de/Download_OE/HWSchutz/HWRMRL_Z2_Wassertiefen_HQhaeufig.zip;2026-09-17
Hitzacker;HQhäufig;CRS3035RES100mN3337200E4392600;0.005528;3.0000;karte;https://www.umweltkarten-niedersachsen.de/Download_OE/HWSchutz/HWRMRL_Z2_Risikogebiete_HQhaeufig.zip;https://www.umweltkarten-niedersachsen.de/Download_OE/HWSchutz/HWRMRL_Z2_Wassertiefen_HQhaeufig.zip;2026-09-17
Hitzacker;HQhäufig;CRS3035RES100mN3337200E4392700;0.252869;3.0000;karte;https://www.umweltkarten-niedersachsen.de/Download_OE/HWSchutz/HWRMRL_Z2_Risikogebiete_HQhaeufig.zip;https://www.umweltkarten-niedersachsen.de/Download_OE/HWSchutz/HWRMRL_Z2_Wassertiefen_HQhaeufig.zip;2026-09-17
Hitzacker;HQhäufig;CRS3035RES100mN3337200E4392800;0.594956;3.0000;karte;https://www.umweltkarten-niedersachsen.de/Download_OE/HWSchutz/HWRMRL_Z2_Risikogebiete_HQhaeufig.zip;https://www.umweltkarten-niedersachsen.de/Download_OE/HWSchutz/HWRMRL_Z2_Wassertiefen_HQhaeufig.zip;2026-09-17
Hitzacker;HQhäufig;CRS3035RES100mN3337200E4392900;0.858224;3.0000;karte;https://www.umweltkarten-niedersachsen.de/Download_OE/HWSchutz/HWRMRL_Z2_Risikogebiete_HQhaeufig.zip;https://www.umweltkarten-niedersachsen.de/Download_OE/HWSchutz/HWRMRL_Z2_Wassertiefen_HQhaeufig.zip;2026-09-17
Hitzacker;HQhäufig;CRS3035RES100mN3337200E4393000;0.633939;3.0000;karte;https://www.umweltkarten-niedersachsen.de/Download_OE/HWSchutz/HWRMRL_Z2_Risikogebiete_HQhaeufig.zip;https://www.umweltkarten-niedersachsen.de/Download_OE/HWSchutz/HWRMRL_Z2_Wassertiefen_HQhaeufig.zip;2026-09-17
Hitzacker;HQhäufig;CRS3035RES100mN3337200E4393100;0.517168;3.4303;karte;https://www.umweltkarten-niedersachsen.de/Download_OE/HWSchutz/HWRMRL_Z2_Risikogebiete_HQhaeufig.zip;https://www.umweltkarten-niedersachsen.de/Download_OE/HWSchutz/HWRMRL_Z2_Wassertiefen_HQhaeufig.zip;2026-09-17
Hitzacker;HQhäufig;CRS3035RES100mN3337200E4393200;0.743958;3.9574;karte;https://www.umweltkarten-niedersachsen.de/Download_OE/HWSchutz/HWRMRL_Z2_Risikogebiete_HQhaeufig.zip;https://www.umweltkarten-niedersachsen.de/Download_OE/HWSchutz/HWRMRL_Z2_Wassertiefen_HQhaeufig.zip;2026-09-17
Hitzacker;HQhäufig;CRS3035RES100mN3337200E4393300;1.000000;4.0000;karte;https://www.umweltkarten-niedersachsen.de/Download_OE/HWSchutz/HWRMRL_Z2_Risikogebiete_HQhaeufig.zip;https://www.umweltkarten-niedersachsen.de/Download_OE/HWSchutz/HWRMRL_Z2_Wassertiefen_HQhaeufig.zip;2026-09-17
Hitzacker;HQhäufig;CRS3035RES100mN3337200E4393400;1.000000;4.0000;karte;https://www.umweltkarten-niedersachsen.de/Download_OE/HWSchutz/HWRMRL_Z2_Risikogebiete_HQhaeufig.zip;https://www.umweltkarten-niedersachsen.de/Download_OE/HWSchutz/HWRMRL_Z2_Wassertiefen_HQhaeufig.zip;2026-09-17
Hitzacker;HQhäufig;CRS3035RES100mN3337300E4392500;0.247184;2.1611;karte;https://www.umweltkarten-niedersachsen.de/Download_OE/HWSchutz/HWRMRL_Z2_Risikogebiete_HQhaeufig.zip;https://www.umweltkarten-niedersachsen.de/Download_OE/HWSchutz/HWRMRL_Z2_Wassertiefen_HQhaeufig.zip;2026-09-17
Hitzacker;HQhäufig;CRS3035RES100mN3337300E4392600;0.886917;2.9791;karte;https://www.umweltkarten-niedersachsen.de/Download_OE/HWSchutz/HWRMRL_Z2_Risikogebiete_HQhaeufig.zip;https://www.umweltkarten-niedersachsen.de/Download_OE/HWSchutz/HWRMRL_Z2_Wassertiefen_HQhaeufig.zip;2026-09-17
Hitzacker;HQhäufig;CRS3035RES100mN3337300E4392700;1.000000;3.0000;karte;https://www.umweltkarten-niedersachsen.de/Download_OE/HWSchutz/HWRMRL_Z2_Risikogebiete_HQhaeufig.zip;https://www.umweltkarten-niedersachsen.de/Download_OE/HWSchutz/HWRMRL_Z2_Wassertiefen_HQhaeufig.zip;2026-09-17
Hitzacker;HQhäufig;CRS3035RES100mN3337300E4392800;1.000000;3.0874;karte;https://www.umweltkarten-niedersachsen.de/Download_OE/HWSchutz/HWRMRL_Z2_Risikogebiete_HQhaeufig.zip;https://www.umweltkarten-niedersachsen.de/Download_OE/HWSchutz/HWRMRL_Z2_Wassertiefen_HQhaeufig.zip;2026-09-17
Hitzacker;HQhäufig;CRS3035RES100mN3337300E4392900;1.000000;3.4399;karte;https://www.umweltkarten-niedersachsen.de/Download_OE/HWSchutz/HWRMRL_Z2_Risikogebiete_HQhaeufig.zip;https://www.umweltkarten-niedersachsen.de/Download_OE/HWSchutz/HWRMRL_Z2_Wassertiefen_HQhaeufig.zip;2026-09-17
Hitzacker;HQhäufig;CRS3035RES100mN3337300E4393000;1.000000;3.5867;karte;https://www.umweltkarten-niedersachsen.de/Download_OE/HWSchutz/HWRMRL_Z2_Risikogebiete_HQhaeufig.zip;https://www.umweltkarten-niedersachsen.de/Download_OE/HWSchutz/HWRMRL_Z2_Wassertiefen_HQhaeufig.zip;2026-09-17
Hitzacker;HQhäufig;CRS3035RES100mN3337300E4393100;1.000000;3.9729;karte;https://www.umweltkarten-niedersachsen.de/Download_OE/HWSchutz/HWRMRL_Z2_Risikogebiete_HQhaeufig.zip;https://www.umweltkarten-niedersachsen.de/Download_OE/HWSchutz/HWRMRL_Z2_Wassertiefen_HQhaeufig.zip;2026-09-17
Hitzacker;HQhäufig;CRS3035RES100mN3337300E4393200;1.000000;4.0000;karte;https://www.umweltkarten-niedersachsen.de/Download_OE/HWSchutz/HWRMRL_Z2_Risikogebiete_HQhaeufig.zip;https://www.umweltkarten-niedersachsen.de/Download_OE/HWSchutz/HWRMRL_Z2_Wassertiefen_HQhaeufig.zip;2026-09-17
Hitzacker;HQhäufig;CRS3035RES100mN3337300E4393300;1.000000;4.0000;karte;https://www.umweltkarten-niedersachsen.de/Download_OE/HWSchutz/HWRMRL_Z2_Risikogebiete_HQhaeufig.zip;https://www.umweltkarten-niedersachsen.de/Download_OE/HWSchutz/HWRMRL_Z2_Wassertiefen_HQhaeufig.zip;2026-09-17
Hitzacker;HQhäufig;CRS3035RES100mN3337400E4392400;0.328469;3.0000;karte;https://www.umweltkarten-niedersachsen.de/Download_OE/HWSchutz/HWRMRL_Z2_Risikogebiete_HQhaeufig.zip;https://www.umweltkarten-niedersachsen.de/Download_OE/HWSchutz/HWRMRL_Z2_Wassertiefen_HQhaeufig.zip;2026-09-17
Hitzacker;HQhäufig;CRS3035RES100mN3337400E4392500;0.932958;3.0000;karte;https://www.umweltkarten-niedersachsen.de/Download_OE/HWSchutz/HWRMRL_Z2_Risikogebiete_HQhaeufig.zip;https://www.umweltkarten-niedersachsen.de/Download_OE/HWSchutz/HWRMRL_Z2_Wassertiefen_HQhaeufig.zip;2026-09-17
Hitzacker;HQhäufig;CRS3035RES100mN3337400E4392600;1.000000;3.0002;karte;https://www.umweltkarten-niedersachsen.de/Download_OE/HWSchutz/HWRMRL_Z2_Risikogebiete_HQhaeufig.zip;https://www.umweltkarten-niedersachsen.de/Download_OE/HWSchutz/HWRMRL_Z2_Wassertiefen_HQhaeufig.zip;2026-09-17
Hitzacker;HQhäufig;CRS3035RES100mN3337400E4392700;1.000000;3.2717;karte;https://www.umweltkarten-niedersachsen.de/Download_OE/HWSchutz/HWRMRL_Z2_Risikogebiete_HQhaeufig.zip;https://www.umweltkarten-niedersachsen.de/Download_OE/HWSchutz/HWRMRL_Z2_Wassertiefen_HQhaeufig.zip;2026-09-17
Hitzacker;HQhäufig;CRS3035RES100mN3337400E4392800;1.000000;3.7992;karte;https://www.umweltkarten-niedersachsen.de/Download_OE/HWSchutz/HWRMRL_Z2_Risikogebiete_HQhaeufig.zip;https://www.umweltkarten-niedersachsen.de/Download_OE/HWSchutz/HWRMRL_Z2_Wassertiefen_HQhaeufig.zip;2026-09-17
Hitzacker;HQhäufig;CRS3035RES100mN3337400E4392900;1.000000;3.9089;karte;https://www.umweltkarten-niedersachsen.de/Download_OE/HWSchutz/HWRMRL_Z2_Risikogebiete_HQhaeufig.zip;https://www.umweltkarten-niedersachsen.de/Download_OE/HWSchutz/HWRMRL_Z2_Wassertiefen_HQhaeufig.zip;2026-09-17
Hitzacker;HQhäufig;CRS3035RES100mN3337400E4393000;1.000000;4.0000;karte;https://www.umweltkarten-niedersachsen.de/Download_OE/HWSchutz/HWRMRL_Z2_Risikogebiete_HQhaeufig.zip;https://www.umweltkarten-niedersachsen.de/Download_OE/HWSchutz/HWRMRL_Z2_Wassertiefen_HQhaeufig.zip;2026-09-17
Hitzacker;HQhäufig;CRS3035RES100mN3337400E4393100;1.000000;4.0000;karte;https://www.umweltkarten-niedersachsen.de/Download_OE/HWSchutz/HWRMRL_Z2_Risikogebiete_HQhaeufig.zip;https://www.umweltkarten-niedersachsen.de/Download_OE/HWSchutz/HWRMRL_Z2_Wassertiefen_HQhaeufig.zip;2026-09-17
Hitzacker;HQhäufig;CRS3035RES100mN3337500E4392300;0.165471;3.0000;karte;https://www.umweltkarten-niedersachsen.de/Download_OE/HWSchutz/HWRMRL_Z2_Risikogebiete_HQhaeufig.zip;https://www.umweltkarten-niedersachsen.de/Download_OE/HWSchutz/HWRMRL_Z2_Wassertiefen_HQhaeufig.zip;2026-09-17
Hitzacker;HQhäufig;CRS3035RES100mN3337500E4392400;0.962973;3.0000;karte;https://www.umweltkarten-niedersachsen.de/Download_OE/HWSchutz/HWRMRL_Z2_Risikogebiete_HQhaeufig.zip;https://www.umweltkarten-niedersachsen.de/Download_OE/HWSchutz/HWRMRL_Z2_Wassertiefen_HQhaeufig.zip;2026-09-17
Hitzacker;HQhäufig;CRS3035RES100mN3337500E4392500;1.000000;3.1071;karte;https://www.umweltkarten-niedersachsen.de/Download_OE/HWSchutz/HWRMRL_Z2_Risikogebiete_HQhaeufig.zip;https://www.umweltkarten-niedersachsen.de/Download_OE/HWSchutz/HWRMRL_Z2_Wassertiefen_HQhaeufig.zip;2026-09-17
Hitzacker;HQhäufig;CRS3035RES100mN3337500E4392600;1.000000;3.6223;karte;https://www.umweltkarten-niedersachsen.de/Download_OE/HWSchutz/HWRMRL_Z2_Risikogebiete_HQhaeufig.zip;https://www.umweltkarten-niedersachsen.de/Download_OE/HWSchutz/HWRMRL_Z2_Wassertiefen_HQhaeufig.zip;2026-09-17
Hitzacker;HQhäufig;CRS3035RES100mN3337500E4392700;1.000000;3.9922;karte;https://www.umweltkarten-niedersachsen.de/Download_OE/HWSchutz/HWRMRL_Z2_Risikogebiete_HQhaeufig.zip;https://www.umweltkarten-niedersachsen.de/Download_OE/HWSchutz/HWRMRL_Z2_Wassertiefen_HQhaeufig.zip;2026-09-17
Hitzacker;HQhäufig;CRS3035RES100mN3337500E4392800;1.000000;3.9869;karte;https://www.umweltkarten-niedersachsen.de/Download_OE/HWSchutz/HWRMRL_Z2_Risikogebiete_HQhaeufig.zip;https://www.umweltkarten-niedersachsen.de/Download_OE/HWSchutz/HWRMRL_Z2_Wassertiefen_HQhaeufig.zip;2026-09-17
Hitzacker;HQhäufig;CRS3035RES100mN3337500E4392900;1.000000;4.0000;karte;https://www.umweltkarten-niedersachsen.de/Download_OE/HWSchutz/HWRMRL_Z2_Risikogebiete_HQhaeufig.zip;https://www.umweltkarten-niedersachsen.de/Download_OE/HWSchutz/HWRMRL_Z2_Wassertiefen_HQhaeufig.zip;2026-09-17
Hitzacker;HQhäufig;CRS3035RES100mN3337600E4392200;0.024209;3.0000;karte;https://www.umweltkarten-niedersachsen.de/Download_OE/HWSchutz/HWRMRL_Z2_Risikogebiete_HQhaeufig.zip;https://www.umweltkarten-niedersachsen.de/Download_OE/HWSchutz/HWRMRL_Z2_Wassertiefen_HQhaeufig.zip;2026-09-17
Hitzacker;HQhäufig;CRS3035RES100mN3337600E4392300;0.780316;3.0000;karte;https://www.umweltkarten-niedersachsen.de/Download_OE/HWSchutz/HWRMRL_Z2_Risikogebiete_HQhaeufig.zip;https://www.umweltkarten-niedersachsen.de/Download_OE/HWSchutz/HWRMRL_Z2_Wassertiefen_HQhaeufig.zip;2026-09-17
Hitzacker;HQhäufig;CRS3035RES100mN3337600E4392400;1.000000;3.3440;karte;https://www.umweltkarten-niedersachsen.de/Download_OE/HWSchutz/HWRMRL_Z2_Risikogebiete_HQhaeufig.zip;https://www.umweltkarten-niedersachsen.de/Download_OE/HWSchutz/HWRMRL_Z2_Wassertiefen_HQhaeufig.zip;2026-09-17
Hitzacker;HQhäufig;CRS3035RES100mN3337600E4392500;1.000000;3.6623;karte;https://www.umweltkarten-niedersachsen.de/Download_OE/HWSchutz/HWRMRL_Z2_Risikogebiete_HQhaeufig.zip;https://www.umweltkarten-niedersachsen.de/Download_OE/HWSchutz/HWRMRL_Z2_Wassertiefen_HQhaeufig.zip;2026-09-17
Hitzacker;HQhäufig;CRS3035RES100mN3337600E4392600;1.000000;3.5698;karte;https://www.umweltkarten-niedersachsen.de/Download_OE/HWSchutz/HWRMRL_Z2_Risikogebiete_HQhaeufig.zip;https://www.umweltkarten-niedersachsen.de/Download_OE/HWSchutz/HWRMRL_Z2_Wassertiefen_HQhaeufig.zip;2026-09-17
Hitzacker;HQhäufig;CRS3035RES100mN3337600E4392700;1.000000;4.0000;karte;https://www.umweltkarten-niedersachsen.de/Download_OE/HWSchutz/HWRMRL_Z2_Risikogebiete_HQhaeufig.zip;https://www.umweltkarten-niedersachsen.de/Download_OE/HWSchutz/HWRMRL_Z2_Wassertiefen_HQhaeufig.zip;2026-09-17
Hitzacker;HQhäufig;CRS3035RES100mN3337600E4392800;1.000000;4.0000;karte;https://www.umweltkarten-niedersachsen.de/Download_OE/HWSchutz/HWRMRL_Z2_Risikogebiete_HQhaeufig.zip;https://www.umweltkarten-niedersachsen.de/Download_OE/HWSchutz/HWRMRL_Z2_Wassertiefen_HQhaeufig.zip;2026-09-17
Hitzacker;HQhäufig;CRS3035RES100mN3337700E4392200;0.442796;3.0527;karte;https://www.umweltkarten-niedersachsen.de/Download_OE/HWSchutz/HWRMRL_Z2_Risikogebiete_HQhaeufig.zip;https://www.umweltkarten-niedersachsen.de/Download_OE/HWSchutz/HWRMRL_Z2_Wassertiefen_HQhaeufig.zip;2026-09-17
Hitzacker;HQhäufig;CRS3035RES100mN3337700E4392300;1.000000;3.5773;karte;https://www.umweltkarten-niedersachsen.de/Download_OE/HWSchutz/HWRMRL_Z2_Risikogebiete_HQhaeufig.zip;https://www.umweltkarten-niedersachsen.de/Download_OE/HWSchutz/HWRMRL_Z2_Wassertiefen_HQhaeufig.zip;2026-09-17
Hitzacker;HQhäufig;CRS3035RES100mN3337700E4392400;1.000000;3.6839;karte;https://www.umweltkarten-niedersachsen.de/Download_OE/HWSchutz/HWRMRL_Z2_Risikogebiete_HQhaeufig.zip;https://www.umweltkarten-niedersachsen.de/Download_OE/HWSchutz/HWRMRL_Z2_Wassertiefen_HQhaeufig.zip;2026-09-17
Hitzacker;HQhäufig;CRS3035RES100mN3337700E4392500;1.000000;3.6475;karte;https://www.umweltkarten-niedersachsen.de/Download_OE/HWSchutz/HWRMRL_Z2_Risikogebiete_HQhaeufig.zip;https://www.umweltkarten-niedersachsen.de/Download_OE/HWSchutz/HWRMRL_Z2_Wassertiefen_HQhaeufig.zip;2026-09-17
Hitzacker;HQhäufig;CRS3035RES100mN3337700E4392600;1.000000;3.9991;karte;https://www.umweltkarten-niedersachsen.de/Download_OE/HWSchutz/HWRMRL_Z2_Risikogebiete_HQhaeufig.zip;https://www.umweltkarten-niedersachsen.de/Download_OE/HWSchutz/HWRMRL_Z2_Wassertiefen_HQhaeufig.zip;2026-09-17
Hitzacker;HQhäufig;CRS3035RES100mN3337700E4392700;1.000000;4.0000;karte;https://www.umweltkarten-niedersachsen.de/Download_OE/HWSchutz/HWRMRL_Z2_Risikogebiete_HQhaeufig.zip;https://www.umweltkarten-niedersachsen.de/Download_OE/HWSchutz/HWRMRL_Z2_Wassertiefen_HQhaeufig.zip;2026-09-17
Hitzacker;HQhäufig;CRS3035RES100mN3337800E4392100;0.043526;3.2954;karte;https://www.umweltkarten-niedersachsen.de/Download_OE/HWSchutz/HWRMRL_Z2_Risikogebiete_HQhaeufig.zip;https://www.umweltkarten-niedersachsen.de/Download_OE/HWSchutz/HWRMRL_Z2_Wassertiefen_HQhaeufig.zip;2026-09-17
Hitzacker;HQhäufig;CRS3035RES100mN3337800E4392200;0.894502;3.6714;karte;https://www.umweltkarten-niedersachsen.de/Download_OE/HWSchutz/HWRMRL_Z2_Risikogebiete_HQhaeufig.zip;https://www.umweltkarten-niedersachsen.de/Download_OE/HWSchutz/HWRMRL_Z2_Wassertiefen_HQhaeufig.zip;2026-09-17
Hitzacker;HQhäufig;CRS3035RES100mN3337800E4392300;1.000000;3.6748;karte;https://www.umweltkarten-niedersachsen.de/Download_OE/HWSchutz/HWRMRL_Z2_Risikogebiete_HQhaeufig.zip;https://www.umweltkarten-niedersachsen.de/Download_OE/HWSchutz/HWRMRL_Z2_Wassertiefen_HQhaeufig.zip;2026-09-17
Hitzacker;HQhäufig;CRS3035RES100mN3337800E4392400;1.000000;3.6645;karte;https://www.umweltkarten-niedersachsen.de/Download_OE/HWSchutz/HWRMRL_Z2_Risikogebiete_HQhaeufig.zip;https://www.umweltkarten-niedersachsen.de/Download_OE/HWSchutz/HWRMRL_Z2_Wassertiefen_HQhaeufig.zip;2026-09-17
Hitzacker;HQhäufig;CRS3035RES100mN3337800E4392500;1.000000;4.0000;karte;https://www.umweltkarten-niedersachsen.de/Download_OE/HWSchutz/HWRMRL_Z2_Risikogebiete_HQhaeufig.zip;https://www.umweltkarten-niedersachsen.de/Download_OE/HWSchutz/HWRMRL_Z2_Wassertiefen_HQhaeufig.zip;2026-09-17
Hitzacker;HQhäufig;CRS3035RES100mN3337900E4392100;0.558359;3.7339;karte;https://www.umweltkarten-niedersachsen.de/Download_OE/HWSchutz/HWRMRL_Z2_Risikogebiete_HQhaeufig.zip;https://www.umweltkarten-niedersachsen.de/Download_OE/HWSchutz/HWRMRL_Z2_Wassertiefen_HQhaeufig.zip;2026-09-17
Hitzacker;HQhäufig;CRS3035RES100mN3337900E4392200;1.000000;3.6763;karte;https://www.umweltkarten-niedersachsen.de/Download_OE/HWSchutz/HWRMRL_Z2_Risikogebiete_HQhaeufig.zip;https://www.umweltkarten-niedersachsen.de/Download_OE/HWSchutz/HWRMRL_Z2_Wassertiefen_HQhaeufig.zip;2026-09-17
Hitzacker;HQhäufig;CRS3035RES100mN3337900E4392300;1.000000;3.9686;karte;https://www.umweltkarten-niedersachsen.de/Download_OE/HWSchutz/HWRMRL_Z2_Risikogebiete_HQhaeufig.zip;https://www.umweltkarten-niedersachsen.de/Download_OE/HWSchutz/HWRMRL_Z2_Wassertiefen_HQhaeufig.zip;2026-09-17
Hitzacker;HQhäufig;CRS3035RES100mN3337900E4392400;1.000000;4.0000;karte;https://www.umweltkarten-niedersachsen.de/Download_OE/HWSchutz/HWRMRL_Z2_Risikogebiete_HQhaeufig.zip;https://www.umweltkarten-niedersachsen.de/Download_OE/HWSchutz/HWRMRL_Z2_Wassertiefen_HQhaeufig.zip;2026-09-17
Hitzacker;HQhäufig;CRS3035RES100mN3338000E4392000;0.405935;3.3021;karte;https://www.umweltkarten-niedersachsen.de/Download_OE/HWSchutz/HWRMRL_Z2_Risikogebiete_HQhaeufig.zip;https://www.umweltkarten-niedersachsen.de/Download_OE/HWSchutz/HWRMRL_Z2_Wassertiefen_HQhaeufig.zip;2026-09-17
Hitzacker;HQhäufig;CRS3035RES100mN3338000E4392100;0.981714;3.9357;karte;https://www.umweltkarten-niedersachsen.de/Download_OE/HWSchutz/HWRMRL_Z2_Risikogebiete_HQhaeufig.zip;https://www.umweltkarten-niedersachsen.de/Download_OE/HWSchutz/HWRMRL_Z2_Wassertiefen_HQhaeufig.zip;2026-09-17
Hitzacker;HQhäufig;CRS3035RES100mN3338000E4392200;1.000000;4.0000;karte;https://www.umweltkarten-niedersachsen.de/Download_OE/HWSchutz/HWRMRL_Z2_Risikogebiete_HQhaeufig.zip;https://www.umweltkarten-niedersachsen.de/Download_OE/HWSchutz/HWRMRL_Z2_Wassertiefen_HQhaeufig.zip;2026-09-17
Hitzacker;HQhäufig;CRS3035RES100mN3338000E4392300;1.000000;4.0000;karte;https://www.umweltkarten-niedersachsen.de/Download_OE/HWSchutz/HWRMRL_Z2_Risikogebiete_HQhaeufig.zip;https://www.umweltkarten-niedersachsen.de/Download_OE/HWSchutz/HWRMRL_Z2_Wassertiefen_HQhaeufig.zip;2026-09-17
Hitzacker;HQhäufig;CRS3035RES100mN3338100E4391800;0.014769;3.0000;karte;https://www.umweltkarten-niedersachsen.de/Download_OE/HWSchutz/HWRMRL_Z2_Risikogebiete_HQhaeufig.zip;https://www.umweltkarten-niedersachsen.de/Download_OE/HWSchutz/HWRMRL_Z2_Wassertiefen_HQhaeufig.zip;2026-09-17
Hitzacker;HQhäufig;CRS3035RES100mN3338100E4391900;0.571743;3.0505;karte;https://www.umweltkarten-niedersachsen.de/Download_OE/HWSchutz/HWRMRL_Z2_Risikogebiete_HQhaeufig.zip;https://www.umweltkarten-niedersachsen.de/Download_OE/HWSchutz/HWRMRL_Z2_Wassertiefen_HQhaeufig.zip;2026-09-17
Hitzacker;HQhäufig;CRS3035RES100mN3338100E4392000;0.999990;3.8229;karte;https://www.umweltkarten-niedersachsen.de/Download_OE/HWSchutz/HWRMRL_Z2_Risikogebiete_HQhaeufig.zip;https://www.umweltkarten-niedersachsen.de/Download_OE/HWSchutz/HWRMRL_Z2_Wassertiefen_HQhaeufig.zip;2026-09-17
Hitzacker;HQhäufig;CRS3035RES100mN3338100E4392100;1.000000;4.0000;karte;https://www.umweltkarten-niedersachsen.de/Download_OE/HWSchutz/HWRMRL_Z2_Risikogebiete_HQhaeufig.zip;https://www.umweltkarten-niedersachsen.de/Download_OE/HWSchutz/HWRMRL_Z2_Wassertiefen_HQhaeufig.zip;2026-09-17
Hitzacker;HQhäufig;CRS3035RES100mN3338100E4392200;1.000000;4.0000;karte;https://www.umweltkarten-niedersachsen.de/Download_OE/HWSchutz/HWRMRL_Z2_Risikogebiete_HQhaeufig.zip;https://www.umweltkarten-niedersachsen.de/Download_OE/HWSchutz/HWRMRL_Z2_Wassertiefen_HQhaeufig.zip;2026-09-17
Hitzacker;HQhäufig;CRS3035RES100mN3338200E4391700;0.059403;3.0000;karte;https://www.umweltkarten-niedersachsen.de/Download_OE/HWSchutz/HWRMRL_Z2_Risikogebiete_HQhaeufig.zip;https://www.umweltkarten-niedersachsen.de/Download_OE/HWSchutz/HWRMRL_Z2_Wassertiefen_HQhaeufig.zip;2026-09-17
Hitzacker;HQhäufig;CRS3035RES100mN3338200E4391800;0.719510;3.0140;karte;https://www.umweltkarten-niedersachsen.de/Download_OE/HWSchutz/HWRMRL_Z2_Risikogebiete_HQhaeufig.zip;https://www.umweltkarten-niedersachsen.de/Download_OE/HWSchutz/HWRMRL_Z2_Wassertiefen_HQhaeufig.zip;2026-09-17
Hitzacker;HQhäufig;CRS3035RES100mN3338200E4391900;1.000000;3.5764;karte;https://www.umweltkarten-niedersachsen.de/Download_OE/HWSchutz/HWRMRL_Z2_Risikogebiete_HQhaeufig.zip;https://www.umweltkarten-niedersachsen.de/Download_OE/HWSchutz/HWRMRL_Z2_Wassertiefen_HQhaeufig.zip;2026-09-17
Hitzacker;HQhäufig;CRS3035RES100mN3338200E4392000;1.000000;4.0000;karte;https://www.umweltkarten-niedersachsen.de/Download_OE/HWSchutz/HWRMRL_Z2_Risikogebiete_HQhaeufig.zip;https://www.umweltkarten-niedersachsen.de/Download_OE/HWSchutz/HWRMRL_Z2_Wassertiefen_HQhaeufig.zip;2026-09-17
Hitzacker;HQhäufig;CRS3035RES100mN3338200E4392100;1.000000;4.0000;karte;https://www.umweltkarten-niedersachsen.de/Download_OE/HWSchutz/HWRMRL_Z2_Risikogebiete_HQhaeufig.zip;https://www.umweltkarten-niedersachsen.de/Download_OE/HWSchutz/HWRMRL_Z2_Wassertiefen_HQhaeufig.zip;2026-09-17
Hitzacker;HQhäufig;CRS3035RES100mN3338300E4391300;0.000810;3.0000;karte;https://www.umweltkarten-niedersachsen.de/Download_OE/HWSchutz/HWRMRL_Z2_Risikogebiete_HQhaeufig.zip;https://www.umweltkarten-niedersachsen.de/Download_OE/HWSchutz/HWRMRL_Z2_Wassertiefen_HQhaeufig.zip;2026-09-17
Hitzacker;HQhäufig;CRS3035RES100mN3338300E4391400;0.001927;3.0000;karte;https://www.umweltkarten-niedersachsen.de/Download_OE/HWSchutz/HWRMRL_Z2_Risikogebiete_HQhaeufig.zip;https://www.umweltkarten-niedersachsen.de/Download_OE/HWSchutz/HWRMRL_Z2_Wassertiefen_HQhaeufig.zip;2026-09-17
Hitzacker;HQhäufig;CRS3035RES100mN3338300E4391500;0.004137;3.0000;karte;https://www.umweltkarten-niedersachsen.de/Download_OE/HWSchutz/HWRMRL_Z2_Risikogebiete_HQhaeufig.zip;https://www.umweltkarten-niedersachsen.de/Download_OE/HWSchutz/HWRMRL_Z2_Wassertiefen_HQhaeufig.zip;2026-09-17
Hitzacker;HQhäufig;CRS3035RES100mN3338300E4391600;0.188564;3.0000;karte;https://www.umweltkarten-niedersachsen.de/Download_OE/HWSchutz/HWRMRL_Z2_Risikogebiete_HQhaeufig.zip;https://www.umweltkarten-niedersachsen.de/Download_OE/HWSchutz/HWRMRL_Z2_Wassertiefen_HQhaeufig.zip;2026-09-17
Hitzacker;HQhäufig;CRS3035RES100mN3338300E4391700;0.842558;3.0601;karte;https://www.umweltkarten-niedersachsen.de/Download_OE/HWSchutz/HWRMRL_Z2_Risikogebiete_HQhaeufig.zip;https://www.umweltkarten-niedersachsen.de/Download_OE/HWSchutz/HWRMRL_Z2_Wassertiefen_HQhaeufig.zip;2026-09-17
Hitzacker;HQhäufig;CRS3035RES100mN3338300E4391800;1.000000;3.7000;karte;https://www.umweltkarten-niedersachsen.de/Download_OE/HWSchutz/HWRMRL_Z2_Risikogebiete_HQhaeufig.zip;https://www.umweltkarten-niedersachsen.de/Download_OE/HWSchutz/HWRMRL_Z2_Wassertiefen_HQhaeufig.zip;2026-09-17
Hitzacker;HQhäufig;CRS3035RES100mN3338300E4391900;1.000000;4.0000;karte;https://www.umweltkarten-niedersachsen.de/Download_OE/HWSchutz/HWRMRL_Z2_Risikogebiete_HQhaeufig.zip;https://www.umweltkarten-niedersachsen.de/Download_OE/HWSchutz/HWRMRL_Z2_Wassertiefen_HQhaeufig.zip;2026-09-17
Hitzacker;HQhäufig;CRS3035RES100mN3338300E4392000;1.000000;4.0000;karte;https://www.umweltkarten-niedersachsen.de/Download_OE/HWSchutz/HWRMRL_Z2_Risikogebiete_HQhaeufig.zip;https://www.umweltkarten-niedersachsen.de/Download_OE/HWSchutz/HWRMRL_Z2_Wassertiefen_HQhaeufig.zip;2026-09-17
Hitzacker;HQhäufig;CRS3035RES100mN3338400E4391200;0.042272;4.0000;karte;https://www.umweltkarten-niedersachsen.de/Download_OE/HWSchutz/HWRMRL_Z2_Risikogebiete_HQhaeufig.zip;https://www.umweltkarten-niedersachsen.de/Download_OE/HWSchutz/HWRMRL_Z2_Wassertiefen_HQhaeufig.zip;2026-09-17
Hitzacker;HQhäufig;CRS3035RES100mN3338400E4391300;0.687373;3.3977;karte;https://www.umweltkarten-niedersachsen.de/Download_OE/HWSchutz/HWRMRL_Z2_Risikogebiete_HQhaeufig.zip;https://www.umweltkarten-niedersachsen.de/Download_OE/HWSchutz/HWRMRL_Z2_Wassertiefen_HQhaeufig.zip;2026-09-17
Hitzacker;HQhäufig;CRS3035RES100mN3338400E4391400;0.942814;3.0000;karte;https://www.umweltkarten-niedersachsen.de/Download_OE/HWSchutz/HWRMRL_Z2_Risikogebiete_HQhaeufig.zip;https://www.umweltkarten-niedersachsen.de/Download_OE/HWSchutz/HWRMRL_Z2_Wassertiefen_HQhaeufig.zip;2026-09-17
Hitzacker;HQhäufig;CRS3035RES100mN3338400E4391500;0.951242;3.0000;karte;https://www.umweltkarten-niedersachsen.de/Download_OE/HWSchutz/HWRMRL_Z2_Risikogebiete_HQhaeufig.zip;https://www.umweltkarten-niedersachsen.de/Download_OE/HWSchutz/HWRMRL_Z2_Wassertiefen_HQhaeufig.zip;2026-09-17
Hitzacker;HQhäufig;CRS3035RES100mN3338400E4391600;0.996131;3.1061;karte;https://www.umweltkarten-niedersachsen.de/Download_OE/HWSchutz/HWRMRL_Z2_Risikogebiete_HQhaeufig.zip;https://www.umweltkarten-niedersachsen.de/Download_OE/HWSchutz/HWRMRL_Z2_Wassertiefen_HQhaeufig.zip;2026-09-17
Hitzacker;HQhäufig;CRS3035RES100mN3338400E4391700;1.000000;3.7697;karte;https://www.umweltkarten-niedersachsen.de/Download_OE/HWSchutz/HWRMRL_Z2_Risikogebiete_HQhaeufig.zip;https://www.umweltkarten-niedersachsen.de/Download_OE/HWSchutz/HWRMRL_Z2_Wassertiefen_HQhaeufig.zip;2026-09-17
Hitzacker;HQhäufig;CRS3035RES100mN3338400E4391800;1.000000;4.0000;karte;https://www.umweltkarten-niedersachsen.de/Download_OE/HWSchutz/HWRMRL_Z2_Risikogebiete_HQhaeufig.zip;https://www.umweltkarten-niedersachsen.de/Download_OE/HWSchutz/HWRMRL_Z2_Wassertiefen_HQhaeufig.zip;2026-09-17
Hitzacker;HQhäufig;CRS3035RES100mN3338400E4391900;1.000000;4.0000;karte;https://www.umweltkarten-niedersachsen.de/Download_OE/HWSchutz/HWRMRL_Z2_Risikogebiete_HQhaeufig.zip;https://www.umweltkarten-niedersachsen.de/Download_OE/HWSchutz/HWRMRL_Z2_Wassertiefen_HQhaeufig.zip;2026-09-17
Hitzacker;HQhäufig;CRS3035RES100mN3338500E4391200;0.566587;3.5570;karte;https://www.umweltkarten-niedersachsen.de/Download_OE/HWSchutz/HWRMRL_Z2_Risikogebiete_HQhaeufig.zip;https://www.umweltkarten-niedersachsen.de/Download_OE/HWSchutz/HWRMRL_Z2_Wassertiefen_HQhaeufig.zip;2026-09-17
Hitzacker;HQhäufig;CRS3035RES100mN3338500E4391300;1.000000;3.6667;karte;https://www.umweltkarten-niedersachsen.de/Download_OE/HWSchutz/HWRMRL_Z2_Risikogebiete_HQhaeufig.zip;https://www.umweltkarten-niedersachsen.de/Download_OE/HWSchutz/HWRMRL_Z2_Wassertiefen_HQhaeufig.zip;2026-09-17
Hitzacker;HQhäufig;CRS3035RES100mN3338500E4391400;1.000000;3.0000;karte;https://www.umweltkarten-niedersachsen.de/Download_OE/HWSchutz/HWRMRL_Z2_Risikogebiete_HQhaeufig.zip;https://www.umweltkarten-niedersachsen.de/Download_OE/HWSchutz/HWRMRL_Z2_Wassertiefen_HQhaeufig.zip;2026-09-17
Hitzacker;HQhäufig;CRS3035RES100mN3338500E4391500;1.000000;3.1493;karte;https://www.umweltkarten-niedersachsen.de/Download_OE/HWSchutz/HWRMRL_Z2_Risikogebiete_HQhaeufig.zip;https://www.umweltkarten-niedersachsen.de/Download_OE/HWSchutz/HWRMRL_Z2_Wassertiefen_HQhaeufig.zip;2026-09-17
Hitzacker;HQhäufig;CRS3035RES100mN3338500E4391600;1.000000;3.7520;karte;https://www.umweltkarten-niedersachsen.de/Download_OE/HWSchutz/HWRMRL_Z2_Risikogebiete_HQhaeufig.zip;https://www.umweltkarten-niedersachsen.de/Download_OE/HWSchutz/HWRMRL_Z2_Wassertiefen_HQhaeufig.zip;2026-09-17
Hitzacker;HQhäufig;CRS3035RES100mN3338500E4391700;1.000000;4.0000;karte;https://www.umweltkarten-niedersachsen.de/Download_OE/HWSchutz/HWRMRL_Z2_Risikogebiete_HQhaeufig.zip;https://www.umweltkarten-niedersachsen.de/Download_OE/HWSchutz/HWRMRL_Z2_Wassertiefen_HQhaeufig.zip;2026-09-17
Hitzacker;HQhäufig;CRS3035RES100mN3338500E4391800;1.000000;4.0000;karte;https://www.umweltkarten-niedersachsen.de/Download_OE/HWSchutz/HWRMRL_Z2_Risikogebiete_HQhaeufig.zip;https://www.umweltkarten-niedersachsen.de/Download_OE/HWSchutz/HWRMRL_Z2_Wassertiefen_HQhaeufig.zip;2026-09-17
Hitzacker;HQhäufig;CRS3035RES100mN3338600E4391100;0.010091;4.0000;karte;https://www.umweltkarten-niedersachsen.de/Download_OE/HWSchutz/HWRMRL_Z2_Risikogebiete_HQhaeufig.zip;https://www.umweltkarten-niedersachsen.de/Download_OE/HWSchutz/HWRMRL_Z2_Wassertiefen_HQhaeufig.zip;2026-09-17
Hitzacker;HQhäufig;CRS3035RES100mN3338600E4391200;0.916457;3.9812;karte;https://www.umweltkarten-niedersachsen.de/Download_OE/HWSchutz/HWRMRL_Z2_Risikogebiete_HQhaeufig.zip;https://www.umweltkarten-niedersachsen.de/Download_OE/HWSchutz/HWRMRL_Z2_Wassertiefen_HQhaeufig.zip;2026-09-17
Hitzacker;HQhäufig;CRS3035RES100mN3338600E4391300;1.000000;3.0862;karte;https://www.umweltkarten-niedersachsen.de/Download_OE/HWSchutz/HWRMRL_Z2_Risikogebiete_HQhaeufig.zip;https://www.umweltkarten-niedersachsen.de/Download_OE/HWSchutz/HWRMRL_Z2_Wassertiefen_HQhaeufig.zip;2026-09-17
Hitzacker;HQhäufig;CRS3035RES100mN3338600E4391400;1.000000;3.3074;karte;https://www.umweltkarten-niedersachsen.de/Download_OE/HWSchutz/HWRMRL_Z2_Risikogebiete_HQhaeufig.zip;https://www.umweltkarten-niedersachsen.de/Download_OE/HWSchutz/HWRMRL_Z2_Wassertiefen_HQhaeufig.zip;2026-09-17
Hitzacker;HQhäufig;CRS3035RES100mN3338600E4391500;1.000000;3.9086;karte;https://www.umweltkarten-niedersachsen.de/Download_OE/HWSchutz/HWRMRL_Z2_Risikogebiete_HQhaeufig.zip;https://www.umweltkarten-niedersachsen.de/Download_OE/HWSchutz/HWRMRL_Z2_Wassertiefen_HQhaeufig.zip;2026-09-17
Hitzacker;HQhäufig;CRS3035RES100mN3338600E4391600;1.000000;4.0000;karte;https://www.umweltkarten-niedersachsen.de/Download_OE/HWSchutz/HWRMRL_Z2_Risikogebiete_HQhaeufig.zip;https://www.umweltkarten-niedersachsen.de/Download_OE/HWSchutz/HWRMRL_Z2_Wassertiefen_HQhaeufig.zip;2026-09-17
Hitzacker;HQhäufig;CRS3035RES100mN3338700E4391100;0.200473;4.0000;karte;https://www.umweltkarten-niedersachsen.de/Download_OE/HWSchutz/HWRMRL_Z2_Risikogebiete_HQhaeufig.zip;https://www.umweltkarten-niedersachsen.de/Download_OE/HWSchutz/HWRMRL_Z2_Wassertiefen_HQhaeufig.zip;2026-09-17
Hitzacker;HQhäufig;CRS3035RES100mN3338700E4391200;0.987336;3.9178;karte;https://www.umweltkarten-niedersachsen.de/Download_OE/HWSchutz/HWRMRL_Z2_Risikogebiete_HQhaeufig.zip;https://www.umweltkarten-niedersachsen.de/Download_OE/HWSchutz/HWRMRL_Z2_Wassertiefen_HQhaeufig.zip;2026-09-17
Hitzacker;HQhäufig;CRS3035RES100mN3338700E4391300;1.000000;3.0978;karte;https://www.umweltkarten-niedersachsen.de/Download_OE/HWSchutz/HWRMRL_Z2_Risikogebiete_HQhaeufig.zip;https://www.umweltkarten-niedersachsen.de/Download_OE/HWSchutz/HWRMRL_Z2_Wassertiefen_HQhaeufig.zip;2026-09-17
Hitzacker;HQhäufig;CRS3035RES100mN3338700E4391400;1.000000;3.8854;karte;https://www.umweltkarten-niedersachsen.de/Download_OE/HWSchutz/HWRMRL_Z2_Risikogebiete_HQhaeufig.zip;https://www.umweltkarten-niedersachsen.de/Download_OE/HWSchutz/HWRMRL_Z2_Wassertiefen_HQhaeufig.zip;2026-09-17
Hitzacker;HQhäufig;CRS3035RES100mN3338700E4391500;1.000000;4.0000;karte;https://www.umweltkarten-niedersachsen.de/Download_OE/HWSchutz/HWRMRL_Z2_Risikogebiete_HQhaeufig.zip;https://www.umweltkarten-niedersachsen.de/Download_OE/HWSchutz/HWRMRL_Z2_Wassertiefen_HQhaeufig.zip;2026-09-17
Hitzacker;HQhäufig;CRS3035RES100mN3338800E4391000;0.313523;4.0000;karte;https://www.umweltkarten-niedersachsen.de/Download_OE/HWSchutz/HWRMRL_Z2_Risikogebiete_HQhaeufig.zip;https://www.umweltkarten-niedersachsen.de/Download_OE/HWSchutz/HWRMRL_Z2_Wassertiefen_HQhaeufig.zip;2026-09-17
Hitzacker;HQhäufig;CRS3035RES100mN3338800E4391100;0.871213;3.6073;karte;https://www.umweltkarten-niedersachsen.de/Download_OE/HWSchutz/HWRMRL_Z2_Risikogebiete_HQhaeufig.zip;https://www.umweltkarten-niedersachsen.de/Download_OE/HWSchutz/HWRMRL_Z2_Wassertiefen_HQhaeufig.zip;2026-09-17
Hitzacker;HQhäufig;CRS3035RES100mN3338800E4391200;1.000000;3.6363;karte;https://www.umweltkarten-niedersachsen.de/Download_OE/HWSchutz/HWRMRL_Z2_Risikogebiete_HQhaeufig.zip;https://www.umweltkarten-niedersachsen.de/Download_OE/HWSchutz/HWRMRL_Z2_Wassertiefen_HQhaeufig.zip;2026-09-17
Hitzacker;HQhäufig;CRS3035RES100mN3338800E4391300;1.000000;3.9600;karte;https://www.umweltkarten-niedersachsen.de/Download_OE/HWSchutz/HWRMRL_Z2_Risikogebiete_HQhaeufig.zip;https://www.umweltkarten-niedersachsen.de/Download_OE/HWSchutz/HWRMRL_Z2_Wassertiefen_HQhaeufig.zip;2026-09-17
Hitzacker;HQhäufig;CRS3035RES100mN3338800E4391400;1.000000;4.0000;karte;https://www.umweltkarten-niedersachsen.de/Download_OE/HWSchutz/HWRMRL_Z2_Risikogebiete_HQhaeufig.zip;https://www.umweltkarten-niedersachsen.de/Download_OE/HWSchutz/HWRMRL_Z2_Wassertiefen_HQhaeufig.zip;2026-09-17
Hitzacker;HQhäufig;CRS3035RES100mN3338900E4390800;0.056506;3.0020;karte;https://www.umweltkarten-niedersachsen.de/Download_OE/HWSchutz/HWRMRL_Z2_Risikogebiete_HQhaeufig.zip;https://www.umweltkarten-niedersachsen.de/Download_OE/HWSchutz/HWRMRL_Z2_Wassertiefen_HQhaeufig.zip;2026-09-17
Hitzacker;HQhäufig;CRS3035RES100mN3338900E4390900;0.384504;3.7199;karte;https://www.umweltkarten-niedersachsen.de/Download_OE/HWSchutz/HWRMRL_Z2_Risikogebiete_HQhaeufig.zip;https://www.umweltkarten-niedersachsen.de/Download_OE/HWSchutz/HWRMRL_Z2_Wassertiefen_HQhaeufig.zip;2026-09-17
Hitzacker;HQhäufig;CRS3035RES100mN3338900E4391000;0.989502;3.4443;karte;https://www.umweltkarten-niedersachsen.de/Download_OE/HWSchutz/HWRMRL_Z2_Risikogebiete_HQhaeufig.zip;https://www.umweltkarten-niedersachsen.de/Download_OE/HWSchutz/HWRMRL_Z2_Wassertiefen_HQhaeufig.zip;2026-09-17
Hitzacker;HQhäufig;CRS3035RES100mN3338900E4391100;1.000000;3.4998;karte;https://www.umweltkarten-niedersachsen.de/Download_OE/HWSchutz/HWRMRL_Z2_Risikogebiete_HQhaeufig.zip;https://www.umweltkarten-niedersachsen.de/Download_OE/HWSchutz/HWRMRL_Z2_Wassertiefen_HQhaeufig.zip;2026-09-17
Hitzacker;HQhäufig;CRS3035RES100mN3338900E4391200;1.000000;3.9971;karte;https://www.umweltkarten-niedersachsen.de/Download_OE/HWSchutz/HWRMRL_Z2_Risikogebiete_HQhaeufig.zip;https://www.umweltkarten-niedersachsen.de/Download_OE/HWSchutz/HWRMRL_Z2_Wassertiefen_HQhaeufig.zip;2026-09-17
Hitzacker;HQhäufig;CRS3035RES100mN3338900E4391300;1.000000;4.0000;karte;https://www.umweltkarten-niedersachsen.de/Download_OE/HWSchutz/HWRMRL_Z2_Risikogebiete_HQhaeufig.zip;https://www.umweltkarten-niedersachsen.de/Download_OE/HWSchutz/HWRMRL_Z2_Wassertiefen_HQhaeufig.zip;2026-09-17
Hitzacker;HQhäufig;CRS3035RES100mN3339000E4390600;0.225432;3.0730;karte;https://www.umweltkarten-niedersachsen.de/Download_OE/HWSchutz/HWRMRL_Z2_Risikogebiete_HQhaeufig.zip;https://www.umweltkarten-niedersachsen.de/Download_OE/HWSchutz/HWRMRL_Z2_Wassertiefen_HQhaeufig.zip;2026-09-17
Hitzacker;HQhäufig;CRS3035RES100mN3339000E4390700;0.625127;3.8276;karte;https://www.umweltkarten-niedersachsen.de/Download_OE/HWSchutz/HWRMRL_Z2_Risikogebiete_HQhaeufig.zip;https://www.umweltkarten-niedersachsen.de/Download_OE/HWSchutz/HWRMRL_Z2_Wassertiefen_HQhaeufig.zip;2026-09-17
Hitzacker;HQhäufig;CRS3035RES100mN3339000E4390800;0.950209;3.7988;karte;https://www.umweltkarten-niedersachsen.de/Download_OE/HWSchutz/HWRMRL_Z2_Risikogebiete_HQhaeufig.zip;https://www.umweltkarten-niedersachsen.de/Download_OE/HWSchutz/HWRMRL_Z2_Wassertiefen_HQhaeufig.zip;2026-09-17
Hitzacker;HQhäufig;CRS3035RES100mN3339000E4390900;1.000000;3.6269;karte;https://www.umweltkarten-niedersachsen.de/Download_OE/HWSchutz/HWRMRL_Z2_Risikogebiete_HQhaeufig.zip;https://www.umweltkarten-niedersachsen.de/Download_OE/HWSchutz/HWRMRL_Z2_Wassertiefen_HQhaeufig.zip;2026-09-17
Hitzacker;HQhäufig;CRS3035RES100mN3339000E4391000;1.000000;3.6166;karte;https://www.umweltkarten-niedersachsen.de/Download_OE/HWSchutz/HWRMRL_Z2_Risikogebiete_HQhaeufig.zip;https://www.umweltkarten-niedersachsen.de/Download_OE/HWSchutz/HWRMRL_Z2_Wassertiefen_HQhaeufig.zip;2026-09-17
Hitzacker;HQhäufig;CRS3035RES100mN3339000E4391100;1.000000;4.0000;karte;https://www.umweltkarten-niedersachsen.de/Download_OE/HWSchutz/HWRMRL_Z2_Risikogebiete_HQhaeufig.zip;https://www.umweltkarten-niedersachsen.de/Download_OE/HWSchutz/HWRMRL_Z2_Wassertiefen_HQhaeufig.zip;2026-09-17
Hitzacker;HQhäufig;CRS3035RES100mN3339000E4391200;1.000000;4.0000;karte;https://www.umweltkarten-niedersachsen.de/Download_OE/HWSchutz/HWRMRL_Z2_Risikogebiete_HQhaeufig.zip;https://www.umweltkarten-niedersachsen.de/Download_OE/HWSchutz/HWRMRL_Z2_Wassertiefen_HQhaeufig.zip;2026-09-17
Hitzacker;HQhäufig;CRS3035RES100mN3339100E4390500;0.396884;3.9116;karte;https://www.umweltkarten-niedersachsen.de/Download_OE/HWSchutz/HWRMRL_Z2_Risikogebiete_HQhaeufig.zip;https://www.umweltkarten-niedersachsen.de/Download_OE/HWSchutz/HWRMRL_Z2_Wassertiefen_HQhaeufig.zip;2026-09-17
Hitzacker;HQhäufig;CRS3035RES100mN3339100E4390600;0.980065;3.8365;karte;https://www.umweltkarten-niedersachsen.de/Download_OE/HWSchutz/HWRMRL_Z2_Risikogebiete_HQhaeufig.zip;https://www.umweltkarten-niedersachsen.de/Download_OE/HWSchutz/HWRMRL_Z2_Wassertiefen_HQhaeufig.zip;2026-09-17
Hitzacker;HQhäufig;CRS3035RES100mN3339100E4390700;1.000000;3.3799;karte;https://www.umweltkarten-niedersachsen.de/Download_OE/HWSchutz/HWRMRL_Z2_Risikogebiete_HQhaeufig.zip;https://www.umweltkarten-niedersachsen.de/Download_OE/HWSchutz/HWRMRL_Z2_Wassertiefen_HQhaeufig.zip;2026-09-17
Hitzacker;HQhäufig;CRS3035RES100mN3339100E4390800;1.000000;3.5411;karte;https://www.umweltkarten-niedersachsen.de/Download_OE/HWSchutz/HWRMRL_Z2_Risikogebiete_HQhaeufig.zip;https://www.umweltkarten-niedersachsen.de/Download_OE/HWSchutz/HWRMRL_Z2_Wassertiefen_HQhaeufig.zip;2026-09-17
Hitzacker;HQhäufig;CRS3035RES100mN3339100E4390900;1.000000;3.8743;karte;https://www.umweltkarten-niedersachsen.de/Download_OE/HWSchutz/HWRMRL_Z2_Risikogebiete_HQhaeufig.zip;https://www.umweltkarten-niedersachsen.de/Download_OE/HWSchutz/HWRMRL_Z2_Wassertiefen_HQhaeufig.zip;2026-09-17
Hitzacker;HQhäufig;CRS3035RES100mN3339100E4391000;1.000000;4.0000;karte;https://www.umweltkarten-niedersachsen.de/Download_OE/HWSchutz/HWRMRL_Z2_Risikogebiete_HQhaeufig.zip;https://www.umweltkarten-niedersachsen.de/Download_OE/HWSchutz/HWRMRL_Z2_Wassertiefen_HQhaeufig.zip;2026-09-17
Hitzacker;HQhäufig;CRS3035RES100mN3339100E4391100;1.000000;4.0000;karte;https://www.umweltkarten-niedersachsen.de/Download_OE/HWSchutz/HWRMRL_Z2_Risikogebiete_HQhaeufig.zip;https://www.umweltkarten-niedersachsen.de/Download_OE/HWSchutz/HWRMRL_Z2_Wassertiefen_HQhaeufig.zip;2026-09-17
Hitzacker;HQhäufig;CRS3035RES100mN3339200E4390300;0.074518;1.4477;karte;https://www.umweltkarten-niedersachsen.de/Download_OE/HWSchutz/HWRMRL_Z2_Risikogebiete_HQhaeufig.zip;https://www.umweltkarten-niedersachsen.de/Download_OE/HWSchutz/HWRMRL_Z2_Wassertiefen_HQhaeufig.zip;2026-09-17
Hitzacker;HQhäufig;CRS3035RES100mN3339200E4390400;0.631044;3.5774;karte;https://www.umweltkarten-niedersachsen.de/Download_OE/HWSchutz/HWRMRL_Z2_Risikogebiete_HQhaeufig.zip;https://www.umweltkarten-niedersachsen.de/Download_OE/HWSchutz/HWRMRL_Z2_Wassertiefen_HQhaeufig.zip;2026-09-17
Hitzacker;HQhäufig;CRS3035RES100mN3339200E4390500;0.999207;3.7079;karte;https://www.umweltkarten-niedersachsen.de/Download_OE/HWSchutz/HWRMRL_Z2_Risikogebiete_HQhaeufig.zip;https://www.umweltkarten-niedersachsen.de/Download_OE/HWSchutz/HWRMRL_Z2_Wassertiefen_HQhaeufig.zip;2026-09-17
Hitzacker;HQhäufig;CRS3035RES100mN3339200E4390600;1.000000;3.2463;karte;https://www.umweltkarten-niedersachsen.de/Download_OE/HWSchutz/HWRMRL_Z2_Risikogebiete_HQhaeufig.zip;https://www.umweltkarten-niedersachsen.de/Download_OE/HWSchutz/HWRMRL_Z2_Wassertiefen_HQhaeufig.zip;2026-09-17
Hitzacker;HQhäufig;CRS3035RES100mN3339200E4390700;1.000000;3.1430;karte;https://www.umweltkarten-niedersachsen.de/Download_OE/HWSchutz/HWRMRL_Z2_Risikogebiete_HQhaeufig.zip;https://www.umweltkarten-niedersachsen.de/Download_OE/HWSchutz/HWRMRL_Z2_Wassertiefen_HQhaeufig.zip;2026-09-17
Hitzacker;HQhäufig;CRS3035RES100mN3339200E4390800;1.000000;3.8598;karte;https://www.umweltkarten-niedersachsen.de/Download_OE/HWSchutz/HWRMRL_Z2_Risikogebiete_HQhaeufig.zip;https://www.umweltkarten-niedersachsen.de/Download_OE/HWSchutz/HWRMRL_Z2_Wassertiefen_HQhaeufig.zip;2026-09-17
Hitzacker;HQhäufig;CRS3035RES100mN3339200E4390900;1.000000;4.0000;karte;https://www.umweltkarten-niedersachsen.de/Download_OE/HWSchutz/HWRMRL_Z2_Risikogebiete_HQhaeufig.zip;https://www.umweltkarten-niedersachsen.de/Download_OE/HWSchutz/HWRMRL_Z2_Wassertiefen_HQhaeufig.zip;2026-09-17
Hitzacker;HQhäufig;CRS3035RES100mN3339200E4391000;1.000000;4.0000;karte;https://www.umweltkarten-niedersachsen.de/Download_OE/HWSchutz/HWRMRL_Z2_Risikogebiete_HQhaeufig.zip;https://www.umweltkarten-niedersachsen.de/Download_OE/HWSchutz/HWRMRL_Z2_Wassertiefen_HQhaeufig.zip;2026-09-17
Hitzacker;HQhäufig;CRS3035RES100mN3339300E4390200;0.020170;3.1979;karte;https://www.umweltkarten-niedersachsen.de/Download_OE/HWSchutz/HWRMRL_Z2_Risikogebiete_HQhaeufig.zip;https://www.umweltkarten-niedersachsen.de/Download_OE/HWSchutz/HWRMRL_Z2_Wassertiefen_HQhaeufig.zip;2026-09-17
Hitzacker;HQhäufig;CRS3035RES100mN3339300E4390300;0.669099;3.8378;karte;https://www.umweltkarten-niedersachsen.de/Download_OE/HWSchutz/HWRMRL_Z2_Risikogebiete_HQhaeufig.zip;https://www.umweltkarten-niedersachsen.de/Download_OE/HWSchutz/HWRMRL_Z2_Wassertiefen_HQhaeufig.zip;2026-09-17
Hitzacker;HQhäufig;CRS3035RES100mN3339300E4390400;1.000000;3.8923;karte;https://www.umweltkarten-niedersachsen.de/Download_OE/HWSchutz/HWRMRL_Z2_Risikogebiete_HQhaeufig.zip;https://www.umweltkarten-niedersachsen.de/Download_OE/HWSchutz/HWRMRL_Z2_Wassertiefen_HQhaeufig.zip;2026-09-17
Hitzacker;HQhäufig;CRS3035RES100mN3339300E4390500;1.000000;3.6455;karte;https://www.umweltkarten-niedersachsen.de/Download_OE/HWSchutz/HWRMRL_Z2_Risikogebiete_HQhaeufig.zip;https://www.umweltkarten-niedersachsen.de/Download_OE/HWSchutz/HWRMRL_Z2_Wassertiefen_HQhaeufig.zip;2026-09-17
Hitzacker;HQhäufig;CRS3035RES100mN3339300E4390600;1.000000;3.1399;karte;https://www.umweltkarten-niedersachsen.de/Download_OE/HWSchutz/HWRMRL_Z2_Risikogebiete_HQhaeufig.zip;https://www.umweltkarten-niedersachsen.de/Download_OE/HWSchutz/HWRMRL_Z2_Wassertiefen_HQhaeufig.zip;2026-09-17
Hitzacker;HQhäufig;CRS3035RES100mN3339300E4390700;1.000000;3.6798;karte;https://www.umweltkarten-niedersachsen.de/Download_OE/HWSchutz/HWRMRL_Z2_Risikogebiete_HQhaeufig.zip;https://www.umweltkarten-niedersachsen.de/Download_OE/HWSchutz/HWRMRL_Z2_Wassertiefen_HQhaeufig.zip;2026-09-17
Hitzacker;HQhäufig;CRS3035RES100mN3339300E4390800;1.000000;4.0000;karte;https://www.umweltkarten-niedersachsen.de/Download_OE/HWSchutz/HWRMRL_Z2_Risikogebiete_HQhaeufig.zip;https://www.umweltkarten-niedersachsen.de/Download_OE/HWSchutz/HWRMRL_Z2_Wassertiefen_HQhaeufig.zip;2026-09-17
Hitzacker;HQhäufig;CRS3035RES100mN3339400E4390200;0.414429;3.7881;karte;https://www.umweltkarten-niedersachsen.de/Download_OE/HWSchutz/HWRMRL_Z2_Risikogebiete_HQhaeufig.zip;https://www.umweltkarten-niedersachsen.de/Download_OE/HWSchutz/HWRMRL_Z2_Wassertiefen_HQhaeufig.zip;2026-09-17
Hitzacker;HQhäufig;CRS3035RES100mN3339400E4390300;1.000000;3.9130;karte;https://www.umweltkarten-niedersachsen.de/Download_OE/HWSchutz/HWRMRL_Z2_Risikogebiete_HQhaeufig.zip;https://www.umweltkarten-niedersachsen.de/Download_OE/HWSchutz/HWRMRL_Z2_Wassertiefen_HQhaeufig.zip;2026-09-17
Hitzacker;HQhäufig;CRS3035RES100mN3339400E4390400;1.000000;3.0818;karte;https://www.umweltkarten-niedersachsen.de/Download_OE/HWSchutz/HWRMRL_Z2_Risikogebiete_HQhaeufig.zip;https://www.umweltkarten-niedersachsen.de/Download_OE/HWSchutz/HWRMRL_Z2_Wassertiefen_HQhaeufig.zip;2026-09-17
Hitzacker;HQhäufig;CRS3035RES100mN3339400E4390500;1.000000;3.3002;karte;https://www.umweltkarten-niedersachsen.de/Download_OE/HWSchutz/HWRMRL_Z2_Risikogebiete_HQhaeufig.zip;https://www.umweltkarten-niedersachsen.de/Download_OE/HWSchutz/HWRMRL_Z2_Wassertiefen_HQhaeufig.zip;2026-09-17
Hitzacker;HQhäufig;CRS3035RES100mN3339400E4390600;1.000000;3.7830;karte;https://www.umweltkarten-niedersachsen.de/Download_OE/HWSchutz/HWRMRL_Z2_Risikogebiete_HQhaeufig.zip;https://www.umweltkarten-niedersachsen.de/Download_OE/HWSchutz/HWRMRL_Z2_Wassertiefen_HQhaeufig.zip;2026-09-17
Hitzacker;HQhäufig;CRS3035RES100mN3339400E4390700;1.000000;4.0000;karte;https://www.umweltkarten-niedersachsen.de/Download_OE/HWSchutz/HWRMRL_Z2_Risikogebiete_HQhaeufig.zip;https://www.umweltkarten-niedersachsen.de/Download_OE/HWSchutz/HWRMRL_Z2_Wassertiefen_HQhaeufig.zip;2026-09-17
Hitzacker;HQhäufig;CRS3035RES100mN3339500E4390100;0.107968;3.7675;karte;https://www.umweltkarten-niedersachsen.de/Download_OE/HWSchutz/HWRMRL_Z2_Risikogebiete_HQhaeufig.zip;https://www.umweltkarten-niedersachsen.de/Download_OE/HWSchutz/HWRMRL_Z2_Wassertiefen_HQhaeufig.zip;2026-09-17
Hitzacker;HQhäufig;CRS3035RES100mN3339500E4390200;0.953274;3.8590;karte;https://www.umweltkarten-niedersachsen.de/Download_OE/HWSchutz/HWRMRL_Z2_Risikogebiete_HQhaeufig.zip;https://www.umweltkarten-niedersachsen.de/Download_OE/HWSchutz/HWRMRL_Z2_Wassertiefen_HQhaeufig.zip;2026-09-17
Hitzacker;HQhäufig;CRS3035RES100mN3339500E4390300;1.000000;3.1222;karte;https://www.umweltkarten-niedersachsen.de/Download_OE/HWSchutz/HWRMRL_Z2_Risikogebiete_HQhaeufig.zip;https://www.umweltkarten-niedersachsen.de/Download_OE/HWSchutz/HWRMRL_Z2_Wassertiefen_HQhaeufig.zip;2026-09-17
Hitzacker;HQhäufig;CRS3035RES100mN3339500E4390400;1.000000;3.5269;karte;https://www.umweltkarten-niedersachsen.de/Download_OE/HWSchutz/HWRMRL_Z2_Risikogebiete_HQhaeufig.zip;https://www.umweltkarten-niedersachsen.de/Download_OE/HWSchutz/HWRMRL_Z2_Wassertiefen_HQhaeufig.zip;2026-09-17
Hitzacker;HQhäufig;CRS3035RES100mN3339500E4390500;1.000000;3.9585;karte;https://www.umweltkarten-niedersachsen.de/Download_OE/HWSchutz/HWRMRL_Z2_Risikogebiete_HQhaeufig.zip;https://www.umweltkarten-niedersachsen.de/Download_OE/HWSchutz/HWRMRL_Z2_Wassertiefen_HQhaeufig.zip;2026-09-17
Hitzacker;HQhäufig;CRS3035RES100mN3339500E4390600;1.000000;4.0000;karte;https://www.umweltkarten-niedersachsen.de/Download_OE/HWSchutz/HWRMRL_Z2_Risikogebiete_HQhaeufig.zip;https://www.umweltkarten-niedersachsen.de/Download_OE/HWSchutz/HWRMRL_Z2_Wassertiefen_HQhaeufig.zip;2026-09-17
Hitzacker;HQhäufig;CRS3035RES100mN3339600E4390000;0.024955;4.0000;karte;https://www.umweltkarten-niedersachsen.de/Download_OE/HWSchutz/HWRMRL_Z2_Risikogebiete_HQhaeufig.zip;https://www.umweltkarten-niedersachsen.de/Download_OE/HWSchutz/HWRMRL_Z2_Wassertiefen_HQhaeufig.zip;2026-09-17
Hitzacker;HQhäufig;CRS3035RES100mN3339600E4390100;0.816084;3.8141;karte;https://www.umweltkarten-niedersachsen.de/Download_OE/HWSchutz/HWRMRL_Z2_Risikogebiete_HQhaeufig.zip;https://www.umweltkarten-niedersachsen.de/Download_OE/HWSchutz/HWRMRL_Z2_Wassertiefen_HQhaeufig.zip;2026-09-17
Hitzacker;HQhäufig;CRS3035RES100mN3339600E4390200;1.000000;3.4814;karte;https://www.umweltkarten-niedersachsen.de/Download_OE/HWSchutz/HWRMRL_Z2_Risikogebiete_HQhaeufig.zip;https://www.umweltkarten-niedersachsen.de/Download_OE/HWSchutz/HWRMRL_Z2_Wassertiefen_HQhaeufig.zip;2026-09-17
Hitzacker;HQhäufig;CRS3035RES100mN3339600E4390300;1.000000;3.3849;karte;https://www.umweltkarten-niedersachsen.de/Download_OE/HWSchutz/HWRMRL_Z2_Risikogebiete_HQhaeufig.zip;https://www.umweltkarten-niedersachsen.de/Download_OE/HWSchutz/HWRMRL_Z2_Wassertiefen_HQhaeufig.zip;2026-09-17
Hitzacker;HQhäufig;CRS3035RES100mN3339600E4390400;1.000000;3.9838;karte;https://www.umweltkarten-niedersachsen.de/Download_OE/HWSchutz/HWRMRL_Z2_Risikogebiete_HQhaeufig.zip;https://www.umweltkarten-niedersachsen.de/Download_OE/HWSchutz/HWRMRL_Z2_Wassertiefen_HQhaeufig.zip;2026-09-17
Hitzacker;HQhäufig;CRS3035RES100mN3339600E4390500;1.000000;4.0000;karte;https://www.umweltkarten-niedersachsen.de/Download_OE/HWSchutz/HWRMRL_Z2_Risikogebiete_HQhaeufig.zip;https://www.umweltkarten-niedersachsen.de/Download_OE/HWSchutz/HWRMRL_Z2_Wassertiefen_HQhaeufig.zip;2026-09-17
Hitzacker;HQhäufig;CRS3035RES100mN3339700E4389900;0.001229;3.0000;karte;https://www.umweltkarten-niedersachsen.de/Download_OE/HWSchutz/HWRMRL_Z2_Risikogebiete_HQhaeufig.zip;https://www.umweltkarten-niedersachsen.de/Download_OE/HWSchutz/HWRMRL_Z2_Wassertiefen_HQhaeufig.zip;2026-09-17
Hitzacker;HQhäufig;CRS3035RES100mN3339700E4390000;0.719050;3.2426;karte;https://www.umweltkarten-niedersachsen.de/Download_OE/HWSchutz/HWRMRL_Z2_Risikogebiete_HQhaeufig.zip;https://www.umweltkarten-niedersachsen.de/Download_OE/HWSchutz/HWRMRL_Z2_Wassertiefen_HQhaeufig.zip;2026-09-17
Hitzacker;HQhäufig;CRS3035RES100mN3339700E4390100;1.000000;3.8038;karte;https://www.umweltkarten-niedersachsen.de/Download_OE/HWSchutz/HWRMRL_Z2_Risikogebiete_HQhaeufig.zip;https://www.umweltkarten-niedersachsen.de/Download_OE/HWSchutz/HWRMRL_Z2_Wassertiefen_HQhaeufig.zip;2026-09-17
Hitzacker;HQhäufig;CRS3035RES100mN3339700E4390200;1.000000;3.7150;karte;https://www.umweltkarten-niedersachsen.de/Download_OE/HWSchutz/HWRMRL_Z2_Risikogebiete_HQhaeufig.zip;https://www.umweltkarten-niedersachsen.de/Download_OE/HWSchutz/HWRMRL_Z2_Wassertiefen_HQhaeufig.zip;2026-09-17
Hitzacker;HQhäufig;CRS3035RES100mN3339700E4390300;1.000000;3.9975;karte;https://www.umweltkarten-niedersachsen.de/Download_OE/HWSchutz/HWRMRL_Z2_Risikogebiete_HQhaeufig.zip;https://www.umweltkarten-niedersachsen.de/Download_OE/HWSchutz/HWRMRL_Z2_Wassertiefen_HQhaeufig.zip;2026-09-17
Hitzacker;HQhäufig;CRS3035RES100mN3339700E4390400;1.000000;4.0000;karte;https://www.umweltkarten-niedersachsen.de/Download_OE/HWSchutz/HWRMRL_Z2_Risikogebiete_HQhaeufig.zip;https://www.umweltkarten-niedersachsen.de/Download_OE/HWSchutz/HWRMRL_Z2_Wassertiefen_HQhaeufig.zip;2026-09-17
Hitzacker;HQhäufig;CRS3035RES100mN3339800E4389800;0.001707;3.0000;karte;https://www.umweltkarten-niedersachsen.de/Download_OE/HWSchutz/HWRMRL_Z2_Risikogebiete_HQhaeufig.zip;https://www.umweltkarten-niedersachsen.de/Download_OE/HWSchutz/HWRMRL_Z2_Wassertiefen_HQhaeufig.zip;2026-09-17
Hitzacker;HQhäufig;CRS3035RES100mN3339800E4389900;0.525004;3.1351;karte;https://www.umweltkarten-niedersachsen.de/Download_OE/HWSchutz/HWRMRL_Z2_Risikogebiete_HQhaeufig.zip;https://www.umweltkarten-niedersachsen.de/Download_OE/HWSchutz/HWRMRL_Z2_Wassertiefen_HQhaeufig.zip;2026-09-17
Hitzacker;HQhäufig;CRS3035RES100mN3339800E4390000;0.999998;3.5474;karte;https://www.umweltkarten-niedersachsen.de/Download_OE/HWSchutz/HWRMRL_Z2_Risikogebiete_HQhaeufig.zip;https://www.umweltkarten-niedersachsen.de/Download_OE/HWSchutz/HWRMRL_Z2_Wassertiefen_HQhaeufig.zip;2026-09-17
Hitzacker;HQhäufig;CRS3035RES100mN3339800E4390100;1.000000;3.9947;karte;https://www.umweltkarten-niedersachsen.de/Download_OE/HWSchutz/HWRMRL_Z2_Risikogebiete_HQhaeufig.zip;https://www.umweltkarten-niedersachsen.de/Download_OE/HWSchutz/HWRMRL_Z2_Wassertiefen_HQhaeufig.zip;2026-09-17
Hitzacker;HQhäufig;CRS3035RES100mN3339800E4390200;1.000000;4.0000;karte;https://www.umweltkarten-niedersachsen.de/Download_OE/HWSchutz/HWRMRL_Z2_Risikogebiete_HQhaeufig.zip;https://www.umweltkarten-niedersachsen.de/Download_OE/HWSchutz/HWRMRL_Z2_Wassertiefen_HQhaeufig.zip;2026-09-17
Hitzacker;HQhäufig;CRS3035RES100mN3339800E4390300;1.000000;4.0000;karte;https://www.umweltkarten-niedersachsen.de/Download_OE/HWSchutz/HWRMRL_Z2_Risikogebiete_HQhaeufig.zip;https://www.umweltkarten-niedersachsen.de/Download_OE/HWSchutz/HWRMRL_Z2_Wassertiefen_HQhaeufig.zip;2026-09-17
Hitzacker;HQhäufig;CRS3035RES100mN3339900E4389700;0.188297;2.2218;karte;https://www.umweltkarten-niedersachsen.de/Download_OE/HWSchutz/HWRMRL_Z2_Risikogebiete_HQhaeufig.zip;https://www.umweltkarten-niedersachsen.de/Download_OE/HWSchutz/HWRMRL_Z2_Wassertiefen_HQhaeufig.zip;2026-09-17
Hitzacker;HQhäufig;CRS3035RES100mN3339900E4389800;0.770660;3.0853;karte;https://www.umweltkarten-niedersachsen.de/Download_OE/HWSchutz/HWRMRL_Z2_Risikogebiete_HQhaeufig.zip;https://www.umweltkarten-niedersachsen.de/Download_OE/HWSchutz/HWRMRL_Z2_Wassertiefen_HQhaeufig.zip;2026-09-17
Hitzacker;HQhäufig;CRS3035RES100mN3339900E4389900;1.000000;3.5197;karte;https://www.umweltkarten-niedersachsen.de/Download_OE/HWSchutz/HWRMRL_Z2_Risikogebiete_HQhaeufig.zip;https://www.umweltkarten-niedersachsen.de/Download_OE/HWSchutz/HWRMRL_Z2_Wassertiefen_HQhaeufig.zip;2026-09-17
Hitzacker;HQhäufig;CRS3035RES100mN3339900E4390000;1.000000;4.0000;karte;https://www.umweltkarten-niedersachsen.de/Download_OE/HWSchutz/HWRMRL_Z2_Risikogebiete_HQhaeufig.zip;https://www.umweltkarten-niedersachsen.de/Download_OE/HWSchutz/HWRMRL_Z2_Wassertiefen_HQhaeufig.zip;2026-09-17
Hitzacker;HQhäufig;CRS3035RES100mN3339900E4390100;1.000000;4.0000;karte;https://www.umweltkarten-niedersachsen.de/Download_OE/HWSchutz/HWRMRL_Z2_Risikogebiete_HQhaeufig.zip;https://www.umweltkarten-niedersachsen.de/Download_OE/HWSchutz/HWRMRL_Z2_Wassertiefen_HQhaeufig.zip;2026-09-17
Hitzacker;HQhäufig;CRS3035RES100mN3339900E4390200;1.000000;4.0000;karte;https://www.umweltkarten-niedersachsen.de/Download_OE/HWSchutz/HWRMRL_Z2_Risikogebiete_HQhaeufig.zip;https://www.umweltkarten-niedersachsen.de/Download_OE/HWSchutz/HWRMRL_Z2_Wassertiefen_HQhaeufig.zip;2026-09-17
Hitzacker;HQhäufig;CRS3035RES100mN3340000E4389600;0.247099;3.0652;karte;https://www.umweltkarten-niedersachsen.de/Download_OE/HWSchutz/HWRMRL_Z2_Risikogebiete_HQhaeufig.zip;https://www.umweltkarten-niedersachsen.de/Download_OE/HWSchutz/HWRMRL_Z2_Wassertiefen_HQhaeufig.zip;2026-09-17
Hitzacker;HQhäufig;CRS3035RES100mN3340000E4389700;0.958008;3.0452;karte;https://www.umweltkarten-niedersachsen.de/Download_OE/HWSchutz/HWRMRL_Z2_Risikogebiete_HQhaeufig.zip;https://www.umweltkarten-niedersachsen.de/Download_OE/HWSchutz/HWRMRL_Z2_Wassertiefen_HQhaeufig.zip;2026-09-17
Hitzacker;HQhäufig;CRS3035RES100mN3340000E4389800;1.000000;3.7376;karte;https://www.umweltkarten-niedersachsen.de/Download_OE/HWSchutz/HWRMRL_Z2_Risikogebiete_HQhaeufig.zip;https://www.umweltkarten-niedersachsen.de/Download_OE/HWSchutz/HWRMRL_Z2_Wassertiefen_HQhaeufig.zip;2026-09-17
Hitzacker;HQhäufig;CRS3035RES100mN3340000E4389900;1.000000;4.0000;karte;https://www.umweltkarten-niedersachsen.de/Download_OE/HWSchutz/HWRMRL_Z2_Risikogebiete_HQhaeufig.zip;https://www.umweltkarten-niedersachsen.de/Download_OE/HWSchutz/HWRMRL_Z2_Wassertiefen_HQhaeufig.zip;2026-09-17
Hitzacker;HQhäufig;CRS3035RES100mN3340000E4390000;1.000000;4.0000;karte;https://www.umweltkarten-niedersachsen.de/Download_OE/HWSchutz/HWRMRL_Z2_Risikogebiete_HQhaeufig.zip;https://www.umweltkarten-niedersachsen.de/Download_OE/HWSchutz/HWRMRL_Z2_Wassertiefen_HQhaeufig.zip;2026-09-17
Hitzacker;HQhäufig;CRS3035RES100mN3340100E4389500;0.217353;3.2243;karte;https://www.umweltkarten-niedersachsen.de/Download_OE/HWSchutz/HWRMRL_Z2_Risikogebiete_HQhaeufig.zip;https://www.umweltkarten-niedersachsen.de/Download_OE/HWSchutz/HWRMRL_Z2_Wassertiefen_HQhaeufig.zip;2026-09-17
Hitzacker;HQhäufig;CRS3035RES100mN3340100E4389600;0.952419;3.8440;karte;https://www.umweltkarten-niedersachsen.de/Download_OE/HWSchutz/HWRMRL_Z2_Risikogebiete_HQhaeufig.zip;https://www.umweltkarten-niedersachsen.de/Download_OE/HWSchutz/HWRMRL_Z2_Wassertiefen_HQhaeufig.zip;2026-09-17
Hitzacker;HQhäufig;CRS3035RES100mN3340100E4389700;1.000000;3.7858;karte;https://www.umweltkarten-niedersachsen.de/Download_OE/HWSchutz/HWRMRL_Z2_Risikogebiete_HQhaeufig.zip;https://www.umweltkarten-niedersachsen.de/Download_OE/HWSchutz/HWRMRL_Z2_Wassertiefen_HQhaeufig.zip;2026-09-17
Hitzacker;HQhäufig;CRS3035RES100mN3340100E4389800;1.000000;4.0000;karte;https://www.umweltkarten-niedersachsen.de/Download_OE/HWSchutz/HWRMRL_Z2_Risikogebiete_HQhaeufig.zip;https://www.umweltkarten-niedersachsen.de/Download_OE/HWSchutz/HWRMRL_Z2_Wassertiefen_HQhaeufig.zip;2026-09-17
Hitzacker;HQhäufig;CRS3035RES100mN3340100E4389900;1.000000;4.0000;karte;https://www.umweltkarten-niedersachsen.de/Download_OE/HWSchutz/HWRMRL_Z2_Risikogebiete_HQhaeufig.zip;https://www.umweltkarten-niedersachsen.de/Download_OE/HWSchutz/HWRMRL_Z2_Wassertiefen_HQhaeufig.zip;2026-09-17
Hitzacker;HQhäufig;CRS3035RES100mN3340200E4389400;0.260483;2.2899;karte;https://www.umweltkarten-niedersachsen.de/Download_OE/HWSchutz/HWRMRL_Z2_Risikogebiete_HQhaeufig.zip;https://www.umweltkarten-niedersachsen.de/Download_OE/HWSchutz/HWRMRL_Z2_Wassertiefen_HQhaeufig.zip;2026-09-17
Hitzacker;HQhäufig;CRS3035RES100mN3340200E4389500;0.927385;3.9052;karte;https://www.umweltkarten-niedersachsen.de/Download_OE/HWSchutz/HWRMRL_Z2_Risikogebiete_HQhaeufig.zip;https://www.umweltkarten-niedersachsen.de/Download_OE/HWSchutz/HWRMRL_Z2_Wassertiefen_HQhaeufig.zip;2026-09-17
Hitzacker;HQhäufig;CRS3035RES100mN3340200E4389600;1.000000;4.0000;karte;https://www.umweltkarten-niedersachsen.de/Download_OE/HWSchutz/HWRMRL_Z2_Risikogebiete_HQhaeufig.zip;https://www.umweltkarten-niedersachsen.de/Download_OE/HWSchutz/HWRMRL_Z2_Wassertiefen_HQhaeufig.zip;2026-09-17
Hitzacker;HQhäufig;CRS3035RES100mN3340200E4389700;1.000000;4.0000;karte;https://www.umweltkarten-niedersachsen.de/Download_OE/HWSchutz/HWRMRL_Z2_Risikogebiete_HQhaeufig.zip;https://www.umweltkarten-niedersachsen.de/Download_OE/HWSchutz/HWRMRL_Z2_Wassertiefen_HQhaeufig.zip;2026-09-17
Hitzacker;HQhäufig;CRS3035RES100mN3340200E4389800;1.000000;4.0000;karte;https://www.umweltkarten-niedersachsen.de/Download_OE/HWSchutz/HWRMRL_Z2_Risikogebiete_HQhaeufig.zip;https://www.umweltkarten-niedersachsen.de/Download_OE/HWSchutz/HWRMRL_Z2_Wassertiefen_HQhaeufig.zip;2026-09-17
Hitzacker;HQhäufig;CRS3035RES100mN3340300E4389300;0.011924;1.5000;karte;https://www.umweltkarten-niedersachsen.de/Download_OE/HWSchutz/HWRMRL_Z2_Risikogebiete_HQhaeufig.zip;https://www.umweltkarten-niedersachsen.de/Download_OE/HWSchutz/HWRMRL_Z2_Wassertiefen_HQhaeufig.zip;2026-09-17
Hitzacker;HQhäufig;CRS3035RES100mN3340300E4389400;0.929908;2.8974;karte;https://www.umweltkarten-niedersachsen.de/Download_OE/HWSchutz/HWRMRL_Z2_Risikogebiete_HQhaeufig.zip;https://www.umweltkarten-niedersachsen.de/Download_OE/HWSchutz/HWRMRL_Z2_Wassertiefen_HQhaeufig.zip;2026-09-17
Hitzacker;HQhäufig;CRS3035RES100mN3340300E4389500;1.000000;3.9999;karte;https://www.umweltkarten-niedersachsen.de/Download_OE/HWSchutz/HWRMRL_Z2_Risikogebiete_HQhaeufig.zip;https://www.umweltkarten-niedersachsen.de/Download_OE/HWSchutz/HWRMRL_Z2_Wassertiefen_HQhaeufig.zip;2026-09-17
Hitzacker;HQhäufig;CRS3035RES100mN3340300E4389600;1.000000;4.0000;karte;https://www.umweltkarten-niedersachsen.de/Download_OE/HWSchutz/HWRMRL_Z2_Risikogebiete_HQhaeufig.zip;https://www.umweltkarten-niedersachsen.de/Download_OE/HWSchutz/HWRMRL_Z2_Wassertiefen_HQhaeufig.zip;2026-09-17
Hitzacker;HQhäufig;CRS3035RES100mN3340300E4389700;1.000000;4.0000;karte;https://www.umweltkarten-niedersachsen.de/Download_OE/HWSchutz/HWRMRL_Z2_Risikogebiete_HQhaeufig.zip;https://www.umweltkarten-niedersachsen.de/Download_OE/HWSchutz/HWRMRL_Z2_Wassertiefen_HQhaeufig.zip;2026-09-17
Hitzacker;HQhäufig;CRS3035RES100mN3340400E4389300;0.181394;3.1443;karte;https://www.umweltkarten-niedersachsen.de/Download_OE/HWSchutz/HWRMRL_Z2_Risikogebiete_HQhaeufig.zip;https://www.umweltkarten-niedersachsen.de/Download_OE/HWSchutz/HWRMRL_Z2_Wassertiefen_HQhaeufig.zip;2026-09-17
Hitzacker;HQhäufig;CRS3035RES100mN3340400E4389400;0.993319;3.7723;karte;https://www.umweltkarten-niedersachsen.de/Download_OE/HWSchutz/HWRMRL_Z2_Risikogebiete_HQhaeufig.zip;https://www.umweltkarten-niedersachsen.de/Download_OE/HWSchutz/HWRMRL_Z2_Wassertiefen_HQhaeufig.zip;2026-09-17
Hitzacker;HQhäufig;CRS3035RES100mN3340400E4389500;1.000000;4.0000;karte;https://www.umweltkarten-niedersachsen.de/Download_OE/HWSchutz/HWRMRL_Z2_Risikogebiete_HQhaeufig.zip;https://www.umweltkarten-niedersachsen.de/Download_OE/HWSchutz/HWRMRL_Z2_Wassertiefen_HQhaeufig.zip;2026-09-17
Hitzacker;HQhäufig;CRS3035RES100mN3340400E4389600;1.000000;4.0000;karte;https://www.umweltkarten-niedersachsen.de/Download_OE/HWSchutz/HWRMRL_Z2_Risikogebiete_HQhaeufig.zip;https://www.umweltkarten-niedersachsen.de/Download_OE/HWSchutz/HWRMRL_Z2_Wassertiefen_HQhaeufig.zip;2026-09-17
Hitzacker;HQhäufig;CRS3035RES100mN3340500E4389300;0.625737;3.6386;karte;https://www.umweltkarten-niedersachsen.de/Download_OE/HWSchutz/HWRMRL_Z2_Risikogebiete_HQhaeufig.zip;https://www.umweltkarten-niedersachsen.de/Download_OE/HWSchutz/HWRMRL_Z2_Wassertiefen_HQhaeufig.zip;2026-09-17
Hitzacker;HQhäufig;CRS3035RES100mN3340500E4389400;1.000000;4.0000;karte;https://www.umweltkarten-niedersachsen.de/Download_OE/HWSchutz/HWRMRL_Z2_Risikogebiete_HQhaeufig.zip;https://www.umweltkarten-niedersachsen.de/Download_OE/HWSchutz/HWRMRL_Z2_Wassertiefen_HQhaeufig.zip;2026-09-17
Hitzacker;HQhäufig;CRS3035RES100mN3340500E4389500;1.000000;4.0000;karte;https://www.umweltkarten-niedersachsen.de/Download_OE/HWSchutz/HWRMRL_Z2_Risikogebiete_HQhaeufig.zip;https://www.umweltkarten-niedersachsen.de/Download_OE/HWSchutz/HWRMRL_Z2_Wassertiefen_HQhaeufig.zip;2026-09-17
Hitzacker;HQhäufig;CRS3035RES100mN3340600E4389200;0.096937;3.1103;karte;https://www.umweltkarten-niedersachsen.de/Download_OE/HWSchutz/HWRMRL_Z2_Risikogebiete_HQhaeufig.zip;https://www.umweltkarten-niedersachsen.de/Download_OE/HWSchutz/HWRMRL_Z2_Wassertiefen_HQhaeufig.zip;2026-09-17
Hitzacker;HQhäufig;CRS3035RES100mN3340600E4389300;0.958026;3.9273;karte;https://www.umweltkarten-niedersachsen.de/Download_OE/HWSchutz/HWRMRL_Z2_Risikogebiete_HQhaeufig.zip;https://www.umweltkarten-niedersachsen.de/Download_OE/HWSchutz/HWRMRL_Z2_Wassertiefen_HQhaeufig.zip;2026-09-17
Hitzacker;HQhäufig;CRS3035RES100mN3340600E4389400;1.000000;4.0000;karte;https://www.umweltkarten-niedersachsen.de/Download_OE/HWSchutz/HWRMRL_Z2_Risikogebiete_HQhaeufig.zip;https://www.umweltkarten-niedersachsen.de/Download_OE/HWSchutz/HWRMRL_Z2_Wassertiefen_HQhaeufig.zip;2026-09-17
Hitzacker;HQhäufig;CRS3035RES100mN3340600E4389500;1.000000;4.0000;karte;https://www.umweltkarten-niedersachsen.de/Download_OE/HWSchutz/HWRMRL_Z2_Risikogebiete_HQhaeufig.zip;https://www.umweltkarten-niedersachsen.de/Download_OE/HWSchutz/HWRMRL_Z2_Wassertiefen_HQhaeufig.zip;2026-09-17
Hitzacker;HQhäufig;CRS3035RES100mN3340700E4389100;0.000004;3.0000;karte;https://www.umweltkarten-niedersachsen.de/Download_OE/HWSchutz/HWRMRL_Z2_Risikogebiete_HQhaeufig.zip;https://www.umweltkarten-niedersachsen.de/Download_OE/HWSchutz/HWRMRL_Z2_Wassertiefen_HQhaeufig.zip;2026-09-17
Hitzacker;HQhäufig;CRS3035RES100mN3340700E4389200;0.710872;3.5260;karte;https://www.umweltkarten-niedersachsen.de/Download_OE/HWSchutz/HWRMRL_Z2_Risikogebiete_HQhaeufig.zip;https://www.umweltkarten-niedersachsen.de/Download_OE/HWSchutz/HWRMRL_Z2_Wassertiefen_HQhaeufig.zip;2026-09-17
Hitzacker;HQhäufig;CRS3035RES100mN3340700E4389300;1.000000;4.0000;karte;https://www.umweltkarten-niedersachsen.de/Download_OE/HWSchutz/HWRMRL_Z2_Risikogebiete_HQhaeufig.zip;https://www.umweltkarten-niedersachsen.de/Download_OE/HWSchutz/HWRMRL_Z2_Wassertiefen_HQhaeufig.zip;2026-09-17
Hitzacker;HQhäufig;CRS3035RES100mN3340700E4389400;1.000000;4.0000;karte;https://www.umweltkarten-niedersachsen.de/Download_OE/HWSchutz/HWRMRL_Z2_Risikogebiete_HQhaeufig.zip;https://www.umweltkarten-niedersachsen.de/Download_OE/HWSchutz/HWRMRL_Z2_Wassertiefen_HQhaeufig.zip;2026-09-17
Hitzacker;HQhäufig;CRS3035RES100mN3340800E4389000;0.008300;3.0000;karte;https://www.umweltkarten-niedersachsen.de/Download_OE/HWSchutz/HWRMRL_Z2_Risikogebiete_HQhaeufig.zip;https://www.umweltkarten-niedersachsen.de/Download_OE/HWSchutz/HWRMRL_Z2_Wassertiefen_HQhaeufig.zip;2026-09-17
Hitzacker;HQhäufig;CRS3035RES100mN3340800E4389100;0.546750;3.2167;karte;https://www.umweltkarten-niedersachsen.de/Download_OE/HWSchutz/HWRMRL_Z2_Risikogebiete_HQhaeufig.zip;https://www.umweltkarten-niedersachsen.de/Download_OE/HWSchutz/HWRMRL_Z2_Wassertiefen_HQhaeufig.zip;2026-09-17
Hitzacker;HQhäufig;CRS3035RES100mN3340800E4389200;1.000000;3.9100;karte;https://www.umweltkarten-niedersachsen.de/Download_OE/HWSchutz/HWRMRL_Z2_Risikogebiete_HQhaeufig.zip;https://www.umweltkarten-niedersachsen.de/Download_OE/HWSchutz/HWRMRL_Z2_Wassertiefen_HQhaeufig.zip;2026-09-17
Hitzacker;HQhäufig;CRS3035RES100mN3340800E4389300;1.000000;4.0000;karte;https://www.umweltkarten-niedersachsen.de/Download_OE/HWSchutz/HWRMRL_Z2_Risikogebiete_HQhaeufig.zip;https://www.umweltkarten-niedersachsen.de/Download_OE/HWSchutz/HWRMRL_Z2_Wassertiefen_HQhaeufig.zip;2026-09-17
Hitzacker;HQhäufig;CRS3035RES100mN3340900E4388900;0.034508;3.0000;karte;https://www.umweltkarten-niedersachsen.de/Download_OE/HWSchutz/HWRMRL_Z2_Risikogebiete_HQhaeufig.zip;https://www.umweltkarten-niedersachsen.de/Download_OE/HWSchutz/HWRMRL_Z2_Wassertiefen_HQhaeufig.zip;2026-09-17
Hitzacker;HQhäufig;CRS3035RES100mN3340900E4389000;0.637511;3.0360;karte;https://www.umweltkarten-niedersachsen.de/Download_OE/HWSchutz/HWRMRL_Z2_Risikogebiete_HQhaeufig.zip;https://www.umweltkarten-niedersachsen.de/Download_OE/HWSchutz/HWRMRL_Z2_Wassertiefen_HQhaeufig.zip;2026-09-17
Hitzacker;HQhäufig;CRS3035RES100mN3340900E4389100;1.000000;3.5807;karte;https://www.umweltkarten-niedersachsen.de/Download_OE/HWSchutz/HWRMRL_Z2_Risikogebiete_HQhaeufig.zip;https://www.umweltkarten-niedersachsen.de/Download_OE/HWSchutz/HWRMRL_Z2_Wassertiefen_HQhaeufig.zip;2026-09-17
Hitzacker;HQhäufig;CRS3035RES100mN3340900E4389200;1.000000;4.0000;karte;https://www.umweltkarten-niedersachsen.de/Download_OE/HWSchutz/HWRMRL_Z2_Risikogebiete_HQhaeufig.zip;https://www.umweltkarten-niedersachsen.de/Download_OE/HWSchutz/HWRMRL_Z2_Wassertiefen_HQhaeufig.zip;2026-09-17
Hitzacker;HQhäufig;CRS3035RES100mN3340900E4389300;1.000000;4.0000;karte;https://www.umweltkarten-niedersachsen.de/Download_OE/HWSchutz/HWRMRL_Z2_Risikogebiete_HQhaeufig.zip;https://www.umweltkarten-niedersachsen.de/Download_OE/HWSchutz/HWRMRL_Z2_Wassertiefen_HQhaeufig.zip;2026-09-17
Hitzacker;HQhäufig;CRS3035RES100mN3341000E4388700;0.004620;3.0000;karte;https://www.umweltkarten-niedersachsen.de/Download_OE/HWSchutz/HWRMRL_Z2_Risikogebiete_HQhaeufig.zip;https://www.umweltkarten-niedersachsen.de/Download_OE/HWSchutz/HWRMRL_Z2_Wassertiefen_HQhaeufig.zip;2026-09-17
Hitzacker;HQhäufig;CRS3035RES100mN3341000E4388800;0.371443;2.2891;karte;https://www.umweltkarten-niedersachsen.de/Download_OE/HWSchutz/HWRMRL_Z2_Risikogebiete_HQhaeufig.zip;https://www.umweltkarten-niedersachsen.de/Download_OE/HWSchutz/HWRMRL_Z2_Wassertiefen_HQhaeufig.zip;2026-09-17
Hitzacker;HQhäufig;CRS3035RES100mN3341000E4388900;0.838489;3.1480;karte;https://www.umweltkarten-niedersachsen.de/Download_OE/HWSchutz/HWRMRL_Z2_Risikogebiete_HQhaeufig.zip;https://www.umweltkarten-niedersachsen.de/Download_OE/HWSchutz/HWRMRL_Z2_Wassertiefen_HQhaeufig.zip;2026-09-17
Hitzacker;HQhäufig;CRS3035RES100mN3341000E4389000;1.000000;3.5134;karte;https://www.umweltkarten-niedersachsen.de/Download_OE/HWSchutz/HWRMRL_Z2_Risikogebiete_HQhaeufig.zip;https://www.umweltkarten-niedersachsen.de/Download_OE/HWSchutz/HWRMRL_Z2_Wassertiefen_HQhaeufig.zip;2026-09-17
Hitzacker;HQhäufig;CRS3035RES100mN3341000E4389100;1.000000;4.0000;karte;https://www.umweltkarten-niedersachsen.de/Download_OE/HWSchutz/HWRMRL_Z2_Risikogebiete_HQhaeufig.zip;https://www.umweltkarten-niedersachsen.de/Download_OE/HWSchutz/HWRMRL_Z2_Wassertiefen_HQhaeufig.zip;2026-09-17
Hitzacker;HQhäufig;CRS3035RES100mN3341000E4389200;1.000000;4.0000;karte;https://www.umweltkarten-niedersachsen.de/Download_OE/HWSchutz/HWRMRL_Z2_Risikogebiete_HQhaeufig.zip;https://www.umweltkarten-niedersachsen.de/Download_OE/HWSchutz/HWRMRL_Z2_Wassertiefen_HQhaeufig.zip;2026-09-17
Hitzacker;HQhäufig;CRS3035RES100mN3341100E4388600;0.285551;3.0000;karte;https://www.umweltkarten-niedersachsen.de/Download_OE/HWSchutz/HWRMRL_Z2_Risikogebiete_HQhaeufig.zip;https://www.umweltkarten-niedersachsen.de/Download_OE/HWSchutz/HWRMRL_Z2_Wassertiefen_HQhaeufig.zip;2026-09-17
Hitzacker;HQhäufig;CRS3035RES100mN3341100E4388700;0.772048;2.7823;karte;https://www.umweltkarten-niedersachsen.de/Download_OE/HWSchutz/HWRMRL_Z2_Risikogebiete_HQhaeufig.zip;https://www.umweltkarten-niedersachsen.de/Download_OE/HWSchutz/HWRMRL_Z2_Wassertiefen_HQhaeufig.zip;2026-09-17
Hitzacker;HQhäufig;CRS3035RES100mN3341100E4388800;0.997937;3.1881;karte;https://www.umweltkarten-niedersachsen.de/Download_OE/HWSchutz/HWRMRL_Z2_Risikogebiete_HQhaeufig.zip;https://www.umweltkarten-niedersachsen.de/Download_OE/HWSchutz/HWRMRL_Z2_Wassertiefen_HQhaeufig.zip;2026-09-17
Hitzacker;HQhäufig;CRS3035RES100mN3341100E4388900;1.000000;3.6926;karte;https://www.umweltkarten-niedersachsen.de/Download_OE/HWSchutz/HWRMRL_Z2_Risikogebiete_HQhaeufig.zip;https://www.umweltkarten-niedersachsen.de/Download_OE/HWSchutz/HWRMRL_Z2_Wassertiefen_HQhaeufig.zip;2026-09-17
Hitzacker;HQhäufig;CRS3035RES100mN3341100E4389000;1.000000;3.9459;karte;https://www.umweltkarten-niedersachsen.de/Download_OE/HWSchutz/HWRMRL_Z2_Risikogebiete_HQhaeufig.zip;https://www.umweltkarten-niedersachsen.de/Download_OE/HWSchutz/HWRMRL_Z2_Wassertiefen_HQhaeufig.zip;2026-09-17
Hitzacker;HQhäufig;CRS3035RES100mN3341100E4389100;1.000000;4.0000;karte;https://www.umweltkarten-niedersachsen.de/Download_OE/HWSchutz/HWRMRL_Z2_Risikogebiete_HQhaeufig.zip;https://www.umweltkarten-niedersachsen.de/Download_OE/HWSchutz/HWRMRL_Z2_Wassertiefen_HQhaeufig.zip;2026-09-17
Hitzacker;HQhäufig;CRS3035RES100mN3341200E4388500;0.406561;3.0000;karte;https://www.umweltkarten-niedersachsen.de/Download_OE/HWSchutz/HWRMRL_Z2_Risikogebiete_HQhaeufig.zip;https://www.umweltkarten-niedersachsen.de/Download_OE/HWSchutz/HWRMRL_Z2_Wassertiefen_HQhaeufig.zip;2026-09-17
Hitzacker;HQhäufig;CRS3035RES100mN3341200E4388600;0.996886;2.2802;karte;https://www.umweltkarten-niedersachsen.de/Download_OE/HWSchutz/HWRMRL_Z2_Risikogebiete_HQhaeufig.zip;https://www.umweltkarten-niedersachsen.de/Download_OE/HWSchutz/HWRMRL_Z2_Wassertiefen_HQhaeufig.zip;2026-09-17
Hitzacker;HQhäufig;CRS3035RES100mN3341200E4388700;1.000000;2.1187;karte;https://www.umweltkarten-niedersachsen.de/Download_OE/HWSchutz/HWRMRL_Z2_Risikogebiete_HQhaeufig.zip;https://www.umweltkarten-niedersachsen.de/Download_OE/HWSchutz/HWRMRL_Z2_Wassertiefen_HQhaeufig.zip;2026-09-17
Hitzacker;HQhäufig;CRS3035RES100mN3341200E4388800;1.000000;3.8249;karte;https://www.umweltkarten-niedersachsen.de/Download_OE/HWSchutz/HWRMRL_Z2_Risikogebiete_HQhaeufig.zip;https://www.umweltkarten-niedersachsen.de/Download_OE/HWSchutz/HWRMRL_Z2_Wassertiefen_HQhaeufig.zip;2026-09-17
Hitzacker;HQhäufig;CRS3035RES100mN3341200E4388900;1.000000;3.8134;karte;https://www.umweltkarten-niedersachsen.de/Download_OE/HWSchutz/HWRMRL_Z2_Risikogebiete_HQhaeufig.zip;https://www.umweltkarten-niedersachsen.de/Download_OE/HWSchutz/HWRMRL_Z2_Wassertiefen_HQhaeufig.zip;2026-09-17
Hitzacker;HQhäufig;CRS3035RES100mN3341200E4389000;1.000000;4.0000;karte;https://www.umweltkarten-niedersachsen.de/Download_OE/HWSchutz/HWRMRL_Z2_Risikogebiete_HQhaeufig.zip;https://www.umweltkarten-niedersachsen.de/Download_OE/HWSchutz/HWRMRL_Z2_Wassertiefen_HQhaeufig.zip;2026-09-17
Hitzacker;HQhäufig;CRS3035RES100mN3341200E4389100;1.000000;4.0000;karte;https://www.umweltkarten-niedersachsen.de/Download_OE/HWSchutz/HWRMRL_Z2_Risikogebiete_HQhaeufig.zip;https://www.umweltkarten-niedersachsen.de/Download_OE/HWSchutz/HWRMRL_Z2_Wassertiefen_HQhaeufig.zip;2026-09-17
Hitzacker;HQhäufig;CRS3035RES100mN3341300E4388200;0.004922;2.6921;karte;https://www.umweltkarten-niedersachsen.de/Download_OE/HWSchutz/HWRMRL_Z2_Risikogebiete_HQhaeufig.zip;https://www.umweltkarten-niedersachsen.de/Download_OE/HWSchutz/HWRMRL_Z2_Wassertiefen_HQhaeufig.zip;2026-09-17
Hitzacker;HQhäufig;CRS3035RES100mN3341300E4388300;0.216699;2.6843;karte;https://www.umweltkarten-niedersachsen.de/Download_OE/HWSchutz/HWRMRL_Z2_Risikogebiete_HQhaeufig.zip;https://www.umweltkarten-niedersachsen.de/Download_OE/HWSchutz/HWRMRL_Z2_Wassertiefen_HQhaeufig.zip;2026-09-17
Hitzacker;HQhäufig;CRS3035RES100mN3341300E4388400;0.583695;2.9934;karte;https://www.umweltkarten-niedersachsen.de/Download_OE/HWSchutz/HWRMRL_Z2_Risikogebiete_HQhaeufig.zip;https://www.umweltkarten-niedersachsen.de/Download_OE/HWSchutz/HWRMRL_Z2_Wassertiefen_HQhaeufig.zip;2026-09-17
Hitzacker;HQhäufig;CRS3035RES100mN3341300E4388500;0.993476;2.4127;karte;https://www.umweltkarten-niedersachsen.de/Download_OE/HWSchutz/HWRMRL_Z2_Risikogebiete_HQhaeufig.zip;https://www.umweltkarten-niedersachsen.de/Download_OE/HWSchutz/HWRMRL_Z2_Wassertiefen_HQhaeufig.zip;2026-09-17
Hitzacker;HQhäufig;CRS3035RES100mN3341300E4388600;1.000000;1.5303;karte;https://www.umweltkarten-niedersachsen.de/Download_OE/HWSchutz/HWRMRL_Z2_Risikogebiete_HQhaeufig.zip;https://www.umweltkarten-niedersachsen.de/Download_OE/HWSchutz/HWRMRL_Z2_Wassertiefen_HQhaeufig.zip;2026-09-17
Hitzacker;HQhäufig;CRS3035RES100mN3341300E4388700;1.000000;3.2928;karte;https://www.umweltkarten-niedersachsen.de/Download_OE/HWSchutz/HWRMRL_Z2_Risikogebiete_HQhaeufig.zip;https://www.umweltkarten-niedersachsen.de/Download_OE/HWSchutz/HWRMRL_Z2_Wassertiefen_HQhaeufig.zip;2026-09-17
Hitzacker;HQhäufig;CRS3035RES100mN3341300E4388800;1.000000;3.8496;karte;https://www.umweltkarten-niedersachsen.de/Download_OE/HWSchutz/HWRMRL_Z2_Risikogebiete_HQhaeufig.zip;https://www.umweltkarten-niedersachsen.de/Download_OE/HWSchutz/HWRMRL_Z2_Wassertiefen_HQhaeufig.zip;2026-09-17
Hitzacker;HQhäufig;CRS3035RES100mN3341300E4388900;1.000000;4.0000;karte;https://www.umweltkarten-niedersachsen.de/Download_OE/HWSchutz/HWRMRL_Z2_Risikogebiete_HQhaeufig.zip;https://www.umweltkarten-niedersachsen.de/Download_OE/HWSchutz/HWRMRL_Z2_Wassertiefen_HQhaeufig.zip;2026-09-17
Hitzacker;HQhäufig;CRS3035RES100mN3341300E4389000;1.000000;4.0000;karte;https://www.umweltkarten-niedersachsen.de/Download_OE/HWSchutz/HWRMRL_Z2_Risikogebiete_HQhaeufig.zip;https://www.umweltkarten-niedersachsen.de/Download_OE/HWSchutz/HWRMRL_Z2_Wassertiefen_HQhaeufig.zip;2026-09-17
Hitzacker;HQhäufig;CRS3035RES100mN3341400E4387900;0.000031;3.0000;karte;https://www.umweltkarten-niedersachsen.de/Download_OE/HWSchutz/HWRMRL_Z2_Risikogebiete_HQhaeufig.zip;https://www.umweltkarten-niedersachsen.de/Download_OE/HWSchutz/HWRMRL_Z2_Wassertiefen_HQhaeufig.zip;2026-09-17
Hitzacker;HQhäufig;CRS3035RES100mN3341400E4388000;0.207667;2.2782;karte;https://www.umweltkarten-niedersachsen.de/Download_OE/HWSchutz/HWRMRL_Z2_Risikogebiete_HQhaeufig.zip;https://www.umweltkarten-niedersachsen.de/Download_OE/HWSchutz/HWRMRL_Z2_Wassertiefen_HQhaeufig.zip;2026-09-17
Hitzacker;HQhäufig;CRS3035RES100mN3341400E4388100;0.601966;2.8767;karte;https://www.umweltkarten-niedersachsen.de/Download_OE/HWSchutz/HWRMRL_Z2_Risikogebiete_HQhaeufig.zip;https://www.umweltkarten-niedersachsen.de/Download_OE/HWSchutz/HWRMRL_Z2_Wassertiefen_HQhaeufig.zip;2026-09-17
Hitzacker;HQhäufig;CRS3035RES100mN3341400E4388200;0.916873;2.9190;karte;https://www.umweltkarten-niedersachsen.de/Download_OE/HWSchutz/HWRMRL_Z2_Risikogebiete_HQhaeufig.zip;https://www.umweltkarten-niedersachsen.de/Download_OE/HWSchutz/HWRMRL_Z2_Wassertiefen_HQhaeufig.zip;2026-09-17
Hitzacker;HQhäufig;CRS3035RES100mN3341400E4388300;1.000000;2.9943;karte;https://www.umweltkarten-niedersachsen.de/Download_OE/HWSchutz/HWRMRL_Z2_Risikogebiete_HQhaeufig.zip;https://www.umweltkarten-niedersachsen.de/Download_OE/HWSchutz/HWRMRL_Z2_Wassertiefen_HQhaeufig.zip;2026-09-17
Hitzacker;HQhäufig;CRS3035RES100mN3341400E4388400;1.000000;3.1567;karte;https://www.umweltkarten-niedersachsen.de/Download_OE/HWSchutz/HWRMRL_Z2_Risikogebiete_HQhaeufig.zip;https://www.umweltkarten-niedersachsen.de/Download_OE/HWSchutz/HWRMRL_Z2_Wassertiefen_HQhaeufig.zip;2026-09-17
Hitzacker;HQhäufig;CRS3035RES100mN3341400E4388500;1.000000;1.6953;karte;https://www.umweltkarten-niedersachsen.de/Download_OE/HWSchutz/HWRMRL_Z2_Risikogebiete_HQhaeufig.zip;https://www.umweltkarten-niedersachsen.de/Download_OE/HWSchutz/HWRMRL_Z2_Wassertiefen_HQhaeufig.zip;2026-09-17
Hitzacker;HQhäufig;CRS3035RES100mN3341400E4388600;1.000000;2.4265;karte;https://www.umweltkarten-niedersachsen.de/Download_OE/HWSchutz/HWRMRL_Z2_Risikogebiete_HQhaeufig.zip;https://www.umweltkarten-niedersachsen.de/Download_OE/HWSchutz/HWRMRL_Z2_Wassertiefen_HQhaeufig.zip;2026-09-17
Hitzacker;HQhäufig;CRS3035RES100mN3341400E4388700;1.000000;3.7870;karte;https://www.umweltkarten-niedersachsen.de/Download_OE/HWSchutz/HWRMRL_Z2_Risikogebiete_HQhaeufig.zip;https://www.umweltkarten-niedersachsen.de/Download_OE/HWSchutz/HWRMRL_Z2_Wassertiefen_HQhaeufig.zip;2026-09-17
Hitzacker;HQhäufig;CRS3035RES100mN3341400E4388800;1.000000;4.0000;karte;https://www.umweltkarten-niedersachsen.de/Download_OE/HWSchutz/HWRMRL_Z2_Risikogebiete_HQhaeufig.zip;https://www.umweltkarten-niedersachsen.de/Download_OE/HWSchutz/HWRMRL_Z2_Wassertiefen_HQhaeufig.zip;2026-09-17
Hitzacker;HQhäufig;CRS3035RES100mN3341400E4388900;1.000000;4.0000;karte;https://www.umweltkarten-niedersachsen.de/Download_OE/HWSchutz/HWRMRL_Z2_Risikogebiete_HQhaeufig.zip;https://www.umweltkarten-niedersachsen.de/Download_OE/HWSchutz/HWRMRL_Z2_Wassertiefen_HQhaeufig.zip;2026-09-17
Hitzacker;HQhäufig;CRS3035RES100mN3341500E4387600;0.012109;0.7500;karte;https://www.umweltkarten-niedersachsen.de/Download_OE/HWSchutz/HWRMRL_Z2_Risikogebiete_HQhaeufig.zip;https://www.umweltkarten-niedersachsen.de/Download_OE/HWSchutz/HWRMRL_Z2_Wassertiefen_HQhaeufig.zip;2026-09-17
Hitzacker;HQhäufig;CRS3035RES100mN3341500E4387700;0.130378;2.4832;karte;https://www.umweltkarten-niedersachsen.de/Download_OE/HWSchutz/HWRMRL_Z2_Risikogebiete_HQhaeufig.zip;https://www.umweltkarten-niedersachsen.de/Download_OE/HWSchutz/HWRMRL_Z2_Wassertiefen_HQhaeufig.zip;2026-09-17
Hitzacker;HQhäufig;CRS3035RES100mN3341500E4387800;0.349745;3.0000;karte;https://www.umweltkarten-niedersachsen.de/Download_OE/HWSchutz/HWRMRL_Z2_Risikogebiete_HQhaeufig.zip;https://www.umweltkarten-niedersachsen.de/Download_OE/HWSchutz/HWRMRL_Z2_Wassertiefen_HQhaeufig.zip;2026-09-17
Hitzacker;HQhäufig;CRS3035RES100mN3341500E4387900;0.735906;3.0000;karte;https://www.umweltkarten-niedersachsen.de/Download_OE/HWSchutz/HWRMRL_Z2_Risikogebiete_HQhaeufig.zip;https://www.umweltkarten-niedersachsen.de/Download_OE/HWSchutz/HWRMRL_Z2_Wassertiefen_HQhaeufig.zip;2026-09-17
Hitzacker;HQhäufig;CRS3035RES100mN3341500E4388000;0.999896;3.0368;karte;https://www.umweltkarten-niedersachsen.de/Download_OE/HWSchutz/HWRMRL_Z2_Risikogebiete_HQhaeufig.zip;https://www.umweltkarten-niedersachsen.de/Download_OE/HWSchutz/HWRMRL_Z2_Wassertiefen_HQhaeufig.zip;2026-09-17
Hitzacker;HQhäufig;CRS3035RES100mN3341500E4388100;1.000000;3.3282;karte;https://www.umweltkarten-niedersachsen.de/Download_OE/HWSchutz/HWRMRL_Z2_Risikogebiete_HQhaeufig.zip;https://www.umweltkarten-niedersachsen.de/Download_OE/HWSchutz/HWRMRL_Z2_Wassertiefen_HQhaeufig.zip;2026-09-17
Hitzacker;HQhäufig;CRS3035RES100mN3341500E4388200;1.000000;3.3499;karte;https://www.umweltkarten-niedersachsen.de/Download_OE/HWSchutz/HWRMRL_Z2_Risikogebiete_HQhaeufig.zip;https://www.umweltkarten-niedersachsen.de/Download_OE/HWSchutz/HWRMRL_Z2_Wassertiefen_HQhaeufig.zip;2026-09-17
Hitzacker;HQhäufig;CRS3035RES100mN3341500E4388300;1.000000;3.0407;karte;https://www.umweltkarten-niedersachsen.de/Download_OE/HWSchutz/HWRMRL_Z2_Risikogebiete_HQhaeufig.zip;https://www.umweltkarten-niedersachsen.de/Download_OE/HWSchutz/HWRMRL_Z2_Wassertiefen_HQhaeufig.zip;2026-09-17
Hitzacker;HQhäufig;CRS3035RES100mN3341500E4388400;1.000000;3.0255;karte;https://www.umweltkarten-niedersachsen.de/Download_OE/HWSchutz/HWRMRL_Z2_Risikogebiete_HQhaeufig.zip;https://www.umweltkarten-niedersachsen.de/Download_OE/HWSchutz/HWRMRL_Z2_Wassertiefen_HQhaeufig.zip;2026-09-17
Hitzacker;HQhäufig;CRS3035RES100mN3341500E4388500;1.000000;2.0329;karte;https://www.umweltkarten-niedersachsen.de/Download_OE/HWSchutz/HWRMRL_Z2_Risikogebiete_HQhaeufig.zip;https://www.umweltkarten-niedersachsen.de/Download_OE/HWSchutz/HWRMRL_Z2_Wassertiefen_HQhaeufig.zip;2026-09-17
Hitzacker;HQhäufig;CRS3035RES100mN3341500E4388600;1.000000;3.5277;karte;https://www.umweltkarten-niedersachsen.de/Download_OE/HWSchutz/HWRMRL_Z2_Risikogebiete_HQhaeufig.zip;https://www.umweltkarten-niedersachsen.de/Download_OE/HWSchutz/HWRMRL_Z2_Wassertiefen_HQhaeufig.zip;2026-09-17
Hitzacker;HQhäufig;CRS3035RES100mN3341500E4388700;1.000000;3.9838;karte;https://www.umweltkarten-niedersachsen.de/Download_OE/HWSchutz/HWRMRL_Z2_Risikogebiete_HQhaeufig.zip;https://www.umweltkarten-niedersachsen.de/Download_OE/HWSchutz/HWRMRL_Z2_Wassertiefen_HQhaeufig.zip;2026-09-17
Hitzacker;HQhäufig;CRS3035RES100mN3341500E4388800;1.000000;4.0000;karte;https://www.umweltkarten-niedersachsen.de/Download_OE/HWSchutz/HWRMRL_Z2_Risikogebiete_HQhaeufig.zip;https://www.umweltkarten-niedersachsen.de/Download_OE/HWSchutz/HWRMRL_Z2_Wassertiefen_HQhaeufig.zip;2026-09-17
Hitzacker;HQhäufig;CRS3035RES100mN3341500E4388900;1.000000;4.0000;karte;https://www.umweltkarten-niedersachsen.de/Download_OE/HWSchutz/HWRMRL_Z2_Risikogebiete_HQhaeufig.zip;https://www.umweltkarten-niedersachsen.de/Download_OE/HWSchutz/HWRMRL_Z2_Wassertiefen_HQhaeufig.zip;2026-09-17
Hitzacker;HQhäufig;CRS3035RES100mN3341600E4387500;0.205275;2.5726;karte;https://www.umweltkarten-niedersachsen.de/Download_OE/HWSchutz/HWRMRL_Z2_Risikogebiete_HQhaeufig.zip;https://www.umweltkarten-niedersachsen.de/Download_OE/HWSchutz/HWRMRL_Z2_Wassertiefen_HQhaeufig.zip;2026-09-17
Hitzacker;HQhäufig;CRS3035RES100mN3341600E4387600;0.811695;2.5733;karte;https://www.umweltkarten-niedersachsen.de/Download_OE/HWSchutz/HWRMRL_Z2_Risikogebiete_HQhaeufig.zip;https://www.umweltkarten-niedersachsen.de/Download_OE/HWSchutz/HWRMRL_Z2_Wassertiefen_HQhaeufig.zip;2026-09-17
Hitzacker;HQhäufig;CRS3035RES100mN3341600E4387700;0.998924;2.9931;karte;https://www.umweltkarten-niedersachsen.de/Download_OE/HWSchutz/HWRMRL_Z2_Risikogebiete_HQhaeufig.zip;https://www.umweltkarten-niedersachsen.de/Download_OE/HWSchutz/HWRMRL_Z2_Wassertiefen_HQhaeufig.zip;2026-09-17
Hitzacker;HQhäufig;CRS3035RES100mN3341600E4387800;1.000000;3.0000;karte;https://www.umweltkarten-niedersachsen.de/Download_OE/HWSchutz/HWRMRL_Z2_Risikogebiete_HQhaeufig.zip;https://www.umweltkarten-niedersachsen.de/Download_OE/HWSchutz/HWRMRL_Z2_Wassertiefen_HQhaeufig.zip;2026-09-17
Hitzacker;HQhäufig;CRS3035RES100mN3341600E4387900;1.000000;3.4234;karte;https://www.umweltkarten-niedersachsen.de/Download_OE/HWSchutz/HWRMRL_Z2_Risikogebiete_HQhaeufig.zip;https://www.umweltkarten-niedersachsen.de/Download_OE/HWSchutz/HWRMRL_Z2_Wassertiefen_HQhaeufig.zip;2026-09-17
Hitzacker;HQhäufig;CRS3035RES100mN3341600E4388000;1.000000;3.7420;karte;https://www.umweltkarten-niedersachsen.de/Download_OE/HWSchutz/HWRMRL_Z2_Risikogebiete_HQhaeufig.zip;https://www.umweltkarten-niedersachsen.de/Download_OE/HWSchutz/HWRMRL_Z2_Wassertiefen_HQhaeufig.zip;2026-09-17
Hitzacker;HQhäufig;CRS3035RES100mN3341600E4388100;1.000000;3.3738;karte;https://www.umweltkarten-niedersachsen.de/Download_OE/HWSchutz/HWRMRL_Z2_Risikogebiete_HQhaeufig.zip;https://www.umweltkarten-niedersachsen.de/Download_OE/HWSchutz/HWRMRL_Z2_Wassertiefen_HQhaeufig.zip;2026-09-17
Hitzacker;HQhäufig;CRS3035RES100mN3341600E4388200;1.000000;3.0372;karte;https://www.umweltkarten-niedersachsen.de/Download_OE/HWSchutz/HWRMRL_Z2_Risikogebiete_HQhaeufig.zip;https://www.umweltkarten-niedersachsen.de/Download_OE/HWSchutz/HWRMRL_Z2_Wassertiefen_HQhaeufig.zip;2026-09-17
Hitzacker;HQhäufig;CRS3035RES100mN3341600E4388300;1.000000;3.0000;karte;https://www.umweltkarten-niedersachsen.de/Download_OE/HWSchutz/HWRMRL_Z2_Risikogebiete_HQhaeufig.zip;https://www.umweltkarten-niedersachsen.de/Download_OE/HWSchutz/HWRMRL_Z2_Wassertiefen_HQhaeufig.zip;2026-09-17
Hitzacker;HQhäufig;CRS3035RES100mN3341600E4388400;1.000000;2.7535;karte;https://www.umweltkarten-niedersachsen.de/Download_OE/HWSchutz/HWRMRL_Z2_Risikogebiete_HQhaeufig.zip;https://www.umweltkarten-niedersachsen.de/Download_OE/HWSchutz/HWRMRL_Z2_Wassertiefen_HQhaeufig.zip;2026-09-17
Hitzacker;HQhäufig;CRS3035RES100mN3341600E4388500;1.000000;3.0542;karte;https://www.umweltkarten-niedersachsen.de/Download_OE/HWSchutz/HWRMRL_Z2_Risikogebiete_HQhaeufig.zip;https://www.umweltkarten-niedersachsen.de/Download_OE/HWSchutz/HWRMRL_Z2_Wassertiefen_HQhaeufig.zip;2026-09-17
Hitzacker;HQhäufig;CRS3035RES100mN3341600E4388600;1.000000;3.9760;karte;https://www.umweltkarten-niedersachsen.de/Download_OE/HWSchutz/HWRMRL_Z2_Risikogebiete_HQhaeufig.zip;https://www.umweltkarten-niedersachsen.de/Download_OE/HWSchutz/HWRMRL_Z2_Wassertiefen_HQhaeufig.zip;2026-09-17
Hitzacker;HQhäufig;CRS3035RES100mN3341600E4388700;1.000000;4.0000;karte;https://www.umweltkarten-niedersachsen.de/Download_OE/HWSchutz/HWRMRL_Z2_Risikogebiete_HQhaeufig.zip;https://www.umweltkarten-niedersachsen.de/Download_OE/HWSchutz/HWRMRL_Z2_Wassertiefen_HQhaeufig.zip;2026-09-17
Hitzacker;HQhäufig;CRS3035RES100mN3341600E4388800;1.000000;4.0000;karte;https://www.umweltkarten-niedersachsen.de/Download_OE/HWSchutz/HWRMRL_Z2_Risikogebiete_HQhaeufig.zip;https://www.umweltkarten-niedersachsen.de/Download_OE/HWSchutz/HWRMRL_Z2_Wassertiefen_HQhaeufig.zip;2026-09-17
Hitzacker;HQhäufig;CRS3035RES100mN3341700E4387300;0.062207;3.0461;karte;https://www.umweltkarten-niedersachsen.de/Download_OE/HWSchutz/HWRMRL_Z2_Risikogebiete_HQhaeufig.zip;https://www.umweltkarten-niedersachsen.de/Download_OE/HWSchutz/HWRMRL_Z2_Wassertiefen_HQhaeufig.zip;2026-09-17
Hitzacker;HQhäufig;CRS3035RES100mN3341700E4387400;0.198043;3.7673;karte;https://www.umweltkarten-niedersachsen.de/Download_OE/HWSchutz/HWRMRL_Z2_Risikogebiete_HQhaeufig.zip;https://www.umweltkarten-niedersachsen.de/Download_OE/HWSchutz/HWRMRL_Z2_Wassertiefen_HQhaeufig.zip;2026-09-17
Hitzacker;HQhäufig;CRS3035RES100mN3341700E4387500;0.656099;3.1710;karte;https://www.umweltkarten-niedersachsen.de/Download_OE/HWSchutz/HWRMRL_Z2_Risikogebiete_HQhaeufig.zip;https://www.umweltkarten-niedersachsen.de/Download_OE/HWSchutz/HWRMRL_Z2_Wassertiefen_HQhaeufig.zip;2026-09-17
Hitzacker;HQhäufig;CRS3035RES100mN3341700E4387600;1.000000;3.0000;karte;https://www.umweltkarten-niedersachsen.de/Download_OE/HWSchutz/HWRMRL_Z2_Risikogebiete_HQhaeufig.zip;https://www.umweltkarten-niedersachsen.de/Download_OE/HWSchutz/HWRMRL_Z2_Wassertiefen_HQhaeufig.zip;2026-09-17
Hitzacker;HQhäufig;CRS3035RES100mN3341700E4387700;1.000000;3.0021;karte;https://www.umweltkarten-niedersachsen.de/Download_OE/HWSchutz/HWRMRL_Z2_Risikogebiete_HQhaeufig.zip;https://www.umweltkarten-niedersachsen.de/Download_OE/HWSchutz/HWRMRL_Z2_Wassertiefen_HQhaeufig.zip;2026-09-17
Hitzacker;HQhäufig;CRS3035RES100mN3341700E4387800;1.000000;3.5257;karte;https://www.umweltkarten-niedersachsen.de/Download_OE/HWSchutz/HWRMRL_Z2_Risikogebiete_HQhaeufig.zip;https://www.umweltkarten-niedersachsen.de/Download_OE/HWSchutz/HWRMRL_Z2_Wassertiefen_HQhaeufig.zip;2026-09-17
Hitzacker;HQhäufig;CRS3035RES100mN3341700E4387900;1.000000;3.1530;karte;https://www.umweltkarten-niedersachsen.de/Download_OE/HWSchutz/HWRMRL_Z2_Risikogebiete_HQhaeufig.zip;https://www.umweltkarten-niedersachsen.de/Download_OE/HWSchutz/HWRMRL_Z2_Wassertiefen_HQhaeufig.zip;2026-09-17
Hitzacker;HQhäufig;CRS3035RES100mN3341700E4388000;1.000000;3.1621;karte;https://www.umweltkarten-niedersachsen.de/Download_OE/HWSchutz/HWRMRL_Z2_Risikogebiete_HQhaeufig.zip;https://www.umweltkarten-niedersachsen.de/Download_OE/HWSchutz/HWRMRL_Z2_Wassertiefen_HQhaeufig.zip;2026-09-17
Hitzacker;HQhäufig;CRS3035RES100mN3341700E4388100;1.000000;3.1814;karte;https://www.umweltkarten-niedersachsen.de/Download_OE/HWSchutz/HWRMRL_Z2_Risikogebiete_HQhaeufig.zip;https://www.umweltkarten-niedersachsen.de/Download_OE/HWSchutz/HWRMRL_Z2_Wassertiefen_HQhaeufig.zip;2026-09-17
Hitzacker;HQhäufig;CRS3035RES100mN3341700E4388200;1.000000;3.0000;karte;https://www.umweltkarten-niedersachsen.de/Download_OE/HWSchutz/HWRMRL_Z2_Risikogebiete_HQhaeufig.zip;https://www.umweltkarten-niedersachsen.de/Download_OE/HWSchutz/HWRMRL_Z2_Wassertiefen_HQhaeufig.zip;2026-09-17
Hitzacker;HQhäufig;CRS3035RES100mN3341700E4388300;1.000000;3.0000;karte;https://www.umweltkarten-niedersachsen.de/Download_OE/HWSchutz/HWRMRL_Z2_Risikogebiete_HQhaeufig.zip;https://www.umweltkarten-niedersachsen.de/Download_OE/HWSchutz/HWRMRL_Z2_Wassertiefen_HQhaeufig.zip;2026-09-17
Hitzacker;HQhäufig;CRS3035RES100mN3341700E4388400;1.000000;3.0851;karte;https://www.umweltkarten-niedersachsen.de/Download_OE/HWSchutz/HWRMRL_Z2_Risikogebiete_HQhaeufig.zip;https://www.umweltkarten-niedersachsen.de/Download_OE/HWSchutz/HWRMRL_Z2_Wassertiefen_HQhaeufig.zip;2026-09-17
Hitzacker;HQhäufig;CRS3035RES100mN3341700E4388500;1.000000;3.9105;karte;https://www.umweltkarten-niedersachsen.de/Download_OE/HWSchutz/HWRMRL_Z2_Risikogebiete_HQhaeufig.zip;https://www.umweltkarten-niedersachsen.de/Download_OE/HWSchutz/HWRMRL_Z2_Wassertiefen_HQhaeufig.zip;2026-09-17
Hitzacker;HQhäufig;CRS3035RES100mN3341700E4388600;1.000000;3.9991;karte;https://www.umweltkarten-niedersachsen.de/Download_OE/HWSchutz/HWRMRL_Z2_Risikogebiete_HQhaeufig.zip;https://www.umweltkarten-niedersachsen.de/Download_OE/HWSchutz/HWRMRL_Z2_Wassertiefen_HQhaeufig.zip;2026-09-17
Hitzacker;HQhäufig;CRS3035RES100mN3341700E4388700;1.000000;4.0000;karte;https://www.umweltkarten-niedersachsen.de/Download_OE/HWSchutz/HWRMRL_Z2_Risikogebiete_HQhaeufig.zip;https://www.umweltkarten-niedersachsen.de/Download_OE/HWSchutz/HWRMRL_Z2_Wassertiefen_HQhaeufig.zip;2026-09-17
Hitzacker;HQhäufig;CRS3035RES100mN3341800E4387000;0.007699;1.5000;karte;https://www.umweltkarten-niedersachsen.de/Download_OE/HWSchutz/HWRMRL_Z2_Risikogebiete_HQhaeufig.zip;https://www.umweltkarten-niedersachsen.de/Download_OE/HWSchutz/HWRMRL_Z2_Wassertiefen_HQhaeufig.zip;2026-09-17
Hitzacker;HQhäufig;CRS3035RES100mN3341800E4387100;0.203714;0.9922;karte;https://www.umweltkarten-niedersachsen.de/Download_OE/HWSchutz/HWRMRL_Z2_Risikogebiete_HQhaeufig.zip;https://www.umweltkarten-niedersachsen.de/Download_OE/HWSchutz/HWRMRL_Z2_Wassertiefen_HQhaeufig.zip;2026-09-17
Hitzacker;HQhäufig;CRS3035RES100mN3341800E4387200;0.474914;2.3569;karte;https://www.umweltkarten-niedersachsen.de/Download_OE/HWSchutz/HWRMRL_Z2_Risikogebiete_HQhaeufig.zip;https://www.umweltkarten-niedersachsen.de/Download_OE/HWSchutz/HWRMRL_Z2_Wassertiefen_HQhaeufig.zip;2026-09-17
Hitzacker;HQhäufig;CRS3035RES100mN3341800E4387300;0.885093;3.8474;karte;https://www.umweltkarten-niedersachsen.de/Download_OE/HWSchutz/HWRMRL_Z2_Risikogebiete_HQhaeufig.zip;https://www.umweltkarten-niedersachsen.de/Download_OE/HWSchutz/HWRMRL_Z2_Wassertiefen_HQhaeufig.zip;2026-09-17
Hitzacker;HQhäufig;CRS3035RES100mN3341800E4387400;0.941603;3.9848;karte;https://www.umweltkarten-niedersachsen.de/Download_OE/HWSchutz/HWRMRL_Z2_Risikogebiete_HQhaeufig.zip;https://www.umweltkarten-niedersachsen.de/Download_OE/HWSchutz/HWRMRL_Z2_Wassertiefen_HQhaeufig.zip;2026-09-17
Hitzacker;HQhäufig;CRS3035RES100mN3341800E4387500;0.932035;3.0645;karte;https://www.umweltkarten-niedersachsen.de/Download_OE/HWSchutz/HWRMRL_Z2_Risikogebiete_HQhaeufig.zip;https://www.umweltkarten-niedersachsen.de/Download_OE/HWSchutz/HWRMRL_Z2_Wassertiefen_HQhaeufig.zip;2026-09-17
Hitzacker;HQhäufig;CRS3035RES100mN3341800E4387600;1.000000;2.8992;karte;https://www.umweltkarten-niedersachsen.de/Download_OE/HWSchutz/HWRMRL_Z2_Risikogebiete_HQhaeufig.zip;https://www.umweltkarten-niedersachsen.de/Download_OE/HWSchutz/HWRMRL_Z2_Wassertiefen_HQhaeufig.zip;2026-09-17
Hitzacker;HQhäufig;CRS3035RES100mN3341800E4387700;1.000000;3.0000;karte;https://www.umweltkarten-niedersachsen.de/Download_OE/HWSchutz/HWRMRL_Z2_Risikogebiete_HQhaeufig.zip;https://www.umweltkarten-niedersachsen.de/Download_OE/HWSchutz/HWRMRL_Z2_Wassertiefen_HQhaeufig.zip;2026-09-17
Hitzacker;HQhäufig;CRS3035RES100mN3341800E4387800;1.000000;3.0178;karte;https://www.umweltkarten-niedersachsen.de/Download_OE/HWSchutz/HWRMRL_Z2_Risikogebiete_HQhaeufig.zip;https://www.umweltkarten-niedersachsen.de/Download_OE/HWSchutz/HWRMRL_Z2_Wassertiefen_HQhaeufig.zip;2026-09-17
Hitzacker;HQhäufig;CRS3035RES100mN3341800E4387900;1.000000;2.9775;karte;https://www.umweltkarten-niedersachsen.de/Download_OE/HWSchutz/HWRMRL_Z2_Risikogebiete_HQhaeufig.zip;https://www.umweltkarten-niedersachsen.de/Download_OE/HWSchutz/HWRMRL_Z2_Wassertiefen_HQhaeufig.zip;2026-09-17
Hitzacker;HQhäufig;CRS3035RES100mN3341800E4388000;1.000000;2.7727;karte;https://www.umweltkarten-niedersachsen.de/Download_OE/HWSchutz/HWRMRL_Z2_Risikogebiete_HQhaeufig.zip;https://www.umweltkarten-niedersachsen.de/Download_OE/HWSchutz/HWRMRL_Z2_Wassertiefen_HQhaeufig.zip;2026-09-17
Hitzacker;HQhäufig;CRS3035RES100mN3341800E4388100;1.000000;2.6337;karte;https://www.umweltkarten-niedersachsen.de/Download_OE/HWSchutz/HWRMRL_Z2_Risikogebiete_HQhaeufig.zip;https://www.umweltkarten-niedersachsen.de/Download_OE/HWSchutz/HWRMRL_Z2_Wassertiefen_HQhaeufig.zip;2026-09-17
Hitzacker;HQhäufig;CRS3035RES100mN3341800E4388200;1.000000;2.1987;karte;https://www.umweltkarten-niedersachsen.de/Download_OE/HWSchutz/HWRMRL_Z2_Risikogebiete_HQhaeufig.zip;https://www.umweltkarten-niedersachsen.de/Download_OE/HWSchutz/HWRMRL_Z2_Wassertiefen_HQhaeufig.zip;2026-09-17
Hitzacker;HQhäufig;CRS3035RES100mN3341800E4388300;1.000000;2.2934;karte;https://www.umweltkarten-niedersachsen.de/Download_OE/HWSchutz/HWRMRL_Z2_Risikogebiete_HQhaeufig.zip;https://www.umweltkarten-niedersachsen.de/Download_OE/HWSchutz/HWRMRL_Z2_Wassertiefen_HQhaeufig.zip;2026-09-17
Hitzacker;HQhäufig;CRS3035RES100mN3341800E4388400;1.000000;3.7577;karte;https://www.umweltkarten-niedersachsen.de/Download_OE/HWSchutz/HWRMRL_Z2_Risikogebiete_HQhaeufig.zip;https://www.umweltkarten-niedersachsen.de/Download_OE/HWSchutz/HWRMRL_Z2_Wassertiefen_HQhaeufig.zip;2026-09-17
Hitzacker;HQhäufig;CRS3035RES100mN3341800E4388500;1.000000;4.0000;karte;https://www.umweltkarten-niedersachsen.de/Download_OE/HWSchutz/HWRMRL_Z2_Risikogebiete_HQhaeufig.zip;https://www.umweltkarten-niedersachsen.de/Download_OE/HWSchutz/HWRMRL_Z2_Wassertiefen_HQhaeufig.zip;2026-09-17
Hitzacker;HQhäufig;CRS3035RES100mN3341800E4388600;1.000000;4.0000;karte;https://www.umweltkarten-niedersachsen.de/Download_OE/HWSchutz/HWRMRL_Z2_Risikogebiete_HQhaeufig.zip;https://www.umweltkarten-niedersachsen.de/Download_OE/HWSchutz/HWRMRL_Z2_Wassertiefen_HQhaeufig.zip;2026-09-17
Hitzacker;HQhäufig;CRS3035RES100mN3341900E4386900;0.068470;3.0000;karte;https://www.umweltkarten-niedersachsen.de/Download_OE/HWSchutz/HWRMRL_Z2_Risikogebiete_HQhaeufig.zip;https://www.umweltkarten-niedersachsen.de/Download_OE/HWSchutz/HWRMRL_Z2_Wassertiefen_HQhaeufig.zip;2026-09-17
Hitzacker;HQhäufig;CRS3035RES100mN3341900E4387000;0.737238;2.9464;karte;https://www.umweltkarten-niedersachsen.de/Download_OE/HWSchutz/HWRMRL_Z2_Risikogebiete_HQhaeufig.zip;https://www.umweltkarten-niedersachsen.de/Download_OE/HWSchutz/HWRMRL_Z2_Wassertiefen_HQhaeufig.zip;2026-09-17
Hitzacker;HQhäufig;CRS3035RES100mN3341900E4387100;1.000000;2.5247;karte;https://www.umweltkarten-niedersachsen.de/Download_OE/HWSchutz/HWRMRL_Z2_Risikogebiete_HQhaeufig.zip;https://www.umweltkarten-niedersachsen.de/Download_OE/HWSchutz/HWRMRL_Z2_Wassertiefen_HQhaeufig.zip;2026-09-17
Hitzacker;HQhäufig;CRS3035RES100mN3341900E4387200;1.000000;3.8376;karte;https://www.umweltkarten-niedersachsen.de/Download_OE/HWSchutz/HWRMRL_Z2_Risikogebiete_HQhaeufig.zip;https://www.umweltkarten-niedersachsen.de/Download_OE/HWSchutz/HWRMRL_Z2_Wassertiefen_HQhaeufig.zip;2026-09-17
Hitzacker;HQhäufig;CRS3035RES100mN3341900E4387300;1.000000;3.6248;karte;https://www.umweltkarten-niedersachsen.de/Download_OE/HWSchutz/HWRMRL_Z2_Risikogebiete_HQhaeufig.zip;https://www.umweltkarten-niedersachsen.de/Download_OE/HWSchutz/HWRMRL_Z2_Wassertiefen_HQhaeufig.zip;2026-09-17
Hitzacker;HQhäufig;CRS3035RES100mN3341900E4387400;1.000000;2.9198;karte;https://www.umweltkarten-niedersachsen.de/Download_OE/HWSchutz/HWRMRL_Z2_Risikogebiete_HQhaeufig.zip;https://www.umweltkarten-niedersachsen.de/Download_OE/HWSchutz/HWRMRL_Z2_Wassertiefen_HQhaeufig.zip;2026-09-17
Hitzacker;HQhäufig;CRS3035RES100mN3341900E4387500;1.000000;2.1115;karte;https://www.umweltkarten-niedersachsen.de/Download_OE/HWSchutz/HWRMRL_Z2_Risikogebiete_HQhaeufig.zip;https://www.umweltkarten-niedersachsen.de/Download_OE/HWSchutz/HWRMRL_Z2_Wassertiefen_HQhaeufig.zip;2026-09-17
Hitzacker;HQhäufig;CRS3035RES100mN3341900E4387600;1.000000;1.7908;karte;https://www.umweltkarten-niedersachsen.de/Download_OE/HWSchutz/HWRMRL_Z2_Risikogebiete_HQhaeufig.zip;https://www.umweltkarten-niedersachsen.de/Download_OE/HWSchutz/HWRMRL_Z2_Wassertiefen_HQhaeufig.zip;2026-09-17
Hitzacker;HQhäufig;CRS3035RES100mN3341900E4387700;1.000000;2.2704;karte;https://www.umweltkarten-niedersachsen.de/Download_OE/HWSchutz/HWRMRL_Z2_Risikogebiete_HQhaeufig.zip;https://www.umweltkarten-niedersachsen.de/Download_OE/HWSchutz/HWRMRL_Z2_Wassertiefen_HQhaeufig.zip;2026-09-17
Hitzacker;HQhäufig;CRS3035RES100mN3341900E4387800;1.000000;1.6999;karte;https://www.umweltkarten-niedersachsen.de/Download_OE/HWSchutz/HWRMRL_Z2_Risikogebiete_HQhaeufig.zip;https://www.umweltkarten-niedersachsen.de/Download_OE/HWSchutz/HWRMRL_Z2_Wassertiefen_HQhaeufig.zip;2026-09-17
Hitzacker;HQhäufig;CRS3035RES100mN3341900E4387900;1.000000;1.4438;karte;https://www.umweltkarten-niedersachsen.de/Download_OE/HWSchutz/HWRMRL_Z2_Risikogebiete_HQhaeufig.zip;https://www.umweltkarten-niedersachsen.de/Download_OE/HWSchutz/HWRMRL_Z2_Wassertiefen_HQhaeufig.zip;2026-09-17
Hitzacker;HQhäufig;CRS3035RES100mN3341900E4388000;0.878979;1.6342;karte;https://www.umweltkarten-niedersachsen.de/Download_OE/HWSchutz/HWRMRL_Z2_Risikogebiete_HQhaeufig.zip;https://www.umweltkarten-niedersachsen.de/Download_OE/HWSchutz/HWRMRL_Z2_Wassertiefen_HQhaeufig.zip;2026-09-17
Hitzacker;HQhäufig;CRS3035RES100mN3341900E4388100;1.000000;2.5034;karte;https://www.umweltkarten-niedersachsen.de/Download_OE/HWSchutz/HWRMRL_Z2_Risikogebiete_HQhaeufig.zip;https://www.umweltkarten-niedersachsen.de/Download_OE/HWSchutz/HWRMRL_Z2_Wassertiefen_HQhaeufig.zip;2026-09-17
Hitzacker;HQhäufig;CRS3035RES100mN3341900E4388200;1.000000;2.6319;karte;https://www.umweltkarten-niedersachsen.de/Download_OE/HWSchutz/HWRMRL_Z2_Risikogebiete_HQhaeufig.zip;https://www.umweltkarten-niedersachsen.de/Download_OE/HWSchutz/HWRMRL_Z2_Wassertiefen_HQhaeufig.zip;2026-09-17
Hitzacker;HQhäufig;CRS3035RES100mN3341900E4388300;1.000000;3.8878;karte;https://www.umweltkarten-niedersachsen.de/Download_OE/HWSchutz/HWRMRL_Z2_Risikogebiete_HQhaeufig.zip;https://www.umweltkarten-niedersachsen.de/Download_OE/HWSchutz/HWRMRL_Z2_Wassertiefen_HQhaeufig.zip;2026-09-17
Hitzacker;HQhäufig;CRS3035RES100mN3341900E4388400;1.000000;4.0000;karte;https://www.umweltkarten-niedersachsen.de/Download_OE/HWSchutz/HWRMRL_Z2_Risikogebiete_HQhaeufig.zip;https://www.umweltkarten-niedersachsen.de/Download_OE/HWSchutz/HWRMRL_Z2_Wassertiefen_HQhaeufig.zip;2026-09-17
Hitzacker;HQhäufig;CRS3035RES100mN3341900E4388500;1.000000;4.0000;karte;https://www.umweltkarten-niedersachsen.de/Download_OE/HWSchutz/HWRMRL_Z2_Risikogebiete_HQhaeufig.zip;https://www.umweltkarten-niedersachsen.de/Download_OE/HWSchutz/HWRMRL_Z2_Wassertiefen_HQhaeufig.zip;2026-09-17
Hitzacker;HQhäufig;CRS3035RES100mN3342000E4386800;0.082365;3.0000;karte;https://www.umweltkarten-niedersachsen.de/Download_OE/HWSchutz/HWRMRL_Z2_Risikogebiete_HQhaeufig.zip;https://www.umweltkarten-niedersachsen.de/Download_OE/HWSchutz/HWRMRL_Z2_Wassertiefen_HQhaeufig.zip;2026-09-17
Hitzacker;HQhäufig;CRS3035RES100mN3342000E4386900;0.782607;3.0000;karte;https://www.umweltkarten-niedersachsen.de/Download_OE/HWSchutz/HWRMRL_Z2_Risikogebiete_HQhaeufig.zip;https://www.umweltkarten-niedersachsen.de/Download_OE/HWSchutz/HWRMRL_Z2_Wassertiefen_HQhaeufig.zip;2026-09-17
Hitzacker;HQhäufig;CRS3035RES100mN3342000E4387000;1.000000;3.0509;karte;https://www.umweltkarten-niedersachsen.de/Download_OE/HWSchutz/HWRMRL_Z2_Risikogebiete_HQhaeufig.zip;https://www.umweltkarten-niedersachsen.de/Download_OE/HWSchutz/HWRMRL_Z2_Wassertiefen_HQhaeufig.zip;2026-09-17
Hitzacker;HQhäufig;CRS3035RES100mN3342000E4387100;1.000000;3.8915;karte;https://www.umweltkarten-niedersachsen.de/Download_OE/HWSchutz/HWRMRL_Z2_Risikogebiete_HQhaeufig.zip;https://www.umweltkarten-niedersachsen.de/Download_OE/HWSchutz/HWRMRL_Z2_Wassertiefen_HQhaeufig.zip;2026-09-17
Hitzacker;HQhäufig;CRS3035RES100mN3342000E4387200;1.000000;3.2922;karte;https://www.umweltkarten-niedersachsen.de/Download_OE/HWSchutz/HWRMRL_Z2_Risikogebiete_HQhaeufig.zip;https://www.umweltkarten-niedersachsen.de/Download_OE/HWSchutz/HWRMRL_Z2_Wassertiefen_HQhaeufig.zip;2026-09-17
Hitzacker;HQhäufig;CRS3035RES100mN3342000E4387300;1.000000;3.0116;karte;https://www.umweltkarten-niedersachsen.de/Download_OE/HWSchutz/HWRMRL_Z2_Risikogebiete_HQhaeufig.zip;https://www.umweltkarten-niedersachsen.de/Download_OE/HWSchutz/HWRMRL_Z2_Wassertiefen_HQhaeufig.zip;2026-09-17
Hitzacker;HQhäufig;CRS3035RES100mN3342000E4387400;1.000000;3.3342;karte;https://www.umweltkarten-niedersachsen.de/Download_OE/HWSchutz/HWRMRL_Z2_Risikogebiete_HQhaeufig.zip;https://www.umweltkarten-niedersachsen.de/Download_OE/HWSchutz/HWRMRL_Z2_Wassertiefen_HQhaeufig.zip;2026-09-17
Hitzacker;HQhäufig;CRS3035RES100mN3342000E4387500;1.000000;2.9994;karte;https://www.umweltkarten-niedersachsen.de/Download_OE/HWSchutz/HWRMRL_Z2_Risikogebiete_HQhaeufig.zip;https://www.umweltkarten-niedersachsen.de/Download_OE/HWSchutz/HWRMRL_Z2_Wassertiefen_HQhaeufig.zip;2026-09-17
Hitzacker;HQhäufig;CRS3035RES100mN3342000E4387600;1.000000;2.3994;karte;https://www.umweltkarten-niedersachsen.de/Download_OE/HWSchutz/HWRMRL_Z2_Risikogebiete_HQhaeufig.zip;https://www.umweltkarten-niedersachsen.de/Download_OE/HWSchutz/HWRMRL_Z2_Wassertiefen_HQhaeufig.zip;2026-09-17
Hitzacker;HQhäufig;CRS3035RES100mN3342000E4387700;1.000000;1.8800;karte;https://www.umweltkarten-niedersachsen.de/Download_OE/HWSchutz/HWRMRL_Z2_Risikogebiete_HQhaeufig.zip;https://www.umweltkarten-niedersachsen.de/Download_OE/HWSchutz/HWRMRL_Z2_Wassertiefen_HQhaeufig.zip;2026-09-17
Hitzacker;HQhäufig;CRS3035RES100mN3342000E4387800;1.000000;1.5000;karte;https://www.umweltkarten-niedersachsen.de/Download_OE/HWSchutz/HWRMRL_Z2_Risikogebiete_HQhaeufig.zip;https://www.umweltkarten-niedersachsen.de/Download_OE/HWSchutz/HWRMRL_Z2_Wassertiefen_HQhaeufig.zip;2026-09-17
Hitzacker;HQhäufig;CRS3035RES100mN3342000E4387900;1.000000;1.8061;karte;https://www.umweltkarten-niedersachsen.de/Download_OE/HWSchutz/HWRMRL_Z2_Risikogebiete_HQhaeufig.zip;https://www.umweltkarten-niedersachsen.de/Download_OE/HWSchutz/HWRMRL_Z2_Wassertiefen_HQhaeufig.zip;2026-09-17
Hitzacker;HQhäufig;CRS3035RES100mN3342000E4388000;0.847528;2.4095;karte;https://www.umweltkarten-niedersachsen.de/Download_OE/HWSchutz/HWRMRL_Z2_Risikogebiete_HQhaeufig.zip;https://www.umweltkarten-niedersachsen.de/Download_OE/HWSchutz/HWRMRL_Z2_Wassertiefen_HQhaeufig.zip;2026-09-17
Hitzacker;HQhäufig;CRS3035RES100mN3342000E4388100;1.000000;3.1461;karte;https://www.umweltkarten-niedersachsen.de/Download_OE/HWSchutz/HWRMRL_Z2_Risikogebiete_HQhaeufig.zip;https://www.umweltkarten-niedersachsen.de/Download_OE/HWSchutz/HWRMRL_Z2_Wassertiefen_HQhaeufig.zip;2026-09-17
Hitzacker;HQhäufig;CRS3035RES100mN3342000E4388200;1.000000;3.7576;karte;https://www.umweltkarten-niedersachsen.de/Download_OE/HWSchutz/HWRMRL_Z2_Risikogebiete_HQhaeufig.zip;https://www.umweltkarten-niedersachsen.de/Download_OE/HWSchutz/HWRMRL_Z2_Wassertiefen_HQhaeufig.zip;2026-09-17
Hitzacker;HQhäufig;CRS3035RES100mN3342000E4388300;1.000000;4.0000;karte;https://www.umweltkarten-niedersachsen.de/Download_OE/HWSchutz/HWRMRL_Z2_Risikogebiete_HQhaeufig.zip;https://www.umweltkarten-niedersachsen.de/Download_OE/HWSchutz/HWRMRL_Z2_Wassertiefen_HQhaeufig.zip;2026-09-17
Hitzacker;HQhäufig;CRS3035RES100mN3342000E4388400;1.000000;4.0000;karte;https://www.umweltkarten-niedersachsen.de/Download_OE/HWSchutz/HWRMRL_Z2_Risikogebiete_HQhaeufig.zip;https://www.umweltkarten-niedersachsen.de/Download_OE/HWSchutz/HWRMRL_Z2_Wassertiefen_HQhaeufig.zip;2026-09-17
Hitzacker;HQhäufig;CRS3035RES100mN3342100E4386700;0.001126;3.0000;karte;https://www.umweltkarten-niedersachsen.de/Download_OE/HWSchutz/HWRMRL_Z2_Risikogebiete_HQhaeufig.zip;https://www.umweltkarten-niedersachsen.de/Download_OE/HWSchutz/HWRMRL_Z2_Wassertiefen_HQhaeufig.zip;2026-09-17
Hitzacker;HQhäufig;CRS3035RES100mN3342100E4386800;0.752148;3.0000;karte;https://www.umweltkarten-niedersachsen.de/Download_OE/HWSchutz/HWRMRL_Z2_Risikogebiete_HQhaeufig.zip;https://www.umweltkarten-niedersachsen.de/Download_OE/HWSchutz/HWRMRL_Z2_Wassertiefen_HQhaeufig.zip;2026-09-17
Hitzacker;HQhäufig;CRS3035RES100mN3342100E4386900;1.000000;3.0000;karte;https://www.umweltkarten-niedersachsen.de/Download_OE/HWSchutz/HWRMRL_Z2_Risikogebiete_HQhaeufig.zip;https://www.umweltkarten-niedersachsen.de/Download_OE/HWSchutz/HWRMRL_Z2_Wassertiefen_HQhaeufig.zip;2026-09-17
Hitzacker;HQhäufig;CRS3035RES100mN3342100E4387000;1.000000;3.3593;karte;https://www.umweltkarten-niedersachsen.de/Download_OE/HWSchutz/HWRMRL_Z2_Risikogebiete_HQhaeufig.zip;https://www.umweltkarten-niedersachsen.de/Download_OE/HWSchutz/HWRMRL_Z2_Wassertiefen_HQhaeufig.zip;2026-09-17
Hitzacker;HQhäufig;CRS3035RES100mN3342100E4387100;1.000000;3.8075;karte;https://www.umweltkarten-niedersachsen.de/Download_OE/HWSchutz/HWRMRL_Z2_Risikogebiete_HQhaeufig.zip;https://www.umweltkarten-niedersachsen.de/Download_OE/HWSchutz/HWRMRL_Z2_Wassertiefen_HQhaeufig.zip;2026-09-17
Hitzacker;HQhäufig;CRS3035RES100mN3342100E4387200;1.000000;3.0065;karte;https://www.umweltkarten-niedersachsen.de/Download_OE/HWSchutz/HWRMRL_Z2_Risikogebiete_HQhaeufig.zip;https://www.umweltkarten-niedersachsen.de/Download_OE/HWSchutz/HWRMRL_Z2_Wassertiefen_HQhaeufig.zip;2026-09-17
Hitzacker;HQhäufig;CRS3035RES100mN3342100E4387300;1.000000;3.1360;karte;https://www.umweltkarten-niedersachsen.de/Download_OE/HWSchutz/HWRMRL_Z2_Risikogebiete_HQhaeufig.zip;https://www.umweltkarten-niedersachsen.de/Download_OE/HWSchutz/HWRMRL_Z2_Wassertiefen_HQhaeufig.zip;2026-09-17
Hitzacker;HQhäufig;CRS3035RES100mN3342100E4387400;1.000000;3.3174;karte;https://www.umweltkarten-niedersachsen.de/Download_OE/HWSchutz/HWRMRL_Z2_Risikogebiete_HQhaeufig.zip;https://www.umweltkarten-niedersachsen.de/Download_OE/HWSchutz/HWRMRL_Z2_Wassertiefen_HQhaeufig.zip;2026-09-17
Hitzacker;HQhäufig;CRS3035RES100mN3342100E4387500;1.000000;3.0000;karte;https://www.umweltkarten-niedersachsen.de/Download_OE/HWSchutz/HWRMRL_Z2_Risikogebiete_HQhaeufig.zip;https://www.umweltkarten-niedersachsen.de/Download_OE/HWSchutz/HWRMRL_Z2_Wassertiefen_HQhaeufig.zip;2026-09-17
Hitzacker;HQhäufig;CRS3035RES100mN3342100E4387600;1.000000;2.8879;karte;https://www.umweltkarten-niedersachsen.de/Download_OE/HWSchutz/HWRMRL_Z2_Risikogebiete_HQhaeufig.zip;https://www.umweltkarten-niedersachsen.de/Download_OE/HWSchutz/HWRMRL_Z2_Wassertiefen_HQhaeufig.zip;2026-09-17
Hitzacker;HQhäufig;CRS3035RES100mN3342100E4387700;1.000000;2.3111;karte;https://www.umweltkarten-niedersachsen.de/Download_OE/HWSchutz/HWRMRL_Z2_Risikogebiete_HQhaeufig.zip;https://www.umweltkarten-niedersachsen.de/Download_OE/HWSchutz/HWRMRL_Z2_Wassertiefen_HQhaeufig.zip;2026-09-17
Hitzacker;HQhäufig;CRS3035RES100mN3342100E4387800;1.000000;2.2592;karte;https://www.umweltkarten-niedersachsen.de/Download_OE/HWSchutz/HWRMRL_Z2_Risikogebiete_HQhaeufig.zip;https://www.umweltkarten-niedersachsen.de/Download_OE/HWSchutz/HWRMRL_Z2_Wassertiefen_HQhaeufig.zip;2026-09-17
Hitzacker;HQhäufig;CRS3035RES100mN3342100E4387900;1.000000;3.3591;karte;https://www.umweltkarten-niedersachsen.de/Download_OE/HWSchutz/HWRMRL_Z2_Risikogebiete_HQhaeufig.zip;https://www.umweltkarten-niedersachsen.de/Download_OE/HWSchutz/HWRMRL_Z2_Wassertiefen_HQhaeufig.zip;2026-09-17
Hitzacker;HQhäufig;CRS3035RES100mN3342100E4388000;1.000000;3.8875;karte;https://www.umweltkarten-niedersachsen.de/Download_OE/HWSchutz/HWRMRL_Z2_Risikogebiete_HQhaeufig.zip;https://www.umweltkarten-niedersachsen.de/Download_OE/HWSchutz/HWRMRL_Z2_Wassertiefen_HQhaeufig.zip;2026-09-17
Hitzacker;HQhäufig;CRS3035RES100mN3342100E4388100;1.000000;3.9752;karte;https://www.umweltkarten-niedersachsen.de/Download_OE/HWSchutz/HWRMRL_Z2_Risikogebiete_HQhaeufig.zip;https://www.umweltkarten-niedersachsen.de/Download_OE/HWSchutz/HWRMRL_Z2_Wassertiefen_HQhaeufig.zip;2026-09-17
Hitzacker;HQhäufig;CRS3035RES100mN3342100E4388200;1.000000;4.0000;karte;https://www.umweltkarten-niedersachsen.de/Download_OE/HWSchutz/HWRMRL_Z2_Risikogebiete_HQhaeufig.zip;https://www.umweltkarten-niedersachsen.de/Download_OE/HWSchutz/HWRMRL_Z2_Wassertiefen_HQhaeufig.zip;2026-09-17
Hitzacker;HQhäufig;CRS3035RES100mN3342100E4388300;1.000000;4.0000;karte;https://www.umweltkarten-niedersachsen.de/Download_OE/HWSchutz/HWRMRL_Z2_Risikogebiete_HQhaeufig.zip;https://www.umweltkarten-niedersachsen.de/Download_OE/HWSchutz/HWRMRL_Z2_Wassertiefen_HQhaeufig.zip;2026-09-17
Hitzacker;HQhäufig;CRS3035RES100mN3342200E4386700;0.303722;3.0000;karte;https://www.umweltkarten-niedersachsen.de/Download_OE/HWSchutz/HWRMRL_Z2_Risikogebiete_HQhaeufig.zip;https://www.umweltkarten-niedersachsen.de/Download_OE/HWSchutz/HWRMRL_Z2_Wassertiefen_HQhaeufig.zip;2026-09-17
Hitzacker;HQhäufig;CRS3035RES100mN3342200E4386800;0.999800;3.0000;karte;https://www.umweltkarten-niedersachsen.de/Download_OE/HWSchutz/HWRMRL_Z2_Risikogebiete_HQhaeufig.zip;https://www.umweltkarten-niedersachsen.de/Download_OE/HWSchutz/HWRMRL_Z2_Wassertiefen_HQhaeufig.zip;2026-09-17
Hitzacker;HQhäufig;CRS3035RES100mN3342200E4386900;1.000000;3.0000;karte;https://www.umweltkarten-niedersachsen.de/Download_OE/HWSchutz/HWRMRL_Z2_Risikogebiete_HQhaeufig.zip;https://www.umweltkarten-niedersachsen.de/Download_OE/HWSchutz/HWRMRL_Z2_Wassertiefen_HQhaeufig.zip;2026-09-17
Hitzacker;HQhäufig;CRS3035RES100mN3342200E4387000;1.000000;3.5209;karte;https://www.umweltkarten-niedersachsen.de/Download_OE/HWSchutz/HWRMRL_Z2_Risikogebiete_HQhaeufig.zip;https://www.umweltkarten-niedersachsen.de/Download_OE/HWSchutz/HWRMRL_Z2_Wassertiefen_HQhaeufig.zip;2026-09-17
Hitzacker;HQhäufig;CRS3035RES100mN3342200E4387100;1.000000;3.3729;karte;https://www.umweltkarten-niedersachsen.de/Download_OE/HWSchutz/HWRMRL_Z2_Risikogebiete_HQhaeufig.zip;https://www.umweltkarten-niedersachsen.de/Download_OE/HWSchutz/HWRMRL_Z2_Wassertiefen_HQhaeufig.zip;2026-09-17
Hitzacker;HQhäufig;CRS3035RES100mN3342200E4387200;1.000000;3.0000;karte;https://www.umweltkarten-niedersachsen.de/Download_OE/HWSchutz/HWRMRL_Z2_Risikogebiete_HQhaeufig.zip;https://www.umweltkarten-niedersachsen.de/Download_OE/HWSchutz/HWRMRL_Z2_Wassertiefen_HQhaeufig.zip;2026-09-17
Hitzacker;HQhäufig;CRS3035RES100mN3342200E4387300;1.000000;3.1245;karte;https://www.umweltkarten-niedersachsen.de/Download_OE/HWSchutz/HWRMRL_Z2_Risikogebiete_HQhaeufig.zip;https://www.umweltkarten-niedersachsen.de/Download_OE/HWSchutz/HWRMRL_Z2_Wassertiefen_HQhaeufig.zip;2026-09-17
Hitzacker;HQhäufig;CRS3035RES100mN3342200E4387400;1.000000;3.1634;karte;https://www.umweltkarten-niedersachsen.de/Download_OE/HWSchutz/HWRMRL_Z2_Risikogebiete_HQhaeufig.zip;https://www.umweltkarten-niedersachsen.de/Download_OE/HWSchutz/HWRMRL_Z2_Wassertiefen_HQhaeufig.zip;2026-09-17
Hitzacker;HQhäufig;CRS3035RES100mN3342200E4387500;1.000000;2.7323;karte;https://www.umweltkarten-niedersachsen.de/Download_OE/HWSchutz/HWRMRL_Z2_Risikogebiete_HQhaeufig.zip;https://www.umweltkarten-niedersachsen.de/Download_OE/HWSchutz/HWRMRL_Z2_Wassertiefen_HQhaeufig.zip;2026-09-17
Hitzacker;HQhäufig;CRS3035RES100mN3342200E4387600;1.000000;2.7065;karte;https://www.umweltkarten-niedersachsen.de/Download_OE/HWSchutz/HWRMRL_Z2_Risikogebiete_HQhaeufig.zip;https://www.umweltkarten-niedersachsen.de/Download_OE/HWSchutz/HWRMRL_Z2_Wassertiefen_HQhaeufig.zip;2026-09-17
Hitzacker;HQhäufig;CRS3035RES100mN3342200E4387700;1.000000;3.5028;karte;https://www.umweltkarten-niedersachsen.de/Download_OE/HWSchutz/HWRMRL_Z2_Risikogebiete_HQhaeufig.zip;https://www.umweltkarten-niedersachsen.de/Download_OE/HWSchutz/HWRMRL_Z2_Wassertiefen_HQhaeufig.zip;2026-09-17
Hitzacker;HQhäufig;CRS3035RES100mN3342200E4387800;1.000000;3.9205;karte;https://www.umweltkarten-niedersachsen.de/Download_OE/HWSchutz/HWRMRL_Z2_Risikogebiete_HQhaeufig.zip;https://www.umweltkarten-niedersachsen.de/Download_OE/HWSchutz/HWRMRL_Z2_Wassertiefen_HQhaeufig.zip;2026-09-17
Hitzacker;HQhäufig;CRS3035RES100mN3342200E4387900;1.000000;4.0000;karte;https://www.umweltkarten-niedersachsen.de/Download_OE/HWSchutz/HWRMRL_Z2_Risikogebiete_HQhaeufig.zip;https://www.umweltkarten-niedersachsen.de/Download_OE/HWSchutz/HWRMRL_Z2_Wassertiefen_HQhaeufig.zip;2026-09-17
Hitzacker;HQhäufig;CRS3035RES100mN3342200E4388000;1.000000;4.0000;karte;https://www.umweltkarten-niedersachsen.de/Download_OE/HWSchutz/HWRMRL_Z2_Risikogebiete_HQhaeufig.zip;https://www.umweltkarten-niedersachsen.de/Download_OE/HWSchutz/HWRMRL_Z2_Wassertiefen_HQhaeufig.zip;2026-09-17
Hitzacker;HQhäufig;CRS3035RES100mN3342200E4388100;1.000000;4.0000;karte;https://www.umweltkarten-niedersachsen.de/Download_OE/HWSchutz/HWRMRL_Z2_Risikogebiete_HQhaeufig.zip;https://www.umweltkarten-niedersachsen.de/Download_OE/HWSchutz/HWRMRL_Z2_Wassertiefen_HQhaeufig.zip;2026-09-17
Hitzacker;HQhäufig;CRS3035RES100mN3342300E4386600;0.021444;3.0000;karte;https://www.umweltkarten-niedersachsen.de/Download_OE/HWSchutz/HWRMRL_Z2_Risikogebiete_HQhaeufig.zip;https://www.umweltkarten-niedersachsen.de/Download_OE/HWSchutz/HWRMRL_Z2_Wassertiefen_HQhaeufig.zip;2026-09-17
Hitzacker;HQhäufig;CRS3035RES100mN3342300E4386700;0.824770;3.0000;karte;https://www.umweltkarten-niedersachsen.de/Download_OE/HWSchutz/HWRMRL_Z2_Risikogebiete_HQhaeufig.zip;https://www.umweltkarten-niedersachsen.de/Download_OE/HWSchutz/HWRMRL_Z2_Wassertiefen_HQhaeufig.zip;2026-09-17
Hitzacker;HQhäufig;CRS3035RES100mN3342300E4386800;1.000000;3.0000;karte;https://www.umweltkarten-niedersachsen.de/Download_OE/HWSchutz/HWRMRL_Z2_Risikogebiete_HQhaeufig.zip;https://www.umweltkarten-niedersachsen.de/Download_OE/HWSchutz/HWRMRL_Z2_Wassertiefen_HQhaeufig.zip;2026-09-17
Hitzacker;HQhäufig;CRS3035RES100mN3342300E4386900;1.000000;3.0000;karte;https://www.umweltkarten-niedersachsen.de/Download_OE/HWSchutz/HWRMRL_Z2_Risikogebiete_HQhaeufig.zip;https://www.umweltkarten-niedersachsen.de/Download_OE/HWSchutz/HWRMRL_Z2_Wassertiefen_HQhaeufig.zip;2026-09-17
Hitzacker;HQhäufig;CRS3035RES100mN3342300E4387000;1.000000;3.6279;karte;https://www.umweltkarten-niedersachsen.de/Download_OE/HWSchutz/HWRMRL_Z2_Risikogebiete_HQhaeufig.zip;https://www.umweltkarten-niedersachsen.de/Download_OE/HWSchutz/HWRMRL_Z2_Wassertiefen_HQhaeufig.zip;2026-09-17
Hitzacker;HQhäufig;CRS3035RES100mN3342300E4387100;1.000000;3.2211;karte;https://www.umweltkarten-niedersachsen.de/Download_OE/HWSchutz/HWRMRL_Z2_Risikogebiete_HQhaeufig.zip;https://www.umweltkarten-niedersachsen.de/Download_OE/HWSchutz/HWRMRL_Z2_Wassertiefen_HQhaeufig.zip;2026-09-17
Hitzacker;HQhäufig;CRS3035RES100mN3342300E4387200;1.000000;3.0000;karte;https://www.umweltkarten-niedersachsen.de/Download_OE/HWSchutz/HWRMRL_Z2_Risikogebiete_HQhaeufig.zip;https://www.umweltkarten-niedersachsen.de/Download_OE/HWSchutz/HWRMRL_Z2_Wassertiefen_HQhaeufig.zip;2026-09-17
Hitzacker;HQhäufig;CRS3035RES100mN3342300E4387300;1.000000;3.0000;karte;https://www.umweltkarten-niedersachsen.de/Download_OE/HWSchutz/HWRMRL_Z2_Risikogebiete_HQhaeufig.zip;https://www.umweltkarten-niedersachsen.de/Download_OE/HWSchutz/HWRMRL_Z2_Wassertiefen_HQhaeufig.zip;2026-09-17
Hitzacker;HQhäufig;CRS3035RES100mN3342300E4387400;1.000000;3.0514;karte;https://www.umweltkarten-niedersachsen.de/Download_OE/HWSchutz/HWRMRL_Z2_Risikogebiete_HQhaeufig.zip;https://www.umweltkarten-niedersachsen.de/Download_OE/HWSchutz/HWRMRL_Z2_Wassertiefen_HQhaeufig.zip;2026-09-17
Hitzacker;HQhäufig;CRS3035RES100mN3342300E4387500;1.000000;3.4872;karte;https://www.umweltkarten-niedersachsen.de/Download_OE/HWSchutz/HWRMRL_Z2_Risikogebiete_HQhaeufig.zip;https://www.umweltkarten-niedersachsen.de/Download_OE/HWSchutz/HWRMRL_Z2_Wassertiefen_HQhaeufig.zip;2026-09-17
Hitzacker;HQhäufig;CRS3035RES100mN3342300E4387600;1.000000;3.9727;karte;https://www.umweltkarten-niedersachsen.de/Download_OE/HWSchutz/HWRMRL_Z2_Risikogebiete_HQhaeufig.zip;https://www.umweltkarten-niedersachsen.de/Download_OE/HWSchutz/HWRMRL_Z2_Wassertiefen_HQhaeufig.zip;2026-09-17
Hitzacker;HQhäufig;CRS3035RES100mN3342300E4387700;1.000000;4.0000;karte;https://www.umweltkarten-niedersachsen.de/Download_OE/HWSchutz/HWRMRL_Z2_Risikogebiete_HQhaeufig.zip;https://www.umweltkarten-niedersachsen.de/Download_OE/HWSchutz/HWRMRL_Z2_Wassertiefen_HQhaeufig.zip;2026-09-17
Hitzacker;HQhäufig;CRS3035RES100mN3342300E4387800;1.000000;4.0000;karte;https://www.umweltkarten-niedersachsen.de/Download_OE/HWSchutz/HWRMRL_Z2_Risikogebiete_HQhaeufig.zip;https://www.umweltkarten-niedersachsen.de/Download_OE/HWSchutz/HWRMRL_Z2_Wassertiefen_HQhaeufig.zip;2026-09-17
Hitzacker;HQhäufig;CRS3035RES100mN3342300E4387900;1.000000;4.0000;karte;https://www.umweltkarten-niedersachsen.de/Download_OE/HWSchutz/HWRMRL_Z2_Risikogebiete_HQhaeufig.zip;https://www.umweltkarten-niedersachsen.de/Download_OE/HWSchutz/HWRMRL_Z2_Wassertiefen_HQhaeufig.zip;2026-09-17
Hitzacker;HQhäufig;CRS3035RES100mN3342300E4388000;1.000000;4.0000;karte;https://www.umweltkarten-niedersachsen.de/Download_OE/HWSchutz/HWRMRL_Z2_Risikogebiete_HQhaeufig.zip;https://www.umweltkarten-niedersachsen.de/Download_OE/HWSchutz/HWRMRL_Z2_Wassertiefen_HQhaeufig.zip;2026-09-17
Hitzacker;HQhäufig;CRS3035RES100mN3342400E4386600;0.308533;3.0000;karte;https://www.umweltkarten-niedersachsen.de/Download_OE/HWSchutz/HWRMRL_Z2_Risikogebiete_HQhaeufig.zip;https://www.umweltkarten-niedersachsen.de/Download_OE/HWSchutz/HWRMRL_Z2_Wassertiefen_HQhaeufig.zip;2026-09-17
Hitzacker;HQhäufig;CRS3035RES100mN3342400E4386700;1.000000;3.0000;karte;https://www.umweltkarten-niedersachsen.de/Download_OE/HWSchutz/HWRMRL_Z2_Risikogebiete_HQhaeufig.zip;https://www.umweltkarten-niedersachsen.de/Download_OE/HWSchutz/HWRMRL_Z2_Wassertiefen_HQhaeufig.zip;2026-09-17
Hitzacker;HQhäufig;CRS3035RES100mN3342400E4386800;1.000000;3.0000;karte;https://www.umweltkarten-niedersachsen.de/Download_OE/HWSchutz/HWRMRL_Z2_Risikogebiete_HQhaeufig.zip;https://www.umweltkarten-niedersachsen.de/Download_OE/HWSchutz/HWRMRL_Z2_Wassertiefen_HQhaeufig.zip;2026-09-17
Hitzacker;HQhäufig;CRS3035RES100mN3342400E4386900;1.000000;3.0000;karte;https://www.umweltkarten-niedersachsen.de/Download_OE/HWSchutz/HWRMRL_Z2_Risikogebiete_HQhaeufig.zip;https://www.umweltkarten-niedersachsen.de/Download_OE/HWSchutz/HWRMRL_Z2_Wassertiefen_HQhaeufig.zip;2026-09-17
Hitzacker;HQhäufig;CRS3035RES100mN3342400E4387000;1.000000;3.7272;karte;https://www.umweltkarten-niedersachsen.de/Download_OE/HWSchutz/HWRMRL_Z2_Risikogebiete_HQhaeufig.zip;https://www.umweltkarten-niedersachsen.de/Download_OE/HWSchutz/HWRMRL_Z2_Wassertiefen_HQhaeufig.zip;2026-09-17
Hitzacker;HQhäufig;CRS3035RES100mN3342400E4387100;1.000000;3.0501;karte;https://www.umweltkarten-niedersachsen.de/Download_OE/HWSchutz/HWRMRL_Z2_Risikogebiete_HQhaeufig.zip;https://www.umweltkarten-niedersachsen.de/Download_OE/HWSchutz/HWRMRL_Z2_Wassertiefen_HQhaeufig.zip;2026-09-17
Hitzacker;HQhäufig;CRS3035RES100mN3342400E4387200;1.000000;3.0000;karte;https://www.umweltkarten-niedersachsen.de/Download_OE/HWSchutz/HWRMRL_Z2_Risikogebiete_HQhaeufig.zip;https://www.umweltkarten-niedersachsen.de/Download_OE/HWSchutz/HWRMRL_Z2_Wassertiefen_HQhaeufig.zip;2026-09-17
Hitzacker;HQhäufig;CRS3035RES100mN3342400E4387300;1.000000;3.2913;karte;https://www.umweltkarten-niedersachsen.de/Download_OE/HWSchutz/HWRMRL_Z2_Risikogebiete_HQhaeufig.zip;https://www.umweltkarten-niedersachsen.de/Download_OE/HWSchutz/HWRMRL_Z2_Wassertiefen_HQhaeufig.zip;2026-09-17
Hitzacker;HQhäufig;CRS3035RES100mN3342400E4387400;1.000000;3.9315;karte;https://www.umweltkarten-niedersachsen.de/Download_OE/HWSchutz/HWRMRL_Z2_Risikogebiete_HQhaeufig.zip;https://www.umweltkarten-niedersachsen.de/Download_OE/HWSchutz/HWRMRL_Z2_Wassertiefen_HQhaeufig.zip;2026-09-17
Hitzacker;HQhäufig;CRS3035RES100mN3342400E4387500;1.000000;4.0000;karte;https://www.umweltkarten-niedersachsen.de/Download_OE/HWSchutz/HWRMRL_Z2_Risikogebiete_HQhaeufig.zip;https://www.umweltkarten-niedersachsen.de/Download_OE/HWSchutz/HWRMRL_Z2_Wassertiefen_HQhaeufig.zip;2026-09-17
Hitzacker;HQhäufig;CRS3035RES100mN3342400E4387600;1.000000;4.0000;karte;https://www.umweltkarten-niedersachsen.de/Download_OE/HWSchutz/HWRMRL_Z2_Risikogebiete_HQhaeufig.zip;https://www.umweltkarten-niedersachsen.de/Download_OE/HWSchutz/HWRMRL_Z2_Wassertiefen_HQhaeufig.zip;2026-09-17
Hitzacker;HQhäufig;CRS3035RES100mN3342400E4387700;1.000000;4.0000;karte;https://www.umweltkarten-niedersachsen.de/Download_OE/HWSchutz/HWRMRL_Z2_Risikogebiete_HQhaeufig.zip;https://www.umweltkarten-niedersachsen.de/Download_OE/HWSchutz/HWRMRL_Z2_Wassertiefen_HQhaeufig.zip;2026-09-17
Hitzacker;HQhäufig;CRS3035RES100mN3342500E4386500;0.001109;4.0000;karte;https://www.umweltkarten-niedersachsen.de/Download_OE/HWSchutz/HWRMRL_Z2_Risikogebiete_HQhaeufig.zip;https://www.umweltkarten-niedersachsen.de/Download_OE/HWSchutz/HWRMRL_Z2_Wassertiefen_HQhaeufig.zip;2026-09-17
Hitzacker;HQhäufig;CRS3035RES100mN3342500E4386600;0.736327;3.0869;karte;https://www.umweltkarten-niedersachsen.de/Download_OE/HWSchutz/HWRMRL_Z2_Risikogebiete_HQhaeufig.zip;https://www.umweltkarten-niedersachsen.de/Download_OE/HWSchutz/HWRMRL_Z2_Wassertiefen_HQhaeufig.zip;2026-09-17
Hitzacker;HQhäufig;CRS3035RES100mN3342500E4386700;1.000000;3.0000;karte;https://www.umweltkarten-niedersachsen.de/Download_OE/HWSchutz/HWRMRL_Z2_Risikogebiete_HQhaeufig.zip;https://www.umweltkarten-niedersachsen.de/Download_OE/HWSchutz/HWRMRL_Z2_Wassertiefen_HQhaeufig.zip;2026-09-17
Hitzacker;HQhäufig;CRS3035RES100mN3342500E4386800;1.000000;3.0000;karte;https://www.umweltkarten-niedersachsen.de/Download_OE/HWSchutz/HWRMRL_Z2_Risikogebiete_HQhaeufig.zip;https://www.umweltkarten-niedersachsen.de/Download_OE/HWSchutz/HWRMRL_Z2_Wassertiefen_HQhaeufig.zip;2026-09-17
Hitzacker;HQhäufig;CRS3035RES100mN3342500E4386900;1.000000;3.0012;karte;https://www.umweltkarten-niedersachsen.de/Download_OE/HWSchutz/HWRMRL_Z2_Risikogebiete_HQhaeufig.zip;https://www.umweltkarten-niedersachsen.de/Download_OE/HWSchutz/HWRMRL_Z2_Wassertiefen_HQhaeufig.zip;2026-09-17
Hitzacker;HQhäufig;CRS3035RES100mN3342500E4387000;1.000000;3.7973;karte;https://www.umweltkarten-niedersachsen.de/Download_OE/HWSchutz/HWRMRL_Z2_Risikogebiete_HQhaeufig.zip;https://www.umweltkarten-niedersachsen.de/Download_OE/HWSchutz/HWRMRL_Z2_Wassertiefen_HQhaeufig.zip;2026-09-17
Hitzacker;HQhäufig;CRS3035RES100mN3342500E4387100;1.000000;3.2589;karte;https://www.umweltkarten-niedersachsen.de/Download_OE/HWSchutz/HWRMRL_Z2_Risikogebiete_HQhaeufig.zip;https://www.umweltkarten-niedersachsen.de/Download_OE/HWSchutz/HWRMRL_Z2_Wassertiefen_HQhaeufig.zip;2026-09-17
Hitzacker;HQhäufig;CRS3035RES100mN3342500E4387200;1.000000;3.5873;karte;https://www.umweltkarten-niedersachsen.de/Download_OE/HWSchutz/HWRMRL_Z2_Risikogebiete_HQhaeufig.zip;https://www.umweltkarten-niedersachsen.de/Download_OE/HWSchutz/HWRMRL_Z2_Wassertiefen_HQhaeufig.zip;2026-09-17
Hitzacker;HQhäufig;CRS3035RES100mN3342500E4387300;1.000000;3.9801;karte;https://www.umweltkarten-niedersachsen.de/Download_OE/HWSchutz/HWRMRL_Z2_Risikogebiete_HQhaeufig.zip;https://www.umweltkarten-niedersachsen.de/Download_OE/HWSchutz/HWRMRL_Z2_Wassertiefen_HQhaeufig.zip;2026-09-17
Hitzacker;HQhäufig;CRS3035RES100mN3342500E4387400;1.000000;4.0000;karte;https://www.umweltkarten-niedersachsen.de/Download_OE/HWSchutz/HWRMRL_Z2_Risikogebiete_HQhaeufig.zip;https://www.umweltkarten-niedersachsen.de/Download_OE/HWSchutz/HWRMRL_Z2_Wassertiefen_HQhaeufig.zip;2026-09-17
Hitzacker;HQhäufig;CRS3035RES100mN3342500E4387500;1.000000;4.0000;karte;https://www.umweltkarten-niedersachsen.de/Download_OE/HWSchutz/HWRMRL_Z2_Risikogebiete_HQhaeufig.zip;https://www.umweltkarten-niedersachsen.de/Download_OE/HWSchutz/HWRMRL_Z2_Wassertiefen_HQhaeufig.zip;2026-09-17
Hitzacker;HQhäufig;CRS3035RES100mN3342600E4386500;0.222381;3.1241;karte;https://www.umweltkarten-niedersachsen.de/Download_OE/HWSchutz/HWRMRL_Z2_Risikogebiete_HQhaeufig.zip;https://www.umweltkarten-niedersachsen.de/Download_OE/HWSchutz/HWRMRL_Z2_Wassertiefen_HQhaeufig.zip;2026-09-17
Hitzacker;HQhäufig;CRS3035RES100mN3342600E4386600;1.000000;3.6838;karte;https://www.umweltkarten-niedersachsen.de/Download_OE/HWSchutz/HWRMRL_Z2_Risikogebiete_HQhaeufig.zip;https://www.umweltkarten-niedersachsen.de/Download_OE/HWSchutz/HWRMRL_Z2_Wassertiefen_HQhaeufig.zip;2026-09-17
Hitzacker;HQhäufig;CRS3035RES100mN3342600E4386700;1.000000;3.1494;karte;https://www.umweltkarten-niedersachsen.de/Download_OE/HWSchutz/HWRMRL_Z2_Risikogebiete_HQhaeufig.zip;https://www.umweltkarten-niedersachsen.de/Download_OE/HWSchutz/HWRMRL_Z2_Wassertiefen_HQhaeufig.zip;2026-09-17
Hitzacker;HQhäufig;CRS3035RES100mN3342600E4386800;1.000000;3.3214;karte;https://www.umweltkarten-niedersachsen.de/Download_OE/HWSchutz/HWRMRL_Z2_Risikogebiete_HQhaeufig.zip;https://www.umweltkarten-niedersachsen.de/Download_OE/HWSchutz/HWRMRL_Z2_Wassertiefen_HQhaeufig.zip;2026-09-17
Hitzacker;HQhäufig;CRS3035RES100mN3342600E4386900;1.000000;3.1352;karte;https://www.umweltkarten-niedersachsen.de/Download_OE/HWSchutz/HWRMRL_Z2_Risikogebiete_HQhaeufig.zip;https://www.umweltkarten-niedersachsen.de/Download_OE/HWSchutz/HWRMRL_Z2_Wassertiefen_HQhaeufig.zip;2026-09-17
Hitzacker;HQhäufig;CRS3035RES100mN3342600E4387000;1.000000;3.9771;karte;https://www.umweltkarten-niedersachsen.de/Download_OE/HWSchutz/HWRMRL_Z2_Risikogebiete_HQhaeufig.zip;https://www.umweltkarten-niedersachsen.de/Download_OE/HWSchutz/HWRMRL_Z2_Wassertiefen_HQhaeufig.zip;2026-09-17
Hitzacker;HQhäufig;CRS3035RES100mN3342600E4387100;1.000000;3.9987;karte;https://www.umweltkarten-niedersachsen.de/Download_OE/HWSchutz/HWRMRL_Z2_Risikogebiete_HQhaeufig.zip;https://www.umweltkarten-niedersachsen.de/Download_OE/HWSchutz/HWRMRL_Z2_Wassertiefen_HQhaeufig.zip;2026-09-17
Hitzacker;HQhäufig;CRS3035RES100mN3342600E4387200;1.000000;4.0000;karte;https://www.umweltkarten-niedersachsen.de/Download_OE/HWSchutz/HWRMRL_Z2_Risikogebiete_HQhaeufig.zip;https://www.umweltkarten-niedersachsen.de/Download_OE/HWSchutz/HWRMRL_Z2_Wassertiefen_HQhaeufig.zip;2026-09-17
Hitzacker;HQhäufig;CRS3035RES100mN3342600E4387300;1.000000;4.0000;karte;https://www.umweltkarten-niedersachsen.de/Download_OE/HWSchutz/HWRMRL_Z2_Risikogebiete_HQhaeufig.zip;https://www.umweltkarten-niedersachsen.de/Download_OE/HWSchutz/HWRMRL_Z2_Wassertiefen_HQhaeufig.zip;2026-09-17
Hitzacker;HQhäufig;CRS3035RES100mN3342700E4386500;0.678843;3.4333;karte;https://www.umweltkarten-niedersachsen.de/Download_OE/HWSchutz/HWRMRL_Z2_Risikogebiete_HQhaeufig.zip;https://www.umweltkarten-niedersachsen.de/Download_OE/HWSchutz/HWRMRL_Z2_Wassertiefen_HQhaeufig.zip;2026-09-17
Hitzacker;HQhäufig;CRS3035RES100mN3342700E4386600;1.000000;3.8381;karte;https://www.umweltkarten-niedersachsen.de/Download_OE/HWSchutz/HWRMRL_Z2_Risikogebiete_HQhaeufig.zip;https://www.umweltkarten-niedersachsen.de/Download_OE/HWSchutz/HWRMRL_Z2_Wassertiefen_HQhaeufig.zip;2026-09-17
Hitzacker;HQhäufig;CRS3035RES100mN3342700E4386700;1.000000;3.6177;karte;https://www.umweltkarten-niedersachsen.de/Download_OE/HWSchutz/HWRMRL_Z2_Risikogebiete_HQhaeufig.zip;https://www.umweltkarten-niedersachsen.de/Download_OE/HWSchutz/HWRMRL_Z2_Wassertiefen_HQhaeufig.zip;2026-09-17
Hitzacker;HQhäufig;CRS3035RES100mN3342700E4386800;1.000000;3.3187;karte;https://www.umweltkarten-niedersachsen.de/Download_OE/HWSchutz/HWRMRL_Z2_Risikogebiete_HQhaeufig.zip;https://www.umweltkarten-niedersachsen.de/Download_OE/HWSchutz/HWRMRL_Z2_Wassertiefen_HQhaeufig.zip;2026-09-17
Hitzacker;HQhäufig;CRS3035RES100mN3342700E4386900;1.000000;3.7957;karte;https://www.umweltkarten-niedersachsen.de/Download_OE/HWSchutz/HWRMRL_Z2_Risikogebiete_HQhaeufig.zip;https://www.umweltkarten-niedersachsen.de/Download_OE/HWSchutz/HWRMRL_Z2_Wassertiefen_HQhaeufig.zip;2026-09-17
Hitzacker;HQhäufig;CRS3035RES100mN3342700E4387000;1.000000;4.0000;karte;https://www.umweltkarten-niedersachsen.de/Download_OE/HWSchutz/HWRMRL_Z2_Risikogebiete_HQhaeufig.zip;https://www.umweltkarten-niedersachsen.de/Download_OE/HWSchutz/HWRMRL_Z2_Wassertiefen_HQhaeufig.zip;2026-09-17
Hitzacker;HQhäufig;CRS3035RES100mN3342700E4387100;1.000000;4.0000;karte;https://www.umweltkarten-niedersachsen.de/Download_OE/HWSchutz/HWRMRL_Z2_Risikogebiete_HQhaeufig.zip;https://www.umweltkarten-niedersachsen.de/Download_OE/HWSchutz/HWRMRL_Z2_Wassertiefen_HQhaeufig.zip;2026-09-17
Hitzacker;HQhäufig;CRS3035RES100mN3342800E4386400;0.006269;1.0305;karte;https://www.umweltkarten-niedersachsen.de/Download_OE/HWSchutz/HWRMRL_Z2_Risikogebiete_HQhaeufig.zip;https://www.umweltkarten-niedersachsen.de/Download_OE/HWSchutz/HWRMRL_Z2_Wassertiefen_HQhaeufig.zip;2026-09-17
Hitzacker;HQhäufig;CRS3035RES100mN3342800E4386500;0.891041;3.0659;karte;https://www.umweltkarten-niedersachsen.de/Download_OE/HWSchutz/HWRMRL_Z2_Risikogebiete_HQhaeufig.zip;https://www.umweltkarten-niedersachsen.de/Download_OE/HWSchutz/HWRMRL_Z2_Wassertiefen_HQhaeufig.zip;2026-09-17
Hitzacker;HQhäufig;CRS3035RES100mN3342800E4386600;1.000000;3.9649;karte;https://www.umweltkarten-niedersachsen.de/Download_OE/HWSchutz/HWRMRL_Z2_Risikogebiete_HQhaeufig.zip;https://www.umweltkarten-niedersachsen.de/Download_OE/HWSchutz/HWRMRL_Z2_Wassertiefen_HQhaeufig.zip;2026-09-17
Hitzacker;HQhäufig;CRS3035RES100mN3342800E4386700;1.000000;3.4718;karte;https://www.umweltkarten-niedersachsen.de/Download_OE/HWSchutz/HWRMRL_Z2_Risikogebiete_HQhaeufig.zip;https://www.umweltkarten-niedersachsen.de/Download_OE/HWSchutz/HWRMRL_Z2_Wassertiefen_HQhaeufig.zip;2026-09-17
Hitzacker;HQhäufig;CRS3035RES100mN3342800E4386800;1.000000;3.9111;karte;https://www.umweltkarten-niedersachsen.de/Download_OE/HWSchutz/HWRMRL_Z2_Risikogebiete_HQhaeufig.zip;https://www.umweltkarten-niedersachsen.de/Download_OE/HWSchutz/HWRMRL_Z2_Wassertiefen_HQhaeufig.zip;2026-09-17
Hitzacker;HQhäufig;CRS3035RES100mN3342800E4386900;1.000000;4.0000;karte;https://www.umweltkarten-niedersachsen.de/Download_OE/HWSchutz/HWRMRL_Z2_Risikogebiete_HQhaeufig.zip;https://www.umweltkarten-niedersachsen.de/Download_OE/HWSchutz/HWRMRL_Z2_Wassertiefen_HQhaeufig.zip;2026-09-17
Hitzacker;HQhäufig;CRS3035RES100mN3342800E4387000;1.000000;4.0000;karte;https://www.umweltkarten-niedersachsen.de/Download_OE/HWSchutz/HWRMRL_Z2_Risikogebiete_HQhaeufig.zip;https://www.umweltkarten-niedersachsen.de/Download_OE/HWSchutz/HWRMRL_Z2_Wassertiefen_HQhaeufig.zip;2026-09-17
Hitzacker;HQhäufig;CRS3035RES100mN3342900E4386400;0.157679;3.2880;karte;https://www.umweltkarten-niedersachsen.de/Download_OE/HWSchutz/HWRMRL_Z2_Risikogebiete_HQhaeufig.zip;https://www.umweltkarten-niedersachsen.de/Download_OE/HWSchutz/HWRMRL_Z2_Wassertiefen_HQhaeufig.zip;2026-09-17
Hitzacker;HQhäufig;CRS3035RES100mN3342900E4386500;0.991532;3.8664;karte;https://www.umweltkarten-niedersachsen.de/Download_OE/HWSchutz/HWRMRL_Z2_Risikogebiete_HQhaeufig.zip;https://www.umweltkarten-niedersachsen.de/Download_OE/HWSchutz/HWRMRL_Z2_Wassertiefen_HQhaeufig.zip;2026-09-17
Hitzacker;HQhäufig;CRS3035RES100mN3342900E4386600;1.000000;3.8315;karte;https://www.umweltkarten-niedersachsen.de/Download_OE/HWSchutz/HWRMRL_Z2_Risikogebiete_HQhaeufig.zip;https://www.umweltkarten-niedersachsen.de/Download_OE/HWSchutz/HWRMRL_Z2_Wassertiefen_HQhaeufig.zip;2026-09-17
Hitzacker;HQhäufig;CRS3035RES100mN3342900E4386700;1.000000;3.9659;karte;https://www.umweltkarten-niedersachsen.de/Download_OE/HWSchutz/HWRMRL_Z2_Risikogebiete_HQhaeufig.zip;https://www.umweltkarten-niedersachsen.de/Download_OE/HWSchutz/HWRMRL_Z2_Wassertiefen_HQhaeufig.zip;2026-09-17
Hitzacker;HQhäufig;CRS3035RES100mN3342900E4386800;1.000000;4.0000;karte;https://www.umweltkarten-niedersachsen.de/Download_OE/HWSchutz/HWRMRL_Z2_Risikogebiete_HQhaeufig.zip;https://www.umweltkarten-niedersachsen.de/Download_OE/HWSchutz/HWRMRL_Z2_Wassertiefen_HQhaeufig.zip;2026-09-17
Hitzacker;HQhäufig;CRS3035RES100mN3343000E4386300;0.041731;4.0000;karte;https://www.umweltkarten-niedersachsen.de/Download_OE/HWSchutz/HWRMRL_Z2_Risikogebiete_HQhaeufig.zip;https://www.umweltkarten-niedersachsen.de/Download_OE/HWSchutz/HWRMRL_Z2_Wassertiefen_HQhaeufig.zip;2026-09-17
Hitzacker;HQhäufig;CRS3035RES100mN3343000E4386400;0.849651;4.0000;karte;https://www.umweltkarten-niedersachsen.de/Download_OE/HWSchutz/HWRMRL_Z2_Risikogebiete_HQhaeufig.zip;https://www.umweltkarten-niedersachsen.de/Download_OE/HWSchutz/HWRMRL_Z2_Wassertiefen_HQhaeufig.zip;2026-09-17
Hitzacker;HQhäufig;CRS3035RES100mN3343000E4386500;1.000000;4.0000;karte;https://www.umweltkarten-niedersachsen.de/Download_OE/HWSchutz/HWRMRL_Z2_Risikogebiete_HQhaeufig.zip;https://www.umweltkarten-niedersachsen.de/Download_OE/HWSchutz/HWRMRL_Z2_Wassertiefen_HQhaeufig.zip;2026-09-17
Hitzacker;HQhäufig;CRS3035RES100mN3343000E4386600;1.000000;4.0000;karte;https://www.umweltkarten-niedersachsen.de/Download_OE/HWSchutz/HWRMRL_Z2_Risikogebiete_HQhaeufig.zip;https://www.umweltkarten-niedersachsen.de/Download_OE/HWSchutz/HWRMRL_Z2_Wassertiefen_HQhaeufig.zip;2026-09-17
Hitzacker;HQhäufig;CRS3035RES100mN3343000E4386700;1.000000;4.0000;karte;https://www.umweltkarten-niedersachsen.de/Download_OE/HWSchutz/HWRMRL_Z2_Risikogebiete_HQhaeufig.zip;https://www.umweltkarten-niedersachsen.de/Download_OE/HWSchutz/HWRMRL_Z2_Wassertiefen_HQhaeufig.zip;2026-09-17
Hitzacker;HQhäufig;CRS3035RES100mN3343100E4386200;0.085789;3.1205;karte;https://www.umweltkarten-niedersachsen.de/Download_OE/HWSchutz/HWRMRL_Z2_Risikogebiete_HQhaeufig.zip;https://www.umweltkarten-niedersachsen.de/Download_OE/HWSchutz/HWRMRL_Z2_Wassertiefen_HQhaeufig.zip;2026-09-17
Hitzacker;HQhäufig;CRS3035RES100mN3343100E4386300;0.783002;3.9140;karte;https://www.umweltkarten-niedersachsen.de/Download_OE/HWSchutz/HWRMRL_Z2_Risikogebiete_HQhaeufig.zip;https://www.umweltkarten-niedersachsen.de/Download_OE/HWSchutz/HWRMRL_Z2_Wassertiefen_HQhaeufig.zip;2026-09-17
Hitzacker;HQhäufig;CRS3035RES100mN3343100E4386400;1.000000;4.0000;karte;https://www.umweltkarten-niedersachsen.de/Download_OE/HWSchutz/HWRMRL_Z2_Risikogebiete_HQhaeufig.zip;https://www.umweltkarten-niedersachsen.de/Download_OE/HWSchutz/HWRMRL_Z2_Wassertiefen_HQhaeufig.zip;2026-09-17
Hitzacker;HQhäufig;CRS3035RES100mN3343100E4386500;1.000000;4.0000;karte;https://www.umweltkarten-niedersachsen.de/Download_OE/HWSchutz/HWRMRL_Z2_Risikogebiete_HQhaeufig.zip;https://www.umweltkarten-niedersachsen.de/Download_OE/HWSchutz/HWRMRL_Z2_Wassertiefen_HQhaeufig.zip;2026-09-17
Hitzacker;HQhäufig;CRS3035RES100mN3343100E4386600;1.000000;4.0000;karte;https://www.umweltkarten-niedersachsen.de/Download_OE/HWSchutz/HWRMRL_Z2_Risikogebiete_HQhaeufig.zip;https://www.umweltkarten-niedersachsen.de/Download_OE/HWSchutz/HWRMRL_Z2_Wassertiefen_HQhaeufig.zip;2026-09-17
Hitzacker;HQhäufig;CRS3035RES100mN3343200E4386100;0.153581;2.8491;karte;https://www.umweltkarten-niedersachsen.de/Download_OE/HWSchutz/HWRMRL_Z2_Risikogebiete_HQhaeufig.zip;https://www.umweltkarten-niedersachsen.de/Download_OE/HWSchutz/HWRMRL_Z2_Wassertiefen_HQhaeufig.zip;2026-09-17
Hitzacker;HQhäufig;CRS3035RES100mN3343200E4386200;0.866587;3.5905;karte;https://www.umweltkarten-niedersachsen.de/Download_OE/HWSchutz/HWRMRL_Z2_Risikogebiete_HQhaeufig.zip;https://www.umweltkarten-niedersachsen.de/Download_OE/HWSchutz/HWRMRL_Z2_Wassertiefen_HQhaeufig.zip;2026-09-17
Hitzacker;HQhäufig;CRS3035RES100mN3343200E4386300;1.000000;4.0000;karte;https://www.umweltkarten-niedersachsen.de/Download_OE/HWSchutz/HWRMRL_Z2_Risikogebiete_HQhaeufig.zip;https://www.umweltkarten-niedersachsen.de/Download_OE/HWSchutz/HWRMRL_Z2_Wassertiefen_HQhaeufig.zip;2026-09-17
Hitzacker;HQhäufig;CRS3035RES100mN3343200E4386400;1.000000;4.0000;karte;https://www.umweltkarten-niedersachsen.de/Download_OE/HWSchutz/HWRMRL_Z2_Risikogebiete_HQhaeufig.zip;https://www.umweltkarten-niedersachsen.de/Download_OE/HWSchutz/HWRMRL_Z2_Wassertiefen_HQhaeufig.zip;2026-09-17
Hitzacker;HQhäufig;CRS3035RES100mN3343200E4386500;1.000000;4.0000;karte;https://www.umweltkarten-niedersachsen.de/Download_OE/HWSchutz/HWRMRL_Z2_Risikogebiete_HQhaeufig.zip;https://www.umweltkarten-niedersachsen.de/Download_OE/HWSchutz/HWRMRL_Z2_Wassertiefen_HQhaeufig.zip;2026-09-17
Hitzacker;HQhäufig;CRS3035RES100mN3343300E4386000;0.245171;2.3113;karte;https://www.umweltkarten-niedersachsen.de/Download_OE/HWSchutz/HWRMRL_Z2_Risikogebiete_HQhaeufig.zip;https://www.umweltkarten-niedersachsen.de/Download_OE/HWSchutz/HWRMRL_Z2_Wassertiefen_HQhaeufig.zip;2026-09-17
Hitzacker;HQhäufig;CRS3035RES100mN3343300E4386100;0.929711;3.2331;karte;https://www.umweltkarten-niedersachsen.de/Download_OE/HWSchutz/HWRMRL_Z2_Risikogebiete_HQhaeufig.zip;https://www.umweltkarten-niedersachsen.de/Download_OE/HWSchutz/HWRMRL_Z2_Wassertiefen_HQhaeufig.zip;2026-09-17
Hitzacker;HQhäufig;CRS3035RES100mN3343300E4386200;1.000000;4.0000;karte;https://www.umweltkarten-niedersachsen.de/Download_OE/HWSchutz/HWRMRL_Z2_Risikogebiete_HQhaeufig.zip;https://www.umweltkarten-niedersachsen.de/Download_OE/HWSchutz/HWRMRL_Z2_Wassertiefen_HQhaeufig.zip;2026-09-17
Hitzacker;HQhäufig;CRS3035RES100mN3343300E4386300;1.000000;4.0000;karte;https://www.umweltkarten-niedersachsen.de/Download_OE/HWSchutz/HWRMRL_Z2_Risikogebiete_HQhaeufig.zip;https://www.umweltkarten-niedersachsen.de/Download_OE/HWSchutz/HWRMRL_Z2_Wassertiefen_HQhaeufig.zip;2026-09-17
Hitzacker;HQhäufig;CRS3035RES100mN3343300E4386400;1.000000;4.0000;karte;https://www.umweltkarten-niedersachsen.de/Download_OE/HWSchutz/HWRMRL_Z2_Risikogebiete_HQhaeufig.zip;https://www.umweltkarten-niedersachsen.de/Download_OE/HWSchutz/HWRMRL_Z2_Wassertiefen_HQhaeufig.zip;2026-09-17
Hitzacker;HQhäufig;CRS3035RES100mN3343400E4385800;0.015980;3.0000;karte;https://www.umweltkarten-niedersachsen.de/Download_OE/HWSchutz/HWRMRL_Z2_Risikogebiete_HQhaeufig.zip;https://www.umweltkarten-niedersachsen.de/Download_OE/HWSchutz/HWRMRL_Z2_Wassertiefen_HQhaeufig.zip;2026-09-17
Hitzacker;HQhäufig;CRS3035RES100mN3343400E4385900;0.359269;3.0929;karte;https://www.umweltkarten-niedersachsen.de/Download_OE/HWSchutz/HWRMRL_Z2_Risikogebiete_HQhaeufig.zip;https://www.umweltkarten-niedersachsen.de/Download_OE/HWSchutz/HWRMRL_Z2_Wassertiefen_HQhaeufig.zip;2026-09-17
Hitzacker;HQhäufig;CRS3035RES100mN3343400E4386000;0.974958;3.6797;karte;https://www.umweltkarten-niedersachsen.de/Download_OE/HWSchutz/HWRMRL_Z2_Risikogebiete_HQhaeufig.zip;https://www.umweltkarten-niedersachsen.de/Download_OE/HWSchutz/HWRMRL_Z2_Wassertiefen_HQhaeufig.zip;2026-09-17
Hitzacker;HQhäufig;CRS3035RES100mN3343400E4386100;1.000000;3.9967;karte;https://www.umweltkarten-niedersachsen.de/Download_OE/HWSchutz/HWRMRL_Z2_Risikogebiete_HQhaeufig.zip;https://www.umweltkarten-niedersachsen.de/Download_OE/HWSchutz/HWRMRL_Z2_Wassertiefen_HQhaeufig.zip;2026-09-17
Hitzacker;HQhäufig;CRS3035RES100mN3343400E4386200;1.000000;4.0000;karte;https://www.umweltkarten-niedersachsen.de/Download_OE/HWSchutz/HWRMRL_Z2_Risikogebiete_HQhaeufig.zip;https://www.umweltkarten-niedersachsen.de/Download_OE/HWSchutz/HWRMRL_Z2_Wassertiefen_HQhaeufig.zip;2026-09-17
Hitzacker;HQhäufig;CRS3035RES100mN3343500E4385800;0.773858;3.3243;karte;https://www.umweltkarten-niedersachsen.de/Download_OE/HWSchutz/HWRMRL_Z2_Risikogebiete_HQhaeufig.zip;https://www.umweltkarten-niedersachsen.de/Download_OE/HWSchutz/HWRMRL_Z2_Wassertiefen_HQhaeufig.zip;2026-09-17
Hitzacker;HQhäufig;CRS3035RES100mN3343500E4385900;0.998200;3.8986;karte;https://www.umweltkarten-niedersachsen.de/Download_OE/HWSchutz/HWRMRL_Z2_Risikogebiete_HQhaeufig.zip;https://www.umweltkarten-niedersachsen.de/Download_OE/HWSchutz/HWRMRL_Z2_Wassertiefen_HQhaeufig.zip;2026-09-17
Hitzacker;HQhäufig;CRS3035RES100mN3343500E4386000;1.000000;4.0000;karte;https://www.umweltkarten-niedersachsen.de/Download_OE/HWSchutz/HWRMRL_Z2_Risikogebiete_HQhaeufig.zip;https://www.umweltkarten-niedersachsen.de/Download_OE/HWSchutz/HWRMRL_Z2_Wassertiefen_HQhaeufig.zip;2026-09-17
Hitzacker;HQhäufig;CRS3035RES100mN3343500E4386100;1.000000;4.0000;karte;https://www.umweltkarten-niedersachsen.de/Download_OE/HWSchutz/HWRMRL_Z2_Risikogebiete_HQhaeufig.zip;https://www.umweltkarten-niedersachsen.de/Download_OE/HWSchutz/HWRMRL_Z2_Wassertiefen_HQhaeufig.zip;2026-09-17
Hitzacker;HQhäufig;CRS3035RES100mN3343600E4385900;1.000000;4.0000;karte;https://www.umweltkarten-niedersachsen.de/Download_OE/HWSchutz/HWRMRL_Z2_Risikogebiete_HQhaeufig.zip;https://www.umweltkarten-niedersachsen.de/Download_OE/HWSchutz/HWRMRL_Z2_Wassertiefen_HQhaeufig.zip;2026-09-17
Hitzacker;HQhäufig;CRS3035RES100mN3343600E4386000;1.000000;4.0000;karte;https://www.umweltkarten-niedersachsen.de/Download_OE/HWSchutz/HWRMRL_Z2_Risikogebiete_HQhaeufig.zip;https://www.umweltkarten-niedersachsen.de/Download_OE/HWSchutz/HWRMRL_Z2_Wassertiefen_HQhaeufig.zip;2026-09-17
Hitzacker;HQ100;CRS3035RES100mN3337000E4393300;0.003490;4.0000;karte;https://www.umweltkarten-niedersachsen.de/Download_OE/HWSchutz/HWRMRL_Z2_Risikogebiete_HQ100.zip;https://www.umweltkarten-niedersachsen.de/Download_OE/HWSchutz/HWRMRL_Z2_Wassertiefen_HQ100.zip;2026-09-17
Hitzacker;HQ100;CRS3035RES100mN3337100E4393200;0.000053;4.0000;karte;https://www.umweltkarten-niedersachsen.de/Download_OE/HWSchutz/HWRMRL_Z2_Risikogebiete_HQ100.zip;https://www.umweltkarten-niedersachsen.de/Download_OE/HWSchutz/HWRMRL_Z2_Wassertiefen_HQ100.zip;2026-09-17
Hitzacker;HQ100;CRS3035RES100mN3337100E4393300;0.545888;4.0000;karte;https://www.umweltkarten-niedersachsen.de/Download_OE/HWSchutz/HWRMRL_Z2_Risikogebiete_HQ100.zip;https://www.umweltkarten-niedersachsen.de/Download_OE/HWSchutz/HWRMRL_Z2_Wassertiefen_HQ100.zip;2026-09-17
Hitzacker;HQ100;CRS3035RES100mN3337200E4392600;0.005528;3.5825;karte;https://www.umweltkarten-niedersachsen.de/Download_OE/HWSchutz/HWRMRL_Z2_Risikogebiete_HQ100.zip;https://www.umweltkarten-niedersachsen.de/Download_OE/HWSchutz/HWRMRL_Z2_Wassertiefen_HQ100.zip;2026-09-17
Hitzacker;HQ100;CRS3035RES100mN3337200E4392700;0.252869;3.8940;karte;https://www.umweltkarten-niedersachsen.de/Download_OE/HWSchutz/HWRMRL_Z2_Risikogebiete_HQ100.zip;https://www.umweltkarten-niedersachsen.de/Download_OE/HWSchutz/HWRMRL_Z2_Wassertiefen_HQ100.zip;2026-09-17
Hitzacker;HQ100;CRS3035RES100mN3337200E4392800;0.594956;3.4892;karte;https://www.umweltkarten-niedersachsen.de/Download_OE/HWSchutz/HWRMRL_Z2_Risikogebiete_HQ100.zip;https://www.umweltkarten-niedersachsen.de/Download_OE/HWSchutz/HWRMRL_Z2_Wassertiefen_HQ100.zip;2026-09-17
Hitzacker;HQ100;CRS3035RES100mN3337200E4392900;0.858224;3.4613;karte;https://www.umweltkarten-niedersachsen.de/Download_OE/HWSchutz/HWRMRL_Z2_Risikogebiete_HQ100.zip;https://www.umweltkarten-niedersachsen.de/Download_OE/HWSchutz/HWRMRL_Z2_Wassertiefen_HQ100.zip;2026-09-17
Hitzacker;HQ100;CRS3035RES100mN3337200E4393000;0.678894;3.5446;karte;https://www.umweltkarten-niedersachsen.de/Download_OE/HWSchutz/HWRMRL_Z2_Risikogebiete_HQ100.zip;https://www.umweltkarten-niedersachsen.de/Download_OE/HWSchutz/HWRMRL_Z2_Wassertiefen_HQ100.zip;2026-09-17
Hitzacker;HQ100;CRS3035RES100mN3337200E4393100;0.517168;3.7950;karte;https://www.umweltkarten-niedersachsen.de/Download_OE/HWSchutz/HWRMRL_Z2_Risikogebiete_HQ100.zip;https://www.umweltkarten-niedersachsen.de/Download_OE/HWSchutz/HWRMRL_Z2_Wassertiefen_HQ100.zip;2026-09-17
Hitzacker;HQ100;CRS3035RES100mN3337200E4393200;0.743958;3.9574;karte;https://www.umweltkarten-niedersachsen.de/Download_OE/HWSchutz/HWRMRL_Z2_Risikogebiete_HQ100.zip;https://www.umweltkarten-niedersachsen.de/Download_OE/HWSchutz/HWRMRL_Z2_Wassertiefen_HQ100.zip;2026-09-17
Hitzacker;HQ100;CRS3035RES100mN3337200E4393300;1.000000;4.0000;karte;https://www.umweltkarten-niedersachsen.de/Download_OE/HWSchutz/HWRMRL_Z2_Risikogebiete_HQ100.zip;https://www.umweltkarten-niedersachsen.de/Download_OE/HWSchutz/HWRMRL_Z2_Wassertiefen_HQ100.zip;2026-09-17
Hitzacker;HQ100;CRS3035RES100mN3337200E4393400;1.000000;4.0000;karte;https://www.umweltkarten-niedersachsen.de/Download_OE/HWSchutz/HWRMRL_Z2_Risikogebiete_HQ100.zip;https://www.umweltkarten-niedersachsen.de/Download_OE/HWSchutz/HWRMRL_Z2_Wassertiefen_HQ100.zip;2026-09-17
Hitzacker;HQ100;CRS3035RES100mN3337300E4392500;0.293810;3.3710;karte;https://www.umweltkarten-niedersachsen.de/Download_OE/HWSchutz/HWRMRL_Z2_Risikogebiete_HQ100.zip;https://www.umweltkarten-niedersachsen.de/Download_OE/HWSchutz/HWRMRL_Z2_Wassertiefen_HQ100.zip;2026-09-17
Hitzacker;HQ100;CRS3035RES100mN3337300E4392600;0.886917;3.8143;karte;https://www.umweltkarten-niedersachsen.de/Download_OE/HWSchutz/HWRMRL_Z2_Risikogebiete_HQ100.zip;https://www.umweltkarten-niedersachsen.de/Download_OE/HWSchutz/HWRMRL_Z2_Wassertiefen_HQ100.zip;2026-09-17
Hitzacker;HQ100;CRS3035RES100mN3337300E4392700;1.000000;3.6681;karte;https://www.umweltkarten-niedersachsen.de/Download_OE/HWSchutz/HWRMRL_Z2_Risikogebiete_HQ100.zip;https://www.umweltkarten-niedersachsen.de/Download_OE/HWSchutz/HWRMRL_Z2_Wassertiefen_HQ100.zip;2026-09-17
Hitzacker;HQ100;CRS3035RES100mN3337300E4392800;1.000000;3.7794;karte;https://www.umweltkarten-niedersachsen.de/Download_OE/HWSchutz/HWRMRL_Z2_Risikogebiete_HQ100.zip;https://www.umweltkarten-niedersachsen.de/Download_OE/HWSchutz/HWRMRL_Z2_Wassertiefen_HQ100.zip;2026-09-17
Hitzacker;HQ100;CRS3035RES100mN3337300E4392900;1.000000;4.0000;karte;https://www.umweltkarten-niedersachsen.de/Download_OE/HWSchutz/HWRMRL_Z2_Risikogebiete_HQ100.zip;https://www.umweltkarten-niedersachsen.de/Download_OE/HWSchutz/HWRMRL_Z2_Wassertiefen_HQ100.zip;2026-09-17
Hitzacker;HQ100;CRS3035RES100mN3337300E4393000;1.000000;4.0000;karte;https://www.umweltkarten-niedersachsen.de/Download_OE/HWSchutz/HWRMRL_Z2_Risikogebiete_HQ100.zip;https://www.umweltkarten-niedersachsen.de/Download_OE/HWSchutz/HWRMRL_Z2_Wassertiefen_HQ100.zip;2026-09-17
Hitzacker;HQ100;CRS3035RES100mN3337300E4393100;1.000000;4.0000;karte;https://www.umweltkarten-niedersachsen.de/Download_OE/HWSchutz/HWRMRL_Z2_Risikogebiete_HQ100.zip;https://www.umweltkarten-niedersachsen.de/Download_OE/HWSchutz/HWRMRL_Z2_Wassertiefen_HQ100.zip;2026-09-17
Hitzacker;HQ100;CRS3035RES100mN3337300E4393200;1.000000;4.0000;karte;https://www.umweltkarten-niedersachsen.de/Download_OE/HWSchutz/HWRMRL_Z2_Risikogebiete_HQ100.zip;https://www.umweltkarten-niedersachsen.de/Download_OE/HWSchutz/HWRMRL_Z2_Wassertiefen_HQ100.zip;2026-09-17
Hitzacker;HQ100;CRS3035RES100mN3337300E4393300;1.000000;4.0000;karte;https://www.umweltkarten-niedersachsen.de/Download_OE/HWSchutz/HWRMRL_Z2_Risikogebiete_HQ100.zip;https://www.umweltkarten-niedersachsen.de/Download_OE/HWSchutz/HWRMRL_Z2_Wassertiefen_HQ100.zip;2026-09-17
Hitzacker;HQ100;CRS3035RES100mN3337400E4392400;0.329556;3.7418;karte;https://www.umweltkarten-niedersachsen.de/Download_OE/HWSchutz/HWRMRL_Z2_Risikogebiete_HQ100.zip;https://www.umweltkarten-niedersachsen.de/Download_OE/HWSchutz/HWRMRL_Z2_Wassertiefen_HQ100.zip;2026-09-17
Hitzacker;HQ100;CRS3035RES100mN3337400E4392500;0.987007;3.8677;karte;https://www.umweltkarten-niedersachsen.de/Download_OE/HWSchutz/HWRMRL_Z2_Risikogebiete_HQ100.zip;https://www.umweltkarten-niedersachsen.de/Download_OE/HWSchutz/HWRMRL_Z2_Wassertiefen_HQ100.zip;2026-09-17
Hitzacker;HQ100;CRS3035RES100mN3337400E4392600;1.000000;3.4136;karte;https://www.umweltkarten-niedersachsen.de/Download_OE/HWSchutz/HWRMRL_Z2_Risikogebiete_HQ100.zip;https://www.umweltkarten-niedersachsen.de/Download_OE/HWSchutz/HWRMRL_Z2_Wassertiefen_HQ100.zip;2026-09-17
Hitzacker;HQ100;CRS3035RES100mN3337400E4392700;1.000000;3.4870;karte;https://www.umweltkarten-niedersachsen.de/Download_OE/HWSchutz/HWRMRL_Z2_Risikogebiete_HQ100.zip;https://www.umweltkarten-niedersachsen.de/Download_OE/HWSchutz/HWRMRL_Z2_Wassertiefen_HQ100.zip;2026-09-17
Hitzacker;HQ100;CRS3035RES100mN3337400E4392800;1.000000;4.0000;karte;https://www.umweltkarten-niedersachsen.de/Download_OE/HWSchutz/HWRMRL_Z2_Risikogebiete_HQ100.zip;https://www.umweltkarten-niedersachsen.de/Download_OE/HWSchutz/HWRMRL_Z2_Wassertiefen_HQ100.zip;2026-09-17
Hitzacker;HQ100;CRS3035RES100mN3337400E4392900;1.000000;4.0000;karte;https://www.umweltkarten-niedersachsen.de/Download_OE/HWSchutz/HWRMRL_Z2_Risikogebiete_HQ100.zip;https://www.umweltkarten-niedersachsen.de/Download_OE/HWSchutz/HWRMRL_Z2_Wassertiefen_HQ100.zip;2026-09-17
Hitzacker;HQ100;CRS3035RES100mN3337400E4393000;1.000000;4.0000;karte;https://www.umweltkarten-niedersachsen.de/Download_OE/HWSchutz/HWRMRL_Z2_Risikogebiete_HQ100.zip;https://www.umweltkarten-niedersachsen.de/Download_OE/HWSchutz/HWRMRL_Z2_Wassertiefen_HQ100.zip;2026-09-17
Hitzacker;HQ100;CRS3035RES100mN3337400E4393100;1.000000;4.0000;karte;https://www.umweltkarten-niedersachsen.de/Download_OE/HWSchutz/HWRMRL_Z2_Risikogebiete_HQ100.zip;https://www.umweltkarten-niedersachsen.de/Download_OE/HWSchutz/HWRMRL_Z2_Wassertiefen_HQ100.zip;2026-09-17
Hitzacker;HQ100;CRS3035RES100mN3337500E4392300;0.238803;3.5506;karte;https://www.umweltkarten-niedersachsen.de/Download_OE/HWSchutz/HWRMRL_Z2_Risikogebiete_HQ100.zip;https://www.umweltkarten-niedersachsen.de/Download_OE/HWSchutz/HWRMRL_Z2_Wassertiefen_HQ100.zip;2026-09-17
Hitzacker;HQ100;CRS3035RES100mN3337500E4392400;0.999204;3.9289;karte;https://www.umweltkarten-niedersachsen.de/Download_OE/HWSchutz/HWRMRL_Z2_Risikogebiete_HQ100.zip;https://www.umweltkarten-niedersachsen.de/Download_OE/HWSchutz/HWRMRL_Z2_Wassertiefen_HQ100.zip;2026-09-17
Hitzacker;HQ100;CRS3035RES100mN3337500E4392500;1.000000;3.5534;karte;https://www.umweltkarten-niedersachsen.de/Download_OE/HWSchutz/HWRMRL_Z2_Risikogebiete_HQ100.zip;https://www.umweltkarten-niedersachsen.de/Download_OE/HWSchutz/HWRMRL_Z2_Wassertiefen_HQ100.zip;2026-09-17
Hitzacker;HQ100;CRS3035RES100mN3337500E4392600;1.000000;3.8167;karte;https://www.umweltkarten-niedersachsen.de/Download_OE/HWSchutz/HWRMRL_Z2_Risikogebiete_HQ100.zip;https://www.umweltkarten-niedersachsen.de/Download_OE/HWSchutz/HWRMRL_Z2_Wassertiefen_HQ100.zip;2026-09-17
Hitzacker;HQ100;CRS3035RES100mN3337500E4392700;1.000000;4.0000;karte;https://www.umweltkarten-niedersachsen.de/Download_OE/HWSchutz/HWRMRL_Z2_Risikogebiete_HQ100.zip;https://www.umweltkarten-niedersachsen.de/Download_OE/HWSchutz/HWRMRL_Z2_Wassertiefen_HQ100.zip;2026-09-17
Hitzacker;HQ100;CRS3035RES100mN3337500E4392800;1.000000;4.0000;karte;https://www.umweltkarten-niedersachsen.de/Download_OE/HWSchutz/HWRMRL_Z2_Risikogebiete_HQ100.zip;https://www.umweltkarten-niedersachsen.de/Download_OE/HWSchutz/HWRMRL_Z2_Wassertiefen_HQ100.zip;2026-09-17
Hitzacker;HQ100;CRS3035RES100mN3337500E4392900;1.000000;4.0000;karte;https://www.umweltkarten-niedersachsen.de/Download_OE/HWSchutz/HWRMRL_Z2_Risikogebiete_HQ100.zip;https://www.umweltkarten-niedersachsen.de/Download_OE/HWSchutz/HWRMRL_Z2_Wassertiefen_HQ100.zip;2026-09-17
Hitzacker;HQ100;CRS3035RES100mN3337600E4392200;0.024209;3.1140;karte;https://www.umweltkarten-niedersachsen.de/Download_OE/HWSchutz/HWRMRL_Z2_Risikogebiete_HQ100.zip;https://www.umweltkarten-niedersachsen.de/Download_OE/HWSchutz/HWRMRL_Z2_Wassertiefen_HQ100.zip;2026-09-17
Hitzacker;HQ100;CRS3035RES100mN3337600E4392300;0.821362;3.8845;karte;https://www.umweltkarten-niedersachsen.de/Download_OE/HWSchutz/HWRMRL_Z2_Risikogebiete_HQ100.zip;https://www.umweltkarten-niedersachsen.de/Download_OE/HWSchutz/HWRMRL_Z2_Wassertiefen_HQ100.zip;2026-09-17
Hitzacker;HQ100;CRS3035RES100mN3337600E4392400;1.000000;4.0000;karte;https://www.umweltkarten-niedersachsen.de/Download_OE/HWSchutz/HWRMRL_Z2_Risikogebiete_HQ100.zip;https://www.umweltkarten-niedersachsen.de/Download_OE/HWSchutz/HWRMRL_Z2_Wassertiefen_HQ100.zip;2026-09-17
Hitzacker;HQ100;CRS3035RES100mN3337600E4392500;1.000000;3.9861;karte;https://www.umweltkarten-niedersachsen.de/Download_OE/HWSchutz/HWRMRL_Z2_Risikogebiete_HQ100.zip;https://www.umweltkarten-niedersachsen.de/Download_OE/HWSchutz/HWRMRL_Z2_Wassertiefen_HQ100.zip;2026-09-17
Hitzacker;HQ100;CRS3035RES100mN3337600E4392600;1.000000;4.0000;karte;https://www.umweltkarten-niedersachsen.de/Download_OE/HWSchutz/HWRMRL_Z2_Risikogebiete_HQ100.zip;https://www.umweltkarten-niedersachsen.de/Download_OE/HWSchutz/HWRMRL_Z2_Wassertiefen_HQ100.zip;2026-09-17
Hitzacker;HQ100;CRS3035RES100mN3337600E4392700;1.000000;4.0000;karte;https://www.umweltkarten-niedersachsen.de/Download_OE/HWSchutz/HWRMRL_Z2_Risikogebiete_HQ100.zip;https://www.umweltkarten-niedersachsen.de/Download_OE/HWSchutz/HWRMRL_Z2_Wassertiefen_HQ100.zip;2026-09-17
Hitzacker;HQ100;CRS3035RES100mN3337600E4392800;1.000000;4.0000;karte;https://www.umweltkarten-niedersachsen.de/Download_OE/HWSchutz/HWRMRL_Z2_Risikogebiete_HQ100.zip;https://www.umweltkarten-niedersachsen.de/Download_OE/HWSchutz/HWRMRL_Z2_Wassertiefen_HQ100.zip;2026-09-17
Hitzacker;HQ100;CRS3035RES100mN3337700E4392200;0.442796;3.7488;karte;https://www.umweltkarten-niedersachsen.de/Download_OE/HWSchutz/HWRMRL_Z2_Risikogebiete_HQ100.zip;https://www.umweltkarten-niedersachsen.de/Download_OE/HWSchutz/HWRMRL_Z2_Wassertiefen_HQ100.zip;2026-09-17
Hitzacker;HQ100;CRS3035RES100mN3337700E4392300;1.000000;3.9979;karte;https://www.umweltkarten-niedersachsen.de/Download_OE/HWSchutz/HWRMRL_Z2_Risikogebiete_HQ100.zip;https://www.umweltkarten-niedersachsen.de/Download_OE/HWSchutz/HWRMRL_Z2_Wassertiefen_HQ100.zip;2026-09-17
Hitzacker;HQ100;CRS3035RES100mN3337700E4392400;1.000000;4.0000;karte;https://www.umweltkarten-niedersachsen.de/Download_OE/HWSchutz/HWRMRL_Z2_Risikogebiete_HQ100.zip;https://www.umweltkarten-niedersachsen.de/Download_OE/HWSchutz/HWRMRL_Z2_Wassertiefen_HQ100.zip;2026-09-17
Hitzacker;HQ100;CRS3035RES100mN3337700E4392500;1.000000;4.0000;karte;https://www.umweltkarten-niedersachsen.de/Download_OE/HWSchutz/HWRMRL_Z2_Risikogebiete_HQ100.zip;https://www.umweltkarten-niedersachsen.de/Download_OE/HWSchutz/HWRMRL_Z2_Wassertiefen_HQ100.zip;2026-09-17
Hitzacker;HQ100;CRS3035RES100mN3337700E4392600;1.000000;4.0000;karte;https://www.umweltkarten-niedersachsen.de/Download_OE/HWSchutz/HWRMRL_Z2_Risikogebiete_HQ100.zip;https://www.umweltkarten-niedersachsen.de/Download_OE/HWSchutz/HWRMRL_Z2_Wassertiefen_HQ100.zip;2026-09-17
Hitzacker;HQ100;CRS3035RES100mN3337700E4392700;1.000000;4.0000;karte;https://www.umweltkarten-niedersachsen.de/Download_OE/HWSchutz/HWRMRL_Z2_Risikogebiete_HQ100.zip;https://www.umweltkarten-niedersachsen.de/Download_OE/HWSchutz/HWRMRL_Z2_Wassertiefen_HQ100.zip;2026-09-17
Hitzacker;HQ100;CRS3035RES100mN3337800E4392100;0.054142;3.8006;karte;https://www.umweltkarten-niedersachsen.de/Download_OE/HWSchutz/HWRMRL_Z2_Risikogebiete_HQ100.zip;https://www.umweltkarten-niedersachsen.de/Download_OE/HWSchutz/HWRMRL_Z2_Wassertiefen_HQ100.zip;2026-09-17
Hitzacker;HQ100;CRS3035RES100mN3337800E4392200;0.934092;3.8918;karte;https://www.umweltkarten-niedersachsen.de/Download_OE/HWSchutz/HWRMRL_Z2_Risikogebiete_HQ100.zip;https://www.umweltkarten-niedersachsen.de/Download_OE/HWSchutz/HWRMRL_Z2_Wassertiefen_HQ100.zip;2026-09-17
Hitzacker;HQ100;CRS3035RES100mN3337800E4392300;1.000000;4.0000;karte;https://www.umweltkarten-niedersachsen.de/Download_OE/HWSchutz/HWRMRL_Z2_Risikogebiete_HQ100.zip;https://www.umweltkarten-niedersachsen.de/Download_OE/HWSchutz/HWRMRL_Z2_Wassertiefen_HQ100.zip;2026-09-17
Hitzacker;HQ100;CRS3035RES100mN3337800E4392400;1.000000;4.0000;karte;https://www.umweltkarten-niedersachsen.de/Download_OE/HWSchutz/HWRMRL_Z2_Risikogebiete_HQ100.zip;https://www.umweltkarten-niedersachsen.de/Download_OE/HWSchutz/HWRMRL_Z2_Wassertiefen_HQ100.zip;2026-09-17
Hitzacker;HQ100;CRS3035RES100mN3337800E4392500;1.000000;4.0000;karte;https://www.umweltkarten-niedersachsen.de/Download_OE/HWSchutz/HWRMRL_Z2_Risikogebiete_HQ100.zip;https://www.umweltkarten-niedersachsen.de/Download_OE/HWSchutz/HWRMRL_Z2_Wassertiefen_HQ100.zip;2026-09-17
Hitzacker;HQ100;CRS3035RES100mN3337900E4392100;0.558359;3.8233;karte;https://www.umweltkarten-niedersachsen.de/Download_OE/HWSchutz/HWRMRL_Z2_Risikogebiete_HQ100.zip;https://www.umweltkarten-niedersachsen.de/Download_OE/HWSchutz/HWRMRL_Z2_Wassertiefen_HQ100.zip;2026-09-17
Hitzacker;HQ100;CRS3035RES100mN3337900E4392200;1.000000;4.0000;karte;https://www.umweltkarten-niedersachsen.de/Download_OE/HWSchutz/HWRMRL_Z2_Risikogebiete_HQ100.zip;https://www.umweltkarten-niedersachsen.de/Download_OE/HWSchutz/HWRMRL_Z2_Wassertiefen_HQ100.zip;2026-09-17
Hitzacker;HQ100;CRS3035RES100mN3337900E4392300;1.000000;4.0000;karte;https://www.umweltkarten-niedersachsen.de/Download_OE/HWSchutz/HWRMRL_Z2_Risikogebiete_HQ100.zip;https://www.umweltkarten-niedersachsen.de/Download_OE/HWSchutz/HWRMRL_Z2_Wassertiefen_HQ100.zip;2026-09-17
Hitzacker;HQ100;CRS3035RES100mN3337900E4392400;1.000000;4.0000;karte;https://www.umweltkarten-niedersachsen.de/Download_OE/HWSchutz/HWRMRL_Z2_Risikogebiete_HQ100.zip;https://www.umweltkarten-niedersachsen.de/Download_OE/HWSchutz/HWRMRL_Z2_Wassertiefen_HQ100.zip;2026-09-17
Hitzacker;HQ100;CRS3035RES100mN3338000E4392000;0.405935;3.4369;karte;https://www.umweltkarten-niedersachsen.de/Download_OE/HWSchutz/HWRMRL_Z2_Risikogebiete_HQ100.zip;https://www.umweltkarten-niedersachsen.de/Download_OE/HWSchutz/HWRMRL_Z2_Wassertiefen_HQ100.zip;2026-09-17
Hitzacker;HQ100;CRS3035RES100mN3338000E4392100;0.981714;3.9897;karte;https://www.umweltkarten-niedersachsen.de/Download_OE/HWSchutz/HWRMRL_Z2_Risikogebiete_HQ100.zip;https://www.umweltkarten-niedersachsen.de/Download_OE/HWSchutz/HWRMRL_Z2_Wassertiefen_HQ100.zip;2026-09-17
Hitzacker;HQ100;CRS3035RES100mN3338000E4392200;1.000000;4.0000;karte;https://www.umweltkarten-niedersachsen.de/Download_OE/HWSchutz/HWRMRL_Z2_Risikogebiete_HQ100.zip;https://www.umweltkarten-niedersachsen.de/Download_OE/HWSchutz/HWRMRL_Z2_Wassertiefen_HQ100.zip;2026-09-17
Hitzacker;HQ100;CRS3035RES100mN3338000E4392300;1.000000;4.0000;karte;https://www.umweltkarten-niedersachsen.de/Download_OE/HWSchutz/HWRMRL_Z2_Risikogebiete_HQ100.zip;https://www.umweltkarten-niedersachsen.de/Download_OE/HWSchutz/HWRMRL_Z2_Wassertiefen_HQ100.zip;2026-09-17
Hitzacker;HQ100;CRS3035RES100mN3338100E4391800;0.014769;3.0000;karte;https://www.umweltkarten-niedersachsen.de/Download_OE/HWSchutz/HWRMRL_Z2_Risikogebiete_HQ100.zip;https://www.umweltkarten-niedersachsen.de/Download_OE/HWSchutz/HWRMRL_Z2_Wassertiefen_HQ100.zip;2026-09-17
Hitzacker;HQ100;CRS3035RES100mN3338100E4391900;0.571743;3.0505;karte;https://www.umweltkarten-niedersachsen.de/Download_OE/HWSchutz/HWRMRL_Z2_Risikogebiete_HQ100.zip;https://www.umweltkarten-niedersachsen.de/Download_OE/HWSchutz/HWRMRL_Z2_Wassertiefen_HQ100.zip;2026-09-17
Hitzacker;HQ100;CRS3035RES100mN3338100E4392000;0.999990;3.8230;karte;https://www.umweltkarten-niedersachsen.de/Download_OE/HWSchutz/HWRMRL_Z2_Risikogebiete_HQ100.zip;https://www.umweltkarten-niedersachsen.de/Download_OE/HWSchutz/HWRMRL_Z2_Wassertiefen_HQ100.zip;2026-09-17
Hitzacker;HQ100;CRS3035RES100mN3338100E4392100;1.000000;4.0000;karte;https://www.umweltkarten-niedersachsen.de/Download_OE/HWSchutz/HWRMRL_Z2_Risikogebiete_HQ100.zip;https://www.umweltkarten-niedersachsen.de/Download_OE/HWSchutz/HWRMRL_Z2_Wassertiefen_HQ100.zip;2026-09-17
Hitzacker;HQ100;CRS3035RES100mN3338100E4392200;1.000000;4.0000;karte;https://www.umweltkarten-niedersachsen.de/Download_OE/HWSchutz/HWRMRL_Z2_Risikogebiete_HQ100.zip;https://www.umweltkarten-niedersachsen.de/Download_OE/HWSchutz/HWRMRL_Z2_Wassertiefen_HQ100.zip;2026-09-17
Hitzacker;HQ100;CRS3035RES100mN3338200E4391700;0.059403;3.0000;karte;https://www.umweltkarten-niedersachsen.de/Download_OE/HWSchutz/HWRMRL_Z2_Risikogebiete_HQ100.zip;https://www.umweltkarten-niedersachsen.de/Download_OE/HWSchutz/HWRMRL_Z2_Wassertiefen_HQ100.zip;2026-09-17
Hitzacker;HQ100;CRS3035RES100mN3338200E4391800;0.719510;3.0140;karte;https://www.umweltkarten-niedersachsen.de/Download_OE/HWSchutz/HWRMRL_Z2_Risikogebiete_HQ100.zip;https://www.umweltkarten-niedersachsen.de/Download_OE/HWSchutz/HWRMRL_Z2_Wassertiefen_HQ100.zip;2026-09-17
Hitzacker;HQ100;CRS3035RES100mN3338200E4391900;1.000000;3.6311;karte;https://www.umweltkarten-niedersachsen.de/Download_OE/HWSchutz/HWRMRL_Z2_Risikogebiete_HQ100.zip;https://www.umweltkarten-niedersachsen.de/Download_OE/HWSchutz/HWRMRL_Z2_Wassertiefen_HQ100.zip;2026-09-17
Hitzacker;HQ100;CRS3035RES100mN3338200E4392000;1.000000;4.0000;karte;https://www.umweltkarten-niedersachsen.de/Download_OE/HWSchutz/HWRMRL_Z2_Risikogebiete_HQ100.zip;https://www.umweltkarten-niedersachsen.de/Download_OE/HWSchutz/HWRMRL_Z2_Wassertiefen_HQ100.zip;2026-09-17
Hitzacker;HQ100;CRS3035RES100mN3338200E4392100;1.000000;4.0000;karte;https://www.umweltkarten-niedersachsen.de/Download_OE/HWSchutz/HWRMRL_Z2_Risikogebiete_HQ100.zip;https://www.umweltkarten-niedersachsen.de/Download_OE/HWSchutz/HWRMRL_Z2_Wassertiefen_HQ100.zip;2026-09-17
Hitzacker;HQ100;CRS3035RES100mN3338300E4391300;0.006278;4.0000;karte;https://www.umweltkarten-niedersachsen.de/Download_OE/HWSchutz/HWRMRL_Z2_Risikogebiete_HQ100.zip;https://www.umweltkarten-niedersachsen.de/Download_OE/HWSchutz/HWRMRL_Z2_Wassertiefen_HQ100.zip;2026-09-17
Hitzacker;HQ100;CRS3035RES100mN3338300E4391400;0.062345;3.4555;karte;https://www.umweltkarten-niedersachsen.de/Download_OE/HWSchutz/HWRMRL_Z2_Risikogebiete_HQ100.zip;https://www.umweltkarten-niedersachsen.de/Download_OE/HWSchutz/HWRMRL_Z2_Wassertiefen_HQ100.zip;2026-09-17
Hitzacker;HQ100;CRS3035RES100mN3338300E4391500;0.004137;3.0000;karte;https://www.umweltkarten-niedersachsen.de/Download_OE/HWSchutz/HWRMRL_Z2_Risikogebiete_HQ100.zip;https://www.umweltkarten-niedersachsen.de/Download_OE/HWSchutz/HWRMRL_Z2_Wassertiefen_HQ100.zip;2026-09-17
Hitzacker;HQ100;CRS3035RES100mN3338300E4391600;0.188564;3.0000;karte;https://www.umweltkarten-niedersachsen.de/Download_OE/HWSchutz/HWRMRL_Z2_Risikogebiete_HQ100.zip;https://www.umweltkarten-niedersachsen.de/Download_OE/HWSchutz/HWRMRL_Z2_Wassertiefen_HQ100.zip;2026-09-17
Hitzacker;HQ100;CRS3035RES100mN3338300E4391700;0.842558;3.0601;karte;https://www.umweltkarten-niedersachsen.de/Download_OE/HWSchutz/HWRMRL_Z2_Risikogebiete_HQ100.zip;https://www.umweltkarten-niedersachsen.de/Download_OE/HWSchutz/HWRMRL_Z2_Wassertiefen_HQ100.zip;2026-09-17
Hitzacker;HQ100;CRS3035RES100mN3338300E4391800;1.000000;3.7000;karte;https://www.umweltkarten-niedersachsen.de/Download_OE/HWSchutz/HWRMRL_Z2_Risikogebiete_HQ100.zip;https://www.umweltkarten-niedersachsen.de/Download_OE/HWSchutz/HWRMRL_Z2_Wassertiefen_HQ100.zip;2026-09-17
Hitzacker;HQ100;CRS3035RES100mN3338300E4391900;1.000000;4.0000;karte;https://www.umweltkarten-niedersachsen.de/Download_OE/HWSchutz/HWRMRL_Z2_Risikogebiete_HQ100.zip;https://www.umweltkarten-niedersachsen.de/Download_OE/HWSchutz/HWRMRL_Z2_Wassertiefen_HQ100.zip;2026-09-17
Hitzacker;HQ100;CRS3035RES100mN3338300E4392000;1.000000;4.0000;karte;https://www.umweltkarten-niedersachsen.de/Download_OE/HWSchutz/HWRMRL_Z2_Risikogebiete_HQ100.zip;https://www.umweltkarten-niedersachsen.de/Download_OE/HWSchutz/HWRMRL_Z2_Wassertiefen_HQ100.zip;2026-09-17
Hitzacker;HQ100;CRS3035RES100mN3338400E4391200;0.042272;4.0000;karte;https://www.umweltkarten-niedersachsen.de/Download_OE/HWSchutz/HWRMRL_Z2_Risikogebiete_HQ100.zip;https://www.umweltkarten-niedersachsen.de/Download_OE/HWSchutz/HWRMRL_Z2_Wassertiefen_HQ100.zip;2026-09-17
Hitzacker;HQ100;CRS3035RES100mN3338400E4391300;0.690122;4.0000;karte;https://www.umweltkarten-niedersachsen.de/Download_OE/HWSchutz/HWRMRL_Z2_Risikogebiete_HQ100.zip;https://www.umweltkarten-niedersachsen.de/Download_OE/HWSchutz/HWRMRL_Z2_Wassertiefen_HQ100.zip;2026-09-17
Hitzacker;HQ100;CRS3035RES100mN3338400E4391400;0.975687;3.6738;karte;https://www.umweltkarten-niedersachsen.de/Download_OE/HWSchutz/HWRMRL_Z2_Risikogebiete_HQ100.zip;https://www.umweltkarten-niedersachsen.de/Download_OE/HWSchutz/HWRMRL_Z2_Wassertiefen_HQ100.zip;2026-09-17
Hitzacker;HQ100;CRS3035RES100mN3338400E4391500;0.951242;3.0345;karte;https://www.umweltkarten-niedersachsen.de/Download_OE/HWSchutz/HWRMRL_Z2_Risikogebiete_HQ100.zip;https://www.umweltkarten-niedersachsen.de/Download_OE/HWSchutz/HWRMRL_Z2_Wassertiefen_HQ100.zip;2026-09-17
Hitzacker;HQ100;CRS3035RES100mN3338400E4391600;0.996131;3.1217;karte;https://www.umweltkarten-niedersachsen.de/Download_OE/HWSchutz/HWRMRL_Z2_Risikogebiete_HQ100.zip;https://www.umweltkarten-niedersachsen.de/Download_OE/HWSchutz/HWRMRL_Z2_Wassertiefen_HQ100.zip;2026-09-17
Hitzacker;HQ100;CRS3035RES100mN3338400E4391700;1.000000;3.8238;karte;https://www.umweltkarten-niedersachsen.de/Download_OE/HWSchutz/HWRMRL_Z2_Risikogebiete_HQ100.zip;https://www.umweltkarten-niedersachsen.de/Download_OE/HWSchutz/HWRMRL_Z2_Wassertiefen_HQ100.zip;2026-09-17
Hitzacker;HQ100;CRS3035RES100mN3338400E4391800;1.000000;4.0000;karte;https://www.umweltkarten-niedersachsen.de/Download_OE/HWSchutz/HWRMRL_Z2_Risikogebiete_HQ100.zip;https://www.umweltkarten-niedersachsen.de/Download_OE/HWSchutz/HWRMRL_Z2_Wassertiefen_HQ100.zip;2026-09-17
Hitzacker;HQ100;CRS3035RES100mN3338400E4391900;1.000000;4.0000;karte;https://www.umweltkarten-niedersachsen.de/Download_OE/HWSchutz/HWRMRL_Z2_Risikogebiete_HQ100.zip;https://www.umweltkarten-niedersachsen.de/Download_OE/HWSchutz/HWRMRL_Z2_Wassertiefen_HQ100.zip;2026-09-17
Hitzacker;HQ100;CRS3035RES100mN3338500E4391200;0.566587;3.7345;karte;https://www.umweltkarten-niedersachsen.de/Download_OE/HWSchutz/HWRMRL_Z2_Risikogebiete_HQ100.zip;https://www.umweltkarten-niedersachsen.de/Download_OE/HWSchutz/HWRMRL_Z2_Wassertiefen_HQ100.zip;2026-09-17
Hitzacker;HQ100;CRS3035RES100mN3338500E4391300;1.000000;4.0000;karte;https://www.umweltkarten-niedersachsen.de/Download_OE/HWSchutz/HWRMRL_Z2_Risikogebiete_HQ100.zip;https://www.umweltkarten-niedersachsen.de/Download_OE/HWSchutz/HWRMRL_Z2_Wassertiefen_HQ100.zip;2026-09-17
Hitzacker;HQ100;CRS3035RES100mN3338500E4391400;1.000000;3.3936;karte;https://www.umweltkarten-niedersachsen.de/Download_OE/HWSchutz/HWRMRL_Z2_Risikogebiete_HQ100.zip;https://www.umweltkarten-niedersachsen.de/Download_OE/HWSchutz/HWRMRL_Z2_Wassertiefen_HQ100.zip;2026-09-17
Hitzacker;HQ100;CRS3035RES100mN3338500E4391500;1.000000;3.5316;karte;https://www.umweltkarten-niedersachsen.de/Download_OE/HWSchutz/HWRMRL_Z2_Risikogebiete_HQ100.zip;https://www.umweltkarten-niedersachsen.de/Download_OE/HWSchutz/HWRMRL_Z2_Wassertiefen_HQ100.zip;2026-09-17
Hitzacker;HQ100;CRS3035RES100mN3338500E4391600;1.000000;3.9529;karte;https://www.umweltkarten-niedersachsen.de/Download_OE/HWSchutz/HWRMRL_Z2_Risikogebiete_HQ100.zip;https://www.umweltkarten-niedersachsen.de/Download_OE/HWSchutz/HWRMRL_Z2_Wassertiefen_HQ100.zip;2026-09-17
Hitzacker;HQ100;CRS3035RES100mN3338500E4391700;1.000000;4.0000;karte;https://www.umweltkarten-niedersachsen.de/Download_OE/HWSchutz/HWRMRL_Z2_Risikogebiete_HQ100.zip;https://www.umweltkarten-niedersachsen.de/Download_OE/HWSchutz/HWRMRL_Z2_Wassertiefen_HQ100.zip;2026-09-17
Hitzacker;HQ100;CRS3035RES100mN3338500E4391800;1.000000;4.0000;karte;https://www.umweltkarten-niedersachsen.de/Download_OE/HWSchutz/HWRMRL_Z2_Risikogebiete_HQ100.zip;https://www.umweltkarten-niedersachsen.de/Download_OE/HWSchutz/HWRMRL_Z2_Wassertiefen_HQ100.zip;2026-09-17
Hitzacker;HQ100;CRS3035RES100mN3338600E4391100;0.010091;4.0000;karte;https://www.umweltkarten-niedersachsen.de/Download_OE/HWSchutz/HWRMRL_Z2_Risikogebiete_HQ100.zip;https://www.umweltkarten-niedersachsen.de/Download_OE/HWSchutz/HWRMRL_Z2_Wassertiefen_HQ100.zip;2026-09-17
Hitzacker;HQ100;CRS3035RES100mN3338600E4391200;0.916457;4.0000;karte;https://www.umweltkarten-niedersachsen.de/Download_OE/HWSchutz/HWRMRL_Z2_Risikogebiete_HQ100.zip;https://www.umweltkarten-niedersachsen.de/Download_OE/HWSchutz/HWRMRL_Z2_Wassertiefen_HQ100.zip;2026-09-17
Hitzacker;HQ100;CRS3035RES100mN3338600E4391300;1.000000;3.9146;karte;https://www.umweltkarten-niedersachsen.de/Download_OE/HWSchutz/HWRMRL_Z2_Risikogebiete_HQ100.zip;https://www.umweltkarten-niedersachsen.de/Download_OE/HWSchutz/HWRMRL_Z2_Wassertiefen_HQ100.zip;2026-09-17
Hitzacker;HQ100;CRS3035RES100mN3338600E4391400;1.000000;3.9734;karte;https://www.umweltkarten-niedersachsen.de/Download_OE/HWSchutz/HWRMRL_Z2_Risikogebiete_HQ100.zip;https://www.umweltkarten-niedersachsen.de/Download_OE/HWSchutz/HWRMRL_Z2_Wassertiefen_HQ100.zip;2026-09-17
Hitzacker;HQ100;CRS3035RES100mN3338600E4391500;1.000000;4.0000;karte;https://www.umweltkarten-niedersachsen.de/Download_OE/HWSchutz/HWRMRL_Z2_Risikogebiete_HQ100.zip;https://www.umweltkarten-niedersachsen.de/Download_OE/HWSchutz/HWRMRL_Z2_Wassertiefen_HQ100.zip;2026-09-17
Hitzacker;HQ100;CRS3035RES100mN3338600E4391600;1.000000;4.0000;karte;https://www.umweltkarten-niedersachsen.de/Download_OE/HWSchutz/HWRMRL_Z2_Risikogebiete_HQ100.zip;https://www.umweltkarten-niedersachsen.de/Download_OE/HWSchutz/HWRMRL_Z2_Wassertiefen_HQ100.zip;2026-09-17
Hitzacker;HQ100;CRS3035RES100mN3338700E4391100;0.200473;4.0000;karte;https://www.umweltkarten-niedersachsen.de/Download_OE/HWSchutz/HWRMRL_Z2_Risikogebiete_HQ100.zip;https://www.umweltkarten-niedersachsen.de/Download_OE/HWSchutz/HWRMRL_Z2_Wassertiefen_HQ100.zip;2026-09-17
Hitzacker;HQ100;CRS3035RES100mN3338700E4391200;0.987336;4.0000;karte;https://www.umweltkarten-niedersachsen.de/Download_OE/HWSchutz/HWRMRL_Z2_Risikogebiete_HQ100.zip;https://www.umweltkarten-niedersachsen.de/Download_OE/HWSchutz/HWRMRL_Z2_Wassertiefen_HQ100.zip;2026-09-17
Hitzacker;HQ100;CRS3035RES100mN3338700E4391300;1.000000;3.9914;karte;https://www.umweltkarten-niedersachsen.de/Download_OE/HWSchutz/HWRMRL_Z2_Risikogebiete_HQ100.zip;https://www.umweltkarten-niedersachsen.de/Download_OE/HWSchutz/HWRMRL_Z2_Wassertiefen_HQ100.zip;2026-09-17
Hitzacker;HQ100;CRS3035RES100mN3338700E4391400;1.000000;4.0000;karte;https://www.umweltkarten-niedersachsen.de/Download_OE/HWSchutz/HWRMRL_Z2_Risikogebiete_HQ100.zip;https://www.umweltkarten-niedersachsen.de/Download_OE/HWSchutz/HWRMRL_Z2_Wassertiefen_HQ100.zip;2026-09-17
Hitzacker;HQ100;CRS3035RES100mN3338700E4391500;1.000000;4.0000;karte;https://www.umweltkarten-niedersachsen.de/Download_OE/HWSchutz/HWRMRL_Z2_Risikogebiete_HQ100.zip;https://www.umweltkarten-niedersachsen.de/Download_OE/HWSchutz/HWRMRL_Z2_Wassertiefen_HQ100.zip;2026-09-17
Hitzacker;HQ100;CRS3035RES100mN3338800E4391000;0.313523;4.0000;karte;https://www.umweltkarten-niedersachsen.de/Download_OE/HWSchutz/HWRMRL_Z2_Risikogebiete_HQ100.zip;https://www.umweltkarten-niedersachsen.de/Download_OE/HWSchutz/HWRMRL_Z2_Wassertiefen_HQ100.zip;2026-09-17
Hitzacker;HQ100;CRS3035RES100mN3338800E4391100;0.871213;4.0000;karte;https://www.umweltkarten-niedersachsen.de/Download_OE/HWSchutz/HWRMRL_Z2_Risikogebiete_HQ100.zip;https://www.umweltkarten-niedersachsen.de/Download_OE/HWSchutz/HWRMRL_Z2_Wassertiefen_HQ100.zip;2026-09-17
Hitzacker;HQ100;CRS3035RES100mN3338800E4391200;1.000000;4.0000;karte;https://www.umweltkarten-niedersachsen.de/Download_OE/HWSchutz/HWRMRL_Z2_Risikogebiete_HQ100.zip;https://www.umweltkarten-niedersachsen.de/Download_OE/HWSchutz/HWRMRL_Z2_Wassertiefen_HQ100.zip;2026-09-17
Hitzacker;HQ100;CRS3035RES100mN3338800E4391300;1.000000;4.0000;karte;https://www.umweltkarten-niedersachsen.de/Download_OE/HWSchutz/HWRMRL_Z2_Risikogebiete_HQ100.zip;https://www.umweltkarten-niedersachsen.de/Download_OE/HWSchutz/HWRMRL_Z2_Wassertiefen_HQ100.zip;2026-09-17
Hitzacker;HQ100;CRS3035RES100mN3338800E4391400;1.000000;4.0000;karte;https://www.umweltkarten-niedersachsen.de/Download_OE/HWSchutz/HWRMRL_Z2_Risikogebiete_HQ100.zip;https://www.umweltkarten-niedersachsen.de/Download_OE/HWSchutz/HWRMRL_Z2_Wassertiefen_HQ100.zip;2026-09-17
Hitzacker;HQ100;CRS3035RES100mN3338900E4390800;0.056506;3.0020;karte;https://www.umweltkarten-niedersachsen.de/Download_OE/HWSchutz/HWRMRL_Z2_Risikogebiete_HQ100.zip;https://www.umweltkarten-niedersachsen.de/Download_OE/HWSchutz/HWRMRL_Z2_Wassertiefen_HQ100.zip;2026-09-17
Hitzacker;HQ100;CRS3035RES100mN3338900E4390900;0.384504;4.0000;karte;https://www.umweltkarten-niedersachsen.de/Download_OE/HWSchutz/HWRMRL_Z2_Risikogebiete_HQ100.zip;https://www.umweltkarten-niedersachsen.de/Download_OE/HWSchutz/HWRMRL_Z2_Wassertiefen_HQ100.zip;2026-09-17
Hitzacker;HQ100;CRS3035RES100mN3338900E4391000;0.989502;4.0000;karte;https://www.umweltkarten-niedersachsen.de/Download_OE/HWSchutz/HWRMRL_Z2_Risikogebiete_HQ100.zip;https://www.umweltkarten-niedersachsen.de/Download_OE/HWSchutz/HWRMRL_Z2_Wassertiefen_HQ100.zip;2026-09-17
Hitzacker;HQ100;CRS3035RES100mN3338900E4391100;1.000000;4.0000;karte;https://www.umweltkarten-niedersachsen.de/Download_OE/HWSchutz/HWRMRL_Z2_Risikogebiete_HQ100.zip;https://www.umweltkarten-niedersachsen.de/Download_OE/HWSchutz/HWRMRL_Z2_Wassertiefen_HQ100.zip;2026-09-17
Hitzacker;HQ100;CRS3035RES100mN3338900E4391200;1.000000;4.0000;karte;https://www.umweltkarten-niedersachsen.de/Download_OE/HWSchutz/HWRMRL_Z2_Risikogebiete_HQ100.zip;https://www.umweltkarten-niedersachsen.de/Download_OE/HWSchutz/HWRMRL_Z2_Wassertiefen_HQ100.zip;2026-09-17
Hitzacker;HQ100;CRS3035RES100mN3338900E4391300;1.000000;4.0000;karte;https://www.umweltkarten-niedersachsen.de/Download_OE/HWSchutz/HWRMRL_Z2_Risikogebiete_HQ100.zip;https://www.umweltkarten-niedersachsen.de/Download_OE/HWSchutz/HWRMRL_Z2_Wassertiefen_HQ100.zip;2026-09-17
Hitzacker;HQ100;CRS3035RES100mN3339000E4390600;0.225432;3.4235;karte;https://www.umweltkarten-niedersachsen.de/Download_OE/HWSchutz/HWRMRL_Z2_Risikogebiete_HQ100.zip;https://www.umweltkarten-niedersachsen.de/Download_OE/HWSchutz/HWRMRL_Z2_Wassertiefen_HQ100.zip;2026-09-17
Hitzacker;HQ100;CRS3035RES100mN3339000E4390700;0.625127;3.9110;karte;https://www.umweltkarten-niedersachsen.de/Download_OE/HWSchutz/HWRMRL_Z2_Risikogebiete_HQ100.zip;https://www.umweltkarten-niedersachsen.de/Download_OE/HWSchutz/HWRMRL_Z2_Wassertiefen_HQ100.zip;2026-09-17
Hitzacker;HQ100;CRS3035RES100mN3339000E4390800;0.950209;3.9482;karte;https://www.umweltkarten-niedersachsen.de/Download_OE/HWSchutz/HWRMRL_Z2_Risikogebiete_HQ100.zip;https://www.umweltkarten-niedersachsen.de/Download_OE/HWSchutz/HWRMRL_Z2_Wassertiefen_HQ100.zip;2026-09-17
Hitzacker;HQ100;CRS3035RES100mN3339000E4390900;1.000000;4.0000;karte;https://www.umweltkarten-niedersachsen.de/Download_OE/HWSchutz/HWRMRL_Z2_Risikogebiete_HQ100.zip;https://www.umweltkarten-niedersachsen.de/Download_OE/HWSchutz/HWRMRL_Z2_Wassertiefen_HQ100.zip;2026-09-17
Hitzacker;HQ100;CRS3035RES100mN3339000E4391000;1.000000;4.0000;karte;https://www.umweltkarten-niedersachsen.de/Download_OE/HWSchutz/HWRMRL_Z2_Risikogebiete_HQ100.zip;https://www.umweltkarten-niedersachsen.de/Download_OE/HWSchutz/HWRMRL_Z2_Wassertiefen_HQ100.zip;2026-09-17
Hitzacker;HQ100;CRS3035RES100mN3339000E4391100;1.000000;4.0000;karte;https://www.umweltkarten-niedersachsen.de/Download_OE/HWSchutz/HWRMRL_Z2_Risikogebiete_HQ100.zip;https://www.umweltkarten-niedersachsen.de/Download_OE/HWSchutz/HWRMRL_Z2_Wassertiefen_HQ100.zip;2026-09-17
Hitzacker;HQ100;CRS3035RES100mN3339000E4391200;1.000000;4.0000;karte;https://www.umweltkarten-niedersachsen.de/Download_OE/HWSchutz/HWRMRL_Z2_Risikogebiete_HQ100.zip;https://www.umweltkarten-niedersachsen.de/Download_OE/HWSchutz/HWRMRL_Z2_Wassertiefen_HQ100.zip;2026-09-17
Hitzacker;HQ100;CRS3035RES100mN3339100E4390500;0.396884;4.0000;karte;https://www.umweltkarten-niedersachsen.de/Download_OE/HWSchutz/HWRMRL_Z2_Risikogebiete_HQ100.zip;https://www.umweltkarten-niedersachsen.de/Download_OE/HWSchutz/HWRMRL_Z2_Wassertiefen_HQ100.zip;2026-09-17
Hitzacker;HQ100;CRS3035RES100mN3339100E4390600;0.980065;3.9171;karte;https://www.umweltkarten-niedersachsen.de/Download_OE/HWSchutz/HWRMRL_Z2_Risikogebiete_HQ100.zip;https://www.umweltkarten-niedersachsen.de/Download_OE/HWSchutz/HWRMRL_Z2_Wassertiefen_HQ100.zip;2026-09-17
Hitzacker;HQ100;CRS3035RES100mN3339100E4390700;1.000000;4.0000;karte;https://www.umweltkarten-niedersachsen.de/Download_OE/HWSchutz/HWRMRL_Z2_Risikogebiete_HQ100.zip;https://www.umweltkarten-niedersachsen.de/Download_OE/HWSchutz/HWRMRL_Z2_Wassertiefen_HQ100.zip;2026-09-17
Hitzacker;HQ100;CRS3035RES100mN3339100E4390800;1.000000;4.0000;karte;https://www.umweltkarten-niedersachsen.de/Download_OE/HWSchutz/HWRMRL_Z2_Risikogebiete_HQ100.zip;https://www.umweltkarten-niedersachsen.de/Download_OE/HWSchutz/HWRMRL_Z2_Wassertiefen_HQ100.zip;2026-09-17
Hitzacker;HQ100;CRS3035RES100mN3339100E4390900;1.000000;4.0000;karte;https://www.umweltkarten-niedersachsen.de/Download_OE/HWSchutz/HWRMRL_Z2_Risikogebiete_HQ100.zip;https://www.umweltkarten-niedersachsen.de/Download_OE/HWSchutz/HWRMRL_Z2_Wassertiefen_HQ100.zip;2026-09-17
Hitzacker;HQ100;CRS3035RES100mN3339100E4391000;1.000000;4.0000;karte;https://www.umweltkarten-niedersachsen.de/Download_OE/HWSchutz/HWRMRL_Z2_Risikogebiete_HQ100.zip;https://www.umweltkarten-niedersachsen.de/Download_OE/HWSchutz/HWRMRL_Z2_Wassertiefen_HQ100.zip;2026-09-17
Hitzacker;HQ100;CRS3035RES100mN3339100E4391100;1.000000;4.0000;karte;https://www.umweltkarten-niedersachsen.de/Download_OE/HWSchutz/HWRMRL_Z2_Risikogebiete_HQ100.zip;https://www.umweltkarten-niedersachsen.de/Download_OE/HWSchutz/HWRMRL_Z2_Wassertiefen_HQ100.zip;2026-09-17
Hitzacker;HQ100;CRS3035RES100mN3339200E4390300;0.074518;2.6578;karte;https://www.umweltkarten-niedersachsen.de/Download_OE/HWSchutz/HWRMRL_Z2_Risikogebiete_HQ100.zip;https://www.umweltkarten-niedersachsen.de/Download_OE/HWSchutz/HWRMRL_Z2_Wassertiefen_HQ100.zip;2026-09-17
Hitzacker;HQ100;CRS3035RES100mN3339200E4390400;0.631044;3.8310;karte;https://www.umweltkarten-niedersachsen.de/Download_OE/HWSchutz/HWRMRL_Z2_Risikogebiete_HQ100.zip;https://www.umweltkarten-niedersachsen.de/Download_OE/HWSchutz/HWRMRL_Z2_Wassertiefen_HQ100.zip;2026-09-17
Hitzacker;HQ100;CRS3035RES100mN3339200E4390500;0.999207;4.0000;karte;https://www.umweltkarten-niedersachsen.de/Download_OE/HWSchutz/HWRMRL_Z2_Risikogebiete_HQ100.zip;https://www.umweltkarten-niedersachsen.de/Download_OE/HWSchutz/HWRMRL_Z2_Wassertiefen_HQ100.zip;2026-09-17
Hitzacker;HQ100;CRS3035RES100mN3339200E4390600;1.000000;4.0000;karte;https://www.umweltkarten-niedersachsen.de/Download_OE/HWSchutz/HWRMRL_Z2_Risikogebiete_HQ100.zip;https://www.umweltkarten-niedersachsen.de/Download_OE/HWSchutz/HWRMRL_Z2_Wassertiefen_HQ100.zip;2026-09-17
Hitzacker;HQ100;CRS3035RES100mN3339200E4390700;1.000000;4.0000;karte;https://www.umweltkarten-niedersachsen.de/Download_OE/HWSchutz/HWRMRL_Z2_Risikogebiete_HQ100.zip;https://www.umweltkarten-niedersachsen.de/Download_OE/HWSchutz/HWRMRL_Z2_Wassertiefen_HQ100.zip;2026-09-17
Hitzacker;HQ100;CRS3035RES100mN3339200E4390800;1.000000;4.0000;karte;https://www.umweltkarten-niedersachsen.de/Download_OE/HWSchutz/HWRMRL_Z2_Risikogebiete_HQ100.zip;https://www.umweltkarten-niedersachsen.de/Download_OE/HWSchutz/HWRMRL_Z2_Wassertiefen_HQ100.zip;2026-09-17
Hitzacker;HQ100;CRS3035RES100mN3339200E4390900;1.000000;4.0000;karte;https://www.umweltkarten-niedersachsen.de/Download_OE/HWSchutz/HWRMRL_Z2_Risikogebiete_HQ100.zip;https://www.umweltkarten-niedersachsen.de/Download_OE/HWSchutz/HWRMRL_Z2_Wassertiefen_HQ100.zip;2026-09-17
Hitzacker;HQ100;CRS3035RES100mN3339200E4391000;1.000000;4.0000;karte;https://www.umweltkarten-niedersachsen.de/Download_OE/HWSchutz/HWRMRL_Z2_Risikogebiete_HQ100.zip;https://www.umweltkarten-niedersachsen.de/Download_OE/HWSchutz/HWRMRL_Z2_Wassertiefen_HQ100.zip;2026-09-17
Hitzacker;HQ100;CRS3035RES100mN3339300E4390200;0.020170;4.0000;karte;https://www.umweltkarten-niedersachsen.de/Download_OE/HWSchutz/HWRMRL_Z2_Risikogebiete_HQ100.zip;https://www.umweltkarten-niedersachsen.de/Download_OE/HWSchutz/HWRMRL_Z2_Wassertiefen_HQ100.zip;2026-09-17
Hitzacker;HQ100;CRS3035RES100mN3339300E4390300;0.721239;3.7059;karte;https://www.umweltkarten-niedersachsen.de/Download_OE/HWSchutz/HWRMRL_Z2_Risikogebiete_HQ100.zip;https://www.umweltkarten-niedersachsen.de/Download_OE/HWSchutz/HWRMRL_Z2_Wassertiefen_HQ100.zip;2026-09-17
Hitzacker;HQ100;CRS3035RES100mN3339300E4390400;1.000000;4.0000;karte;https://www.umweltkarten-niedersachsen.de/Download_OE/HWSchutz/HWRMRL_Z2_Risikogebiete_HQ100.zip;https://www.umweltkarten-niedersachsen.de/Download_OE/HWSchutz/HWRMRL_Z2_Wassertiefen_HQ100.zip;2026-09-17
Hitzacker;HQ100;CRS3035RES100mN3339300E4390500;1.000000;3.9999;karte;https://www.umweltkarten-niedersachsen.de/Download_OE/HWSchutz/HWRMRL_Z2_Risikogebiete_HQ100.zip;https://www.umweltkarten-niedersachsen.de/Download_OE/HWSchutz/HWRMRL_Z2_Wassertiefen_HQ100.zip;2026-09-17
Hitzacker;HQ100;CRS3035RES100mN3339300E4390600;1.000000;4.0000;karte;https://www.umweltkarten-niedersachsen.de/Download_OE/HWSchutz/HWRMRL_Z2_Risikogebiete_HQ100.zip;https://www.umweltkarten-niedersachsen.de/Download_OE/HWSchutz/HWRMRL_Z2_Wassertiefen_HQ100.zip;2026-09-17
Hitzacker;HQ100;CRS3035RES100mN3339300E4390700;1.000000;4.0000;karte;https://www.umweltkarten-niedersachsen.de/Download_OE/HWSchutz/HWRMRL_Z2_Risikogebiete_HQ100.zip;https://www.umweltkarten-niedersachsen.de/Download_OE/HWSchutz/HWRMRL_Z2_Wassertiefen_HQ100.zip;2026-09-17
Hitzacker;HQ100;CRS3035RES100mN3339300E4390800;1.000000;4.0000;karte;https://www.umweltkarten-niedersachsen.de/Download_OE/HWSchutz/HWRMRL_Z2_Risikogebiete_HQ100.zip;https://www.umweltkarten-niedersachsen.de/Download_OE/HWSchutz/HWRMRL_Z2_Wassertiefen_HQ100.zip;2026-09-17
Hitzacker;HQ100;CRS3035RES100mN3339400E4390200;0.414429;3.8641;karte;https://www.umweltkarten-niedersachsen.de/Download_OE/HWSchutz/HWRMRL_Z2_Risikogebiete_HQ100.zip;https://www.umweltkarten-niedersachsen.de/Download_OE/HWSchutz/HWRMRL_Z2_Wassertiefen_HQ100.zip;2026-09-17
Hitzacker;HQ100;CRS3035RES100mN3339400E4390300;1.000000;4.0000;karte;https://www.umweltkarten-niedersachsen.de/Download_OE/HWSchutz/HWRMRL_Z2_Risikogebiete_HQ100.zip;https://www.umweltkarten-niedersachsen.de/Download_OE/HWSchutz/HWRMRL_Z2_Wassertiefen_HQ100.zip;2026-09-17
Hitzacker;HQ100;CRS3035RES100mN3339400E4390400;1.000000;3.9736;karte;https://www.umweltkarten-niedersachsen.de/Download_OE/HWSchutz/HWRMRL_Z2_Risikogebiete_HQ100.zip;https://www.umweltkarten-niedersachsen.de/Download_OE/HWSchutz/HWRMRL_Z2_Wassertiefen_HQ100.zip;2026-09-17
Hitzacker;HQ100;CRS3035RES100mN3339400E4390500;1.000000;3.7512;karte;https://www.umweltkarten-niedersachsen.de/Download_OE/HWSchutz/HWRMRL_Z2_Risikogebiete_HQ100.zip;https://www.umweltkarten-niedersachsen.de/Download_OE/HWSchutz/HWRMRL_Z2_Wassertiefen_HQ100.zip;2026-09-17
Hitzacker;HQ100;CRS3035RES100mN3339400E4390600;1.000000;4.0000;karte;https://www.umweltkarten-niedersachsen.de/Download_OE/HWSchutz/HWRMRL_Z2_Risikogebiete_HQ100.zip;https://www.umweltkarten-niedersachsen.de/Download_OE/HWSchutz/HWRMRL_Z2_Wassertiefen_HQ100.zip;2026-09-17
Hitzacker;HQ100;CRS3035RES100mN3339400E4390700;1.000000;4.0000;karte;https://www.umweltkarten-niedersachsen.de/Download_OE/HWSchutz/HWRMRL_Z2_Risikogebiete_HQ100.zip;https://www.umweltkarten-niedersachsen.de/Download_OE/HWSchutz/HWRMRL_Z2_Wassertiefen_HQ100.zip;2026-09-17
Hitzacker;HQ100;CRS3035RES100mN3339500E4390100;0.107968;3.8914;karte;https://www.umweltkarten-niedersachsen.de/Download_OE/HWSchutz/HWRMRL_Z2_Risikogebiete_HQ100.zip;https://www.umweltkarten-niedersachsen.de/Download_OE/HWSchutz/HWRMRL_Z2_Wassertiefen_HQ100.zip;2026-09-17
Hitzacker;HQ100;CRS3035RES100mN3339500E4390200;0.953274;3.9531;karte;https://www.umweltkarten-niedersachsen.de/Download_OE/HWSchutz/HWRMRL_Z2_Risikogebiete_HQ100.zip;https://www.umweltkarten-niedersachsen.de/Download_OE/HWSchutz/HWRMRL_Z2_Wassertiefen_HQ100.zip;2026-09-17
Hitzacker;HQ100;CRS3035RES100mN3339500E4390300;1.000000;4.0000;karte;https://www.umweltkarten-niedersachsen.de/Download_OE/HWSchutz/HWRMRL_Z2_Risikogebiete_HQ100.zip;https://www.umweltkarten-niedersachsen.de/Download_OE/HWSchutz/HWRMRL_Z2_Wassertiefen_HQ100.zip;2026-09-17
Hitzacker;HQ100;CRS3035RES100mN3339500E4390400;1.000000;3.9225;karte;https://www.umweltkarten-niedersachsen.de/Download_OE/HWSchutz/HWRMRL_Z2_Risikogebiete_HQ100.zip;https://www.umweltkarten-niedersachsen.de/Download_OE/HWSchutz/HWRMRL_Z2_Wassertiefen_HQ100.zip;2026-09-17
Hitzacker;HQ100;CRS3035RES100mN3339500E4390500;1.000000;3.9585;karte;https://www.umweltkarten-niedersachsen.de/Download_OE/HWSchutz/HWRMRL_Z2_Risikogebiete_HQ100.zip;https://www.umweltkarten-niedersachsen.de/Download_OE/HWSchutz/HWRMRL_Z2_Wassertiefen_HQ100.zip;2026-09-17
Hitzacker;HQ100;CRS3035RES100mN3339500E4390600;1.000000;4.0000;karte;https://www.umweltkarten-niedersachsen.de/Download_OE/HWSchutz/HWRMRL_Z2_Risikogebiete_HQ100.zip;https://www.umweltkarten-niedersachsen.de/Download_OE/HWSchutz/HWRMRL_Z2_Wassertiefen_HQ100.zip;2026-09-17
Hitzacker;HQ100;CRS3035RES100mN3339600E4390000;0.030279;3.5463;karte;https://www.umweltkarten-niedersachsen.de/Download_OE/HWSchutz/HWRMRL_Z2_Risikogebiete_HQ100.zip;https://www.umweltkarten-niedersachsen.de/Download_OE/HWSchutz/HWRMRL_Z2_Wassertiefen_HQ100.zip;2026-09-17
Hitzacker;HQ100;CRS3035RES100mN3339600E4390100;0.863504;3.7340;karte;https://www.umweltkarten-niedersachsen.de/Download_OE/HWSchutz/HWRMRL_Z2_Risikogebiete_HQ100.zip;https://www.umweltkarten-niedersachsen.de/Download_OE/HWSchutz/HWRMRL_Z2_Wassertiefen_HQ100.zip;2026-09-17
Hitzacker;HQ100;CRS3035RES100mN3339600E4390200;1.000000;4.0000;karte;https://www.umweltkarten-niedersachsen.de/Download_OE/HWSchutz/HWRMRL_Z2_Risikogebiete_HQ100.zip;https://www.umweltkarten-niedersachsen.de/Download_OE/HWSchutz/HWRMRL_Z2_Wassertiefen_HQ100.zip;2026-09-17
Hitzacker;HQ100;CRS3035RES100mN3339600E4390300;1.000000;4.0000;karte;https://www.umweltkarten-niedersachsen.de/Download_OE/HWSchutz/HWRMRL_Z2_Risikogebiete_HQ100.zip;https://www.umweltkarten-niedersachsen.de/Download_OE/HWSchutz/HWRMRL_Z2_Wassertiefen_HQ100.zip;2026-09-17
Hitzacker;HQ100;CRS3035RES100mN3339600E4390400;1.000000;4.0000;karte;https://www.umweltkarten-niedersachsen.de/Download_OE/HWSchutz/HWRMRL_Z2_Risikogebiete_HQ100.zip;https://www.umweltkarten-niedersachsen.de/Download_OE/HWSchutz/HWRMRL_Z2_Wassertiefen_HQ100.zip;2026-09-17
Hitzacker;HQ100;CRS3035RES100mN3339600E4390500;1.000000;4.0000;karte;https://www.umweltkarten-niedersachsen.de/Download_OE/HWSchutz/HWRMRL_Z2_Risikogebiete_HQ100.zip;https://www.umweltkarten-niedersachsen.de/Download_OE/HWSchutz/HWRMRL_Z2_Wassertiefen_HQ100.zip;2026-09-17
Hitzacker;HQ100;CRS3035RES100mN3339700E4389900;0.001229;3.0001;karte;https://www.umweltkarten-niedersachsen.de/Download_OE/HWSchutz/HWRMRL_Z2_Risikogebiete_HQ100.zip;https://www.umweltkarten-niedersachsen.de/Download_OE/HWSchutz/HWRMRL_Z2_Wassertiefen_HQ100.zip;2026-09-17
Hitzacker;HQ100;CRS3035RES100mN3339700E4390000;0.719050;3.8503;karte;https://www.umweltkarten-niedersachsen.de/Download_OE/HWSchutz/HWRMRL_Z2_Risikogebiete_HQ100.zip;https://www.umweltkarten-niedersachsen.de/Download_OE/HWSchutz/HWRMRL_Z2_Wassertiefen_HQ100.zip;2026-09-17
Hitzacker;HQ100;CRS3035RES100mN3339700E4390100;1.000000;4.0000;karte;https://www.umweltkarten-niedersachsen.de/Download_OE/HWSchutz/HWRMRL_Z2_Risikogebiete_HQ100.zip;https://www.umweltkarten-niedersachsen.de/Download_OE/HWSchutz/HWRMRL_Z2_Wassertiefen_HQ100.zip;2026-09-17
Hitzacker;HQ100;CRS3035RES100mN3339700E4390200;1.000000;4.0000;karte;https://www.umweltkarten-niedersachsen.de/Download_OE/HWSchutz/HWRMRL_Z2_Risikogebiete_HQ100.zip;https://www.umweltkarten-niedersachsen.de/Download_OE/HWSchutz/HWRMRL_Z2_Wassertiefen_HQ100.zip;2026-09-17
Hitzacker;HQ100;CRS3035RES100mN3339700E4390300;1.000000;4.0000;karte;https://www.umweltkarten-niedersachsen.de/Download_OE/HWSchutz/HWRMRL_Z2_Risikogebiete_HQ100.zip;https://www.umweltkarten-niedersachsen.de/Download_OE/HWSchutz/HWRMRL_Z2_Wassertiefen_HQ100.zip;2026-09-17
Hitzacker;HQ100;CRS3035RES100mN3339700E4390400;1.000000;4.0000;karte;https://www.umweltkarten-niedersachsen.de/Download_OE/HWSchutz/HWRMRL_Z2_Risikogebiete_HQ100.zip;https://www.umweltkarten-niedersachsen.de/Download_OE/HWSchutz/HWRMRL_Z2_Wassertiefen_HQ100.zip;2026-09-17
Hitzacker;HQ100;CRS3035RES100mN3339800E4389800;0.011098;1.8939;karte;https://www.umweltkarten-niedersachsen.de/Download_OE/HWSchutz/HWRMRL_Z2_Risikogebiete_HQ100.zip;https://www.umweltkarten-niedersachsen.de/Download_OE/HWSchutz/HWRMRL_Z2_Wassertiefen_HQ100.zip;2026-09-17
Hitzacker;HQ100;CRS3035RES100mN3339800E4389900;0.576279;3.7757;karte;https://www.umweltkarten-niedersachsen.de/Download_OE/HWSchutz/HWRMRL_Z2_Risikogebiete_HQ100.zip;https://www.umweltkarten-niedersachsen.de/Download_OE/HWSchutz/HWRMRL_Z2_Wassertiefen_HQ100.zip;2026-09-17
Hitzacker;HQ100;CRS3035RES100mN3339800E4390000;0.999998;4.0000;karte;https://www.umweltkarten-niedersachsen.de/Download_OE/HWSchutz/HWRMRL_Z2_Risikogebiete_HQ100.zip;https://www.umweltkarten-niedersachsen.de/Download_OE/HWSchutz/HWRMRL_Z2_Wassertiefen_HQ100.zip;2026-09-17
Hitzacker;HQ100;CRS3035RES100mN3339800E4390100;1.000000;4.0000;karte;https://www.umweltkarten-niedersachsen.de/Download_OE/HWSchutz/HWRMRL_Z2_Risikogebiete_HQ100.zip;https://www.umweltkarten-niedersachsen.de/Download_OE/HWSchutz/HWRMRL_Z2_Wassertiefen_HQ100.zip;2026-09-17
Hitzacker;HQ100;CRS3035RES100mN3339800E4390200;1.000000;4.0000;karte;https://www.umweltkarten-niedersachsen.de/Download_OE/HWSchutz/HWRMRL_Z2_Risikogebiete_HQ100.zip;https://www.umweltkarten-niedersachsen.de/Download_OE/HWSchutz/HWRMRL_Z2_Wassertiefen_HQ100.zip;2026-09-17
Hitzacker;HQ100;CRS3035RES100mN3339800E4390300;1.000000;4.0000;karte;https://www.umweltkarten-niedersachsen.de/Download_OE/HWSchutz/HWRMRL_Z2_Risikogebiete_HQ100.zip;https://www.umweltkarten-niedersachsen.de/Download_OE/HWSchutz/HWRMRL_Z2_Wassertiefen_HQ100.zip;2026-09-17
Hitzacker;HQ100;CRS3035RES100mN3339900E4389700;0.188297;3.4286;karte;https://www.umweltkarten-niedersachsen.de/Download_OE/HWSchutz/HWRMRL_Z2_Risikogebiete_HQ100.zip;https://www.umweltkarten-niedersachsen.de/Download_OE/HWSchutz/HWRMRL_Z2_Wassertiefen_HQ100.zip;2026-09-17
Hitzacker;HQ100;CRS3035RES100mN3339900E4389800;0.813208;3.6823;karte;https://www.umweltkarten-niedersachsen.de/Download_OE/HWSchutz/HWRMRL_Z2_Risikogebiete_HQ100.zip;https://www.umweltkarten-niedersachsen.de/Download_OE/HWSchutz/HWRMRL_Z2_Wassertiefen_HQ100.zip;2026-09-17
Hitzacker;HQ100;CRS3035RES100mN3339900E4389900;1.000000;4.0000;karte;https://www.umweltkarten-niedersachsen.de/Download_OE/HWSchutz/HWRMRL_Z2_Risikogebiete_HQ100.zip;https://www.umweltkarten-niedersachsen.de/Download_OE/HWSchutz/HWRMRL_Z2_Wassertiefen_HQ100.zip;2026-09-17
Hitzacker;HQ100;CRS3035RES100mN3339900E4390000;1.000000;4.0000;karte;https://www.umweltkarten-niedersachsen.de/Download_OE/HWSchutz/HWRMRL_Z2_Risikogebiete_HQ100.zip;https://www.umweltkarten-niedersachsen.de/Download_OE/HWSchutz/HWRMRL_Z2_Wassertiefen_HQ100.zip;2026-09-17
Hitzacker;HQ100;CRS3035RES100mN3339900E4390100;1.000000;4.0000;karte;https://www.umweltkarten-niedersachsen.de/Download_OE/HWSchutz/HWRMRL_Z2_Risikogebiete_HQ100.zip;https://www.umweltkarten-niedersachsen.de/Download_OE/HWSchutz/HWRMRL_Z2_Wassertiefen_HQ100.zip;2026-09-17
Hitzacker;HQ100;CRS3035RES100mN3339900E4390200;1.000000;4.0000;karte;https://www.umweltkarten-niedersachsen.de/Download_OE/HWSchutz/HWRMRL_Z2_Risikogebiete_HQ100.zip;https://www.umweltkarten-niedersachsen.de/Download_OE/HWSchutz/HWRMRL_Z2_Wassertiefen_HQ100.zip;2026-09-17
Hitzacker;HQ100;CRS3035RES100mN3340000E4389600;0.247099;3.9483;karte;https://www.umweltkarten-niedersachsen.de/Download_OE/HWSchutz/HWRMRL_Z2_Risikogebiete_HQ100.zip;https://www.umweltkarten-niedersachsen.de/Download_OE/HWSchutz/HWRMRL_Z2_Wassertiefen_HQ100.zip;2026-09-17
Hitzacker;HQ100;CRS3035RES100mN3340000E4389700;0.958008;3.9539;karte;https://www.umweltkarten-niedersachsen.de/Download_OE/HWSchutz/HWRMRL_Z2_Risikogebiete_HQ100.zip;https://www.umweltkarten-niedersachsen.de/Download_OE/HWSchutz/HWRMRL_Z2_Wassertiefen_HQ100.zip;2026-09-17
Hitzacker;HQ100;CRS3035RES100mN3340000E4389800;1.000000;4.0000;karte;https://www.umweltkarten-niedersachsen.de/Download_OE/HWSchutz/HWRMRL_Z2_Risikogebiete_HQ100.zip;https://www.umweltkarten-niedersachsen.de/Download_OE/HWSchutz/HWRMRL_Z2_Wassertiefen_HQ100.zip;2026-09-17
Hitzacker;HQ100;CRS3035RES100mN3340000E4389900;1.000000;4.0000;karte;https://www.umweltkarten-niedersachsen.de/Download_OE/HWSchutz/HWRMRL_Z2_Risikogebiete_HQ100.zip;https://www.umweltkarten-niedersachsen.de/Download_OE/HWSchutz/HWRMRL_Z2_Wassertiefen_HQ100.zip;2026-09-17
Hitzacker;HQ100;CRS3035RES100mN3340000E4390000;1.000000;4.0000;karte;https://www.umweltkarten-niedersachsen.de/Download_OE/HWSchutz/HWRMRL_Z2_Risikogebiete_HQ100.zip;https://www.umweltkarten-niedersachsen.de/Download_OE/HWSchutz/HWRMRL_Z2_Wassertiefen_HQ100.zip;2026-09-17
Hitzacker;HQ100;CRS3035RES100mN3340100E4389500;0.217353;3.7896;karte;https://www.umweltkarten-niedersachsen.de/Download_OE/HWSchutz/HWRMRL_Z2_Risikogebiete_HQ100.zip;https://www.umweltkarten-niedersachsen.de/Download_OE/HWSchutz/HWRMRL_Z2_Wassertiefen_HQ100.zip;2026-09-17
Hitzacker;HQ100;CRS3035RES100mN3340100E4389600;0.952419;3.9615;karte;https://www.umweltkarten-niedersachsen.de/Download_OE/HWSchutz/HWRMRL_Z2_Risikogebiete_HQ100.zip;https://www.umweltkarten-niedersachsen.de/Download_OE/HWSchutz/HWRMRL_Z2_Wassertiefen_HQ100.zip;2026-09-17
Hitzacker;HQ100;CRS3035RES100mN3340100E4389700;1.000000;4.0000;karte;https://www.umweltkarten-niedersachsen.de/Download_OE/HWSchutz/HWRMRL_Z2_Risikogebiete_HQ100.zip;https://www.umweltkarten-niedersachsen.de/Download_OE/HWSchutz/HWRMRL_Z2_Wassertiefen_HQ100.zip;2026-09-17
Hitzacker;HQ100;CRS3035RES100mN3340100E4389800;1.000000;4.0000;karte;https://www.umweltkarten-niedersachsen.de/Download_OE/HWSchutz/HWRMRL_Z2_Risikogebiete_HQ100.zip;https://www.umweltkarten-niedersachsen.de/Download_OE/HWSchutz/HWRMRL_Z2_Wassertiefen_HQ100.zip;2026-09-17
Hitzacker;HQ100;CRS3035RES100mN3340100E4389900;1.000000;4.0000;karte;https://www.umweltkarten-niedersachsen.de/Download_OE/HWSchutz/HWRMRL_Z2_Risikogebiete_HQ100.zip;https://www.umweltkarten-niedersachsen.de/Download_OE/HWSchutz/HWRMRL_Z2_Wassertiefen_HQ100.zip;2026-09-17
Hitzacker;HQ100;CRS3035RES100mN3340200E4389400;0.260483;3.0801;karte;https://www.umweltkarten-niedersachsen.de/Download_OE/HWSchutz/HWRMRL_Z2_Risikogebiete_HQ100.zip;https://www.umweltkarten-niedersachsen.de/Download_OE/HWSchutz/HWRMRL_Z2_Wassertiefen_HQ100.zip;2026-09-17
Hitzacker;HQ100;CRS3035RES100mN3340200E4389500;0.927385;3.9990;karte;https://www.umweltkarten-niedersachsen.de/Download_OE/HWSchutz/HWRMRL_Z2_Risikogebiete_HQ100.zip;https://www.umweltkarten-niedersachsen.de/Download_OE/HWSchutz/HWRMRL_Z2_Wassertiefen_HQ100.zip;2026-09-17
Hitzacker;HQ100;CRS3035RES100mN3340200E4389600;1.000000;4.0000;karte;https://www.umweltkarten-niedersachsen.de/Download_OE/HWSchutz/HWRMRL_Z2_Risikogebiete_HQ100.zip;https://www.umweltkarten-niedersachsen.de/Download_OE/HWSchutz/HWRMRL_Z2_Wassertiefen_HQ100.zip;2026-09-17
Hitzacker;HQ100;CRS3035RES100mN3340200E4389700;1.000000;4.0000;karte;https://www.umweltkarten-niedersachsen.de/Download_OE/HWSchutz/HWRMRL_Z2_Risikogebiete_HQ100.zip;https://www.umweltkarten-niedersachsen.de/Download_OE/HWSchutz/HWRMRL_Z2_Wassertiefen_HQ100.zip;2026-09-17
Hitzacker;HQ100;CRS3035RES100mN3340200E4389800;1.000000;4.0000;karte;https://www.umweltkarten-niedersachsen.de/Download_OE/HWSchutz/HWRMRL_Z2_Risikogebiete_HQ100.zip;https://www.umweltkarten-niedersachsen.de/Download_OE/HWSchutz/HWRMRL_Z2_Wassertiefen_HQ100.zip;2026-09-17
Hitzacker;HQ100;CRS3035RES100mN3340300E4389300;0.011924;3.0000;karte;https://www.umweltkarten-niedersachsen.de/Download_OE/HWSchutz/HWRMRL_Z2_Risikogebiete_HQ100.zip;https://www.umweltkarten-niedersachsen.de/Download_OE/HWSchutz/HWRMRL_Z2_Wassertiefen_HQ100.zip;2026-09-17
Hitzacker;HQ100;CRS3035RES100mN3340300E4389400;0.929908;3.4034;karte;https://www.umweltkarten-niedersachsen.de/Download_OE/HWSchutz/HWRMRL_Z2_Risikogebiete_HQ100.zip;https://www.umweltkarten-niedersachsen.de/Download_OE/HWSchutz/HWRMRL_Z2_Wassertiefen_HQ100.zip;2026-09-17
Hitzacker;HQ100;CRS3035RES100mN3340300E4389500;1.000000;4.0000;karte;https://www.umweltkarten-niedersachsen.de/Download_OE/HWSchutz/HWRMRL_Z2_Risikogebiete_HQ100.zip;https://www.umweltkarten-niedersachsen.de/Download_OE/HWSchutz/HWRMRL_Z2_Wassertiefen_HQ100.zip;2026-09-17
Hitzacker;HQ100;CRS3035RES100mN3340300E4389600;1.000000;4.0000;karte;https://www.umweltkarten-niedersachsen.de/Download_OE/HWSchutz/HWRMRL_Z2_Risikogebiete_HQ100.zip;https://www.umweltkarten-niedersachsen.de/Download_OE/HWSchutz/HWRMRL_Z2_Wassertiefen_HQ100.zip;2026-09-17
Hitzacker;HQ100;CRS3035RES100mN3340300E4389700;1.000000;4.0000;karte;https://www.umweltkarten-niedersachsen.de/Download_OE/HWSchutz/HWRMRL_Z2_Risikogebiete_HQ100.zip;https://www.umweltkarten-niedersachsen.de/Download_OE/HWSchutz/HWRMRL_Z2_Wassertiefen_HQ100.zip;2026-09-17
Hitzacker;HQ100;CRS3035RES100mN3340400E4389300;0.181394;3.3813;karte;https://www.umweltkarten-niedersachsen.de/Download_OE/HWSchutz/HWRMRL_Z2_Risikogebiete_HQ100.zip;https://www.umweltkarten-niedersachsen.de/Download_OE/HWSchutz/HWRMRL_Z2_Wassertiefen_HQ100.zip;2026-09-17
Hitzacker;HQ100;CRS3035RES100mN3340400E4389400;0.993319;3.9190;karte;https://www.umweltkarten-niedersachsen.de/Download_OE/HWSchutz/HWRMRL_Z2_Risikogebiete_HQ100.zip;https://www.umweltkarten-niedersachsen.de/Download_OE/HWSchutz/HWRMRL_Z2_Wassertiefen_HQ100.zip;2026-09-17
Hitzacker;HQ100;CRS3035RES100mN3340400E4389500;1.000000;4.0000;karte;https://www.umweltkarten-niedersachsen.de/Download_OE/HWSchutz/HWRMRL_Z2_Risikogebiete_HQ100.zip;https://www.umweltkarten-niedersachsen.de/Download_OE/HWSchutz/HWRMRL_Z2_Wassertiefen_HQ100.zip;2026-09-17
Hitzacker;HQ100;CRS3035RES100mN3340400E4389600;1.000000;4.0000;karte;https://www.umweltkarten-niedersachsen.de/Download_OE/HWSchutz/HWRMRL_Z2_Risikogebiete_HQ100.zip;https://www.umweltkarten-niedersachsen.de/Download_OE/HWSchutz/HWRMRL_Z2_Wassertiefen_HQ100.zip;2026-09-17
Hitzacker;HQ100;CRS3035RES100mN3340500E4389300;0.625737;3.8699;karte;https://www.umweltkarten-niedersachsen.de/Download_OE/HWSchutz/HWRMRL_Z2_Risikogebiete_HQ100.zip;https://www.umweltkarten-niedersachsen.de/Download_OE/HWSchutz/HWRMRL_Z2_Wassertiefen_HQ100.zip;2026-09-17
Hitzacker;HQ100;CRS3035RES100mN3340500E4389400;1.000000;4.0000;karte;https://www.umweltkarten-niedersachsen.de/Download_OE/HWSchutz/HWRMRL_Z2_Risikogebiete_HQ100.zip;https://www.umweltkarten-niedersachsen.de/Download_OE/HWSchutz/HWRMRL_Z2_Wassertiefen_HQ100.zip;2026-09-17
Hitzacker;HQ100;CRS3035RES100mN3340500E4389500;1.000000;4.0000;karte;https://www.umweltkarten-niedersachsen.de/Download_OE/HWSchutz/HWRMRL_Z2_Risikogebiete_HQ100.zip;https://www.umweltkarten-niedersachsen.de/Download_OE/HWSchutz/HWRMRL_Z2_Wassertiefen_HQ100.zip;2026-09-17
Hitzacker;HQ100;CRS3035RES100mN3340600E4389200;0.096937;3.8938;karte;https://www.umweltkarten-niedersachsen.de/Download_OE/HWSchutz/HWRMRL_Z2_Risikogebiete_HQ100.zip;https://www.umweltkarten-niedersachsen.de/Download_OE/HWSchutz/HWRMRL_Z2_Wassertiefen_HQ100.zip;2026-09-17
Hitzacker;HQ100;CRS3035RES100mN3340600E4389300;0.958026;4.0000;karte;https://www.umweltkarten-niedersachsen.de/Download_OE/HWSchutz/HWRMRL_Z2_Risikogebiete_HQ100.zip;https://www.umweltkarten-niedersachsen.de/Download_OE/HWSchutz/HWRMRL_Z2_Wassertiefen_HQ100.zip;2026-09-17
Hitzacker;HQ100;CRS3035RES100mN3340600E4389400;1.000000;4.0000;karte;https://www.umweltkarten-niedersachsen.de/Download_OE/HWSchutz/HWRMRL_Z2_Risikogebiete_HQ100.zip;https://www.umweltkarten-niedersachsen.de/Download_OE/HWSchutz/HWRMRL_Z2_Wassertiefen_HQ100.zip;2026-09-17
Hitzacker;HQ100;CRS3035RES100mN3340600E4389500;1.000000;4.0000;karte;https://www.umweltkarten-niedersachsen.de/Download_OE/HWSchutz/HWRMRL_Z2_Risikogebiete_HQ100.zip;https://www.umweltkarten-niedersachsen.de/Download_OE/HWSchutz/HWRMRL_Z2_Wassertiefen_HQ100.zip;2026-09-17
Hitzacker;HQ100;CRS3035RES100mN3340700E4389100;0.040062;0.7510;karte;https://www.umweltkarten-niedersachsen.de/Download_OE/HWSchutz/HWRMRL_Z2_Risikogebiete_HQ100.zip;https://www.umweltkarten-niedersachsen.de/Download_OE/HWSchutz/HWRMRL_Z2_Wassertiefen_HQ100.zip;2026-09-17
Hitzacker;HQ100;CRS3035RES100mN3340700E4389200;0.793131;3.6285;karte;https://www.umweltkarten-niedersachsen.de/Download_OE/HWSchutz/HWRMRL_Z2_Risikogebiete_HQ100.zip;https://www.umweltkarten-niedersachsen.de/Download_OE/HWSchutz/HWRMRL_Z2_Wassertiefen_HQ100.zip;2026-09-17
Hitzacker;HQ100;CRS3035RES100mN3340700E4389300;1.000000;4.0000;karte;https://www.umweltkarten-niedersachsen.de/Download_OE/HWSchutz/HWRMRL_Z2_Risikogebiete_HQ100.zip;https://www.umweltkarten-niedersachsen.de/Download_OE/HWSchutz/HWRMRL_Z2_Wassertiefen_HQ100.zip;2026-09-17
Hitzacker;HQ100;CRS3035RES100mN3340700E4389400;1.000000;4.0000;karte;https://www.umweltkarten-niedersachsen.de/Download_OE/HWSchutz/HWRMRL_Z2_Risikogebiete_HQ100.zip;https://www.umweltkarten-niedersachsen.de/Download_OE/HWSchutz/HWRMRL_Z2_Wassertiefen_HQ100.zip;2026-09-17
Hitzacker;HQ100;CRS3035RES100mN3340800E4389000;0.008300;4.0000;karte;https://www.umweltkarten-niedersachsen.de/Download_OE/HWSchutz/HWRMRL_Z2_Risikogebiete_HQ100.zip;https://www.umweltkarten-niedersachsen.de/Download_OE/HWSchutz/HWRMRL_Z2_Wassertiefen_HQ100.zip;2026-09-17
Hitzacker;HQ100;CRS3035RES100mN3340800E4389100;0.679994;3.2372;karte;https://www.umweltkarten-niedersachsen.de/Download_OE/HWSchutz/HWRMRL_Z2_Risikogebiete_HQ100.zip;https://www.umweltkarten-niedersachsen.de/Download_OE/HWSchutz/HWRMRL_Z2_Wassertiefen_HQ100.zip;2026-09-17
Hitzacker;HQ100;CRS3035RES100mN3340800E4389200;1.000000;4.0000;karte;https://www.umweltkarten-niedersachsen.de/Download_OE/HWSchutz/HWRMRL_Z2_Risikogebiete_HQ100.zip;https://www.umweltkarten-niedersachsen.de/Download_OE/HWSchutz/HWRMRL_Z2_Wassertiefen_HQ100.zip;2026-09-17
Hitzacker;HQ100;CRS3035RES100mN3340800E4389300;1.000000;4.0000;karte;https://www.umweltkarten-niedersachsen.de/Download_OE/HWSchutz/HWRMRL_Z2_Risikogebiete_HQ100.zip;https://www.umweltkarten-niedersachsen.de/Download_OE/HWSchutz/HWRMRL_Z2_Wassertiefen_HQ100.zip;2026-09-17
Hitzacker;HQ100;CRS3035RES100mN3340900E4388900;0.034508;3.0002;karte;https://www.umweltkarten-niedersachsen.de/Download_OE/HWSchutz/HWRMRL_Z2_Risikogebiete_HQ100.zip;https://www.umweltkarten-niedersachsen.de/Download_OE/HWSchutz/HWRMRL_Z2_Wassertiefen_HQ100.zip;2026-09-17
Hitzacker;HQ100;CRS3035RES100mN3340900E4389000;0.637511;3.8819;karte;https://www.umweltkarten-niedersachsen.de/Download_OE/HWSchutz/HWRMRL_Z2_Risikogebiete_HQ100.zip;https://www.umweltkarten-niedersachsen.de/Download_OE/HWSchutz/HWRMRL_Z2_Wassertiefen_HQ100.zip;2026-09-17
Hitzacker;HQ100;CRS3035RES100mN3340900E4389100;1.000000;4.0000;karte;https://www.umweltkarten-niedersachsen.de/Download_OE/HWSchutz/HWRMRL_Z2_Risikogebiete_HQ100.zip;https://www.umweltkarten-niedersachsen.de/Download_OE/HWSchutz/HWRMRL_Z2_Wassertiefen_HQ100.zip;2026-09-17
Hitzacker;HQ100;CRS3035RES100mN3340900E4389200;1.000000;4.0000;karte;https://www.umweltkarten-niedersachsen.de/Download_OE/HWSchutz/HWRMRL_Z2_Risikogebiete_HQ100.zip;https://www.umweltkarten-niedersachsen.de/Download_OE/HWSchutz/HWRMRL_Z2_Wassertiefen_HQ100.zip;2026-09-17
Hitzacker;HQ100;CRS3035RES100mN3340900E4389300;1.000000;4.0000;karte;https://www.umweltkarten-niedersachsen.de/Download_OE/HWSchutz/HWRMRL_Z2_Risikogebiete_HQ100.zip;https://www.umweltkarten-niedersachsen.de/Download_OE/HWSchutz/HWRMRL_Z2_Wassertiefen_HQ100.zip;2026-09-17
Hitzacker;HQ100;CRS3035RES100mN3341000E4388700;0.004620;3.0000;karte;https://www.umweltkarten-niedersachsen.de/Download_OE/HWSchutz/HWRMRL_Z2_Risikogebiete_HQ100.zip;https://www.umweltkarten-niedersachsen.de/Download_OE/HWSchutz/HWRMRL_Z2_Wassertiefen_HQ100.zip;2026-09-17
Hitzacker;HQ100;CRS3035RES100mN3341000E4388800;0.371443;3.0350;karte;https://www.umweltkarten-niedersachsen.de/Download_OE/HWSchutz/HWRMRL_Z2_Risikogebiete_HQ100.zip;https://www.umweltkarten-niedersachsen.de/Download_OE/HWSchutz/HWRMRL_Z2_Wassertiefen_HQ100.zip;2026-09-17
Hitzacker;HQ100;CRS3035RES100mN3341000E4388900;0.838489;3.7090;karte;https://www.umweltkarten-niedersachsen.de/Download_OE/HWSchutz/HWRMRL_Z2_Risikogebiete_HQ100.zip;https://www.umweltkarten-niedersachsen.de/Download_OE/HWSchutz/HWRMRL_Z2_Wassertiefen_HQ100.zip;2026-09-17
Hitzacker;HQ100;CRS3035RES100mN3341000E4389000;1.000000;4.0000;karte;https://www.umweltkarten-niedersachsen.de/Download_OE/HWSchutz/HWRMRL_Z2_Risikogebiete_HQ100.zip;https://www.umweltkarten-niedersachsen.de/Download_OE/HWSchutz/HWRMRL_Z2_Wassertiefen_HQ100.zip;2026-09-17
Hitzacker;HQ100;CRS3035RES100mN3341000E4389100;1.000000;4.0000;karte;https://www.umweltkarten-niedersachsen.de/Download_OE/HWSchutz/HWRMRL_Z2_Risikogebiete_HQ100.zip;https://www.umweltkarten-niedersachsen.de/Download_OE/HWSchutz/HWRMRL_Z2_Wassertiefen_HQ100.zip;2026-09-17
Hitzacker;HQ100;CRS3035RES100mN3341000E4389200;1.000000;4.0000;karte;https://www.umweltkarten-niedersachsen.de/Download_OE/HWSchutz/HWRMRL_Z2_Risikogebiete_HQ100.zip;https://www.umweltkarten-niedersachsen.de/Download_OE/HWSchutz/HWRMRL_Z2_Wassertiefen_HQ100.zip;2026-09-17
Hitzacker;HQ100;CRS3035RES100mN3341100E4388600;0.285551;3.0000;karte;https://www.umweltkarten-niedersachsen.de/Download_OE/HWSchutz/HWRMRL_Z2_Risikogebiete_HQ100.zip;https://www.umweltkarten-niedersachsen.de/Download_OE/HWSchutz/HWRMRL_Z2_Wassertiefen_HQ100.zip;2026-09-17
Hitzacker;HQ100;CRS3035RES100mN3341100E4388700;0.772048;3.0000;karte;https://www.umweltkarten-niedersachsen.de/Download_OE/HWSchutz/HWRMRL_Z2_Risikogebiete_HQ100.zip;https://www.umweltkarten-niedersachsen.de/Download_OE/HWSchutz/HWRMRL_Z2_Wassertiefen_HQ100.zip;2026-09-17
Hitzacker;HQ100;CRS3035RES100mN3341100E4388800;0.997937;3.4722;karte;https://www.umweltkarten-niedersachsen.de/Download_OE/HWSchutz/HWRMRL_Z2_Risikogebiete_HQ100.zip;https://www.umweltkarten-niedersachsen.de/Download_OE/HWSchutz/HWRMRL_Z2_Wassertiefen_HQ100.zip;2026-09-17
Hitzacker;HQ100;CRS3035RES100mN3341100E4388900;1.000000;4.0000;karte;https://www.umweltkarten-niedersachsen.de/Download_OE/HWSchutz/HWRMRL_Z2_Risikogebiete_HQ100.zip;https://www.umweltkarten-niedersachsen.de/Download_OE/HWSchutz/HWRMRL_Z2_Wassertiefen_HQ100.zip;2026-09-17
Hitzacker;HQ100;CRS3035RES100mN3341100E4389000;1.000000;4.0000;karte;https://www.umweltkarten-niedersachsen.de/Download_OE/HWSchutz/HWRMRL_Z2_Risikogebiete_HQ100.zip;https://www.umweltkarten-niedersachsen.de/Download_OE/HWSchutz/HWRMRL_Z2_Wassertiefen_HQ100.zip;2026-09-17
Hitzacker;HQ100;CRS3035RES100mN3341100E4389100;1.000000;4.0000;karte;https://www.umweltkarten-niedersachsen.de/Download_OE/HWSchutz/HWRMRL_Z2_Risikogebiete_HQ100.zip;https://www.umweltkarten-niedersachsen.de/Download_OE/HWSchutz/HWRMRL_Z2_Wassertiefen_HQ100.zip;2026-09-17
Hitzacker;HQ100;CRS3035RES100mN3341200E4388500;0.406561;3.0000;karte;https://www.umweltkarten-niedersachsen.de/Download_OE/HWSchutz/HWRMRL_Z2_Risikogebiete_HQ100.zip;https://www.umweltkarten-niedersachsen.de/Download_OE/HWSchutz/HWRMRL_Z2_Wassertiefen_HQ100.zip;2026-09-17
Hitzacker;HQ100;CRS3035RES100mN3341200E4388600;0.996886;3.0000;karte;https://www.umweltkarten-niedersachsen.de/Download_OE/HWSchutz/HWRMRL_Z2_Risikogebiete_HQ100.zip;https://www.umweltkarten-niedersachsen.de/Download_OE/HWSchutz/HWRMRL_Z2_Wassertiefen_HQ100.zip;2026-09-17
Hitzacker;HQ100;CRS3035RES100mN3341200E4388700;1.000000;3.0626;karte;https://www.umweltkarten-niedersachsen.de/Download_OE/HWSchutz/HWRMRL_Z2_Risikogebiete_HQ100.zip;https://www.umweltkarten-niedersachsen.de/Download_OE/HWSchutz/HWRMRL_Z2_Wassertiefen_HQ100.zip;2026-09-17
Hitzacker;HQ100;CRS3035RES100mN3341200E4388800;1.000000;3.9745;karte;https://www.umweltkarten-niedersachsen.de/Download_OE/HWSchutz/HWRMRL_Z2_Risikogebiete_HQ100.zip;https://www.umweltkarten-niedersachsen.de/Download_OE/HWSchutz/HWRMRL_Z2_Wassertiefen_HQ100.zip;2026-09-17
Hitzacker;HQ100;CRS3035RES100mN3341200E4388900;1.000000;4.0000;karte;https://www.umweltkarten-niedersachsen.de/Download_OE/HWSchutz/HWRMRL_Z2_Risikogebiete_HQ100.zip;https://www.umweltkarten-niedersachsen.de/Download_OE/HWSchutz/HWRMRL_Z2_Wassertiefen_HQ100.zip;2026-09-17
Hitzacker;HQ100;CRS3035RES100mN3341200E4389000;1.000000;4.0000;karte;https://www.umweltkarten-niedersachsen.de/Download_OE/HWSchutz/HWRMRL_Z2_Risikogebiete_HQ100.zip;https://www.umweltkarten-niedersachsen.de/Download_OE/HWSchutz/HWRMRL_Z2_Wassertiefen_HQ100.zip;2026-09-17
Hitzacker;HQ100;CRS3035RES100mN3341200E4389100;1.000000;4.0000;karte;https://www.umweltkarten-niedersachsen.de/Download_OE/HWSchutz/HWRMRL_Z2_Risikogebiete_HQ100.zip;https://www.umweltkarten-niedersachsen.de/Download_OE/HWSchutz/HWRMRL_Z2_Wassertiefen_HQ100.zip;2026-09-17
Hitzacker;HQ100;CRS3035RES100mN3341300E4388200;0.004922;3.2464;karte;https://www.umweltkarten-niedersachsen.de/Download_OE/HWSchutz/HWRMRL_Z2_Risikogebiete_HQ100.zip;https://www.umweltkarten-niedersachsen.de/Download_OE/HWSchutz/HWRMRL_Z2_Wassertiefen_HQ100.zip;2026-09-17
Hitzacker;HQ100;CRS3035RES100mN3341300E4388300;0.216699;3.3802;karte;https://www.umweltkarten-niedersachsen.de/Download_OE/HWSchutz/HWRMRL_Z2_Risikogebiete_HQ100.zip;https://www.umweltkarten-niedersachsen.de/Download_OE/HWSchutz/HWRMRL_Z2_Wassertiefen_HQ100.zip;2026-09-17
Hitzacker;HQ100;CRS3035RES100mN3341300E4388400;0.633444;3.0000;karte;https://www.umweltkarten-niedersachsen.de/Download_OE/HWSchutz/HWRMRL_Z2_Risikogebiete_HQ100.zip;https://www.umweltkarten-niedersachsen.de/Download_OE/HWSchutz/HWRMRL_Z2_Wassertiefen_HQ100.zip;2026-09-17
Hitzacker;HQ100;CRS3035RES100mN3341300E4388500;0.993476;3.0000;karte;https://www.umweltkarten-niedersachsen.de/Download_OE/HWSchutz/HWRMRL_Z2_Risikogebiete_HQ100.zip;https://www.umweltkarten-niedersachsen.de/Download_OE/HWSchutz/HWRMRL_Z2_Wassertiefen_HQ100.zip;2026-09-17
Hitzacker;HQ100;CRS3035RES100mN3341300E4388600;1.000000;2.8187;karte;https://www.umweltkarten-niedersachsen.de/Download_OE/HWSchutz/HWRMRL_Z2_Risikogebiete_HQ100.zip;https://www.umweltkarten-niedersachsen.de/Download_OE/HWSchutz/HWRMRL_Z2_Wassertiefen_HQ100.zip;2026-09-17
Hitzacker;HQ100;CRS3035RES100mN3341300E4388700;1.000000;3.8067;karte;https://www.umweltkarten-niedersachsen.de/Download_OE/HWSchutz/HWRMRL_Z2_Risikogebiete_HQ100.zip;https://www.umweltkarten-niedersachsen.de/Download_OE/HWSchutz/HWRMRL_Z2_Wassertiefen_HQ100.zip;2026-09-17
Hitzacker;HQ100;CRS3035RES100mN3341300E4388800;1.000000;4.0000;karte;https://www.umweltkarten-niedersachsen.de/Download_OE/HWSchutz/HWRMRL_Z2_Risikogebiete_HQ100.zip;https://www.umweltkarten-niedersachsen.de/Download_OE/HWSchutz/HWRMRL_Z2_Wassertiefen_HQ100.zip;2026-09-17
Hitzacker;HQ100;CRS3035RES100mN3341300E4388900;1.000000;4.0000;karte;https://www.umweltkarten-niedersachsen.de/Download_OE/HWSchutz/HWRMRL_Z2_Risikogebiete_HQ100.zip;https://www.umweltkarten-niedersachsen.de/Download_OE/HWSchutz/HWRMRL_Z2_Wassertiefen_HQ100.zip;2026-09-17
Hitzacker;HQ100;CRS3035RES100mN3341300E4389000;1.000000;4.0000;karte;https://www.umweltkarten-niedersachsen.de/Download_OE/HWSchutz/HWRMRL_Z2_Risikogebiete_HQ100.zip;https://www.umweltkarten-niedersachsen.de/Download_OE/HWSchutz/HWRMRL_Z2_Wassertiefen_HQ100.zip;2026-09-17
Hitzacker;HQ100;CRS3035RES100mN3341400E4387900;0.000031;3.0000;karte;https://www.umweltkarten-niedersachsen.de/Download_OE/HWSchutz/HWRMRL_Z2_Risikogebiete_HQ100.zip;https://www.umweltkarten-niedersachsen.de/Download_OE/HWSchutz/HWRMRL_Z2_Wassertiefen_HQ100.zip;2026-09-17
Hitzacker;HQ100;CRS3035RES100mN3341400E4388000;0.207667;3.0000;karte;https://www.umweltkarten-niedersachsen.de/Download_OE/HWSchutz/HWRMRL_Z2_Risikogebiete_HQ100.zip;https://www.umweltkarten-niedersachsen.de/Download_OE/HWSchutz/HWRMRL_Z2_Wassertiefen_HQ100.zip;2026-09-17
Hitzacker;HQ100;CRS3035RES100mN3341400E4388100;0.601966;3.0207;karte;https://www.umweltkarten-niedersachsen.de/Download_OE/HWSchutz/HWRMRL_Z2_Risikogebiete_HQ100.zip;https://www.umweltkarten-niedersachsen.de/Download_OE/HWSchutz/HWRMRL_Z2_Wassertiefen_HQ100.zip;2026-09-17
Hitzacker;HQ100;CRS3035RES100mN3341400E4388200;0.916873;3.3045;karte;https://www.umweltkarten-niedersachsen.de/Download_OE/HWSchutz/HWRMRL_Z2_Risikogebiete_HQ100.zip;https://www.umweltkarten-niedersachsen.de/Download_OE/HWSchutz/HWRMRL_Z2_Wassertiefen_HQ100.zip;2026-09-17
Hitzacker;HQ100;CRS3035RES100mN3341400E4388300;1.000000;3.6878;karte;https://www.umweltkarten-niedersachsen.de/Download_OE/HWSchutz/HWRMRL_Z2_Risikogebiete_HQ100.zip;https://www.umweltkarten-niedersachsen.de/Download_OE/HWSchutz/HWRMRL_Z2_Wassertiefen_HQ100.zip;2026-09-17
Hitzacker;HQ100;CRS3035RES100mN3341400E4388400;1.000000;3.8366;karte;https://www.umweltkarten-niedersachsen.de/Download_OE/HWSchutz/HWRMRL_Z2_Risikogebiete_HQ100.zip;https://www.umweltkarten-niedersachsen.de/Download_OE/HWSchutz/HWRMRL_Z2_Wassertiefen_HQ100.zip;2026-09-17
Hitzacker;HQ100;CRS3035RES100mN3341400E4388500;1.000000;2.9574;karte;https://www.umweltkarten-niedersachsen.de/Download_OE/HWSchutz/HWRMRL_Z2_Risikogebiete_HQ100.zip;https://www.umweltkarten-niedersachsen.de/Download_OE/HWSchutz/HWRMRL_Z2_Wassertiefen_HQ100.zip;2026-09-17
Hitzacker;HQ100;CRS3035RES100mN3341400E4388600;1.000000;3.1494;karte;https://www.umweltkarten-niedersachsen.de/Download_OE/HWSchutz/HWRMRL_Z2_Risikogebiete_HQ100.zip;https://www.umweltkarten-niedersachsen.de/Download_OE/HWSchutz/HWRMRL_Z2_Wassertiefen_HQ100.zip;2026-09-17
Hitzacker;HQ100;CRS3035RES100mN3341400E4388700;1.000000;4.0000;karte;https://www.umweltkarten-niedersachsen.de/Download_OE/HWSchutz/HWRMRL_Z2_Risikogebiete_HQ100.zip;https://www.umweltkarten-niedersachsen.de/Download_OE/HWSchutz/HWRMRL_Z2_Wassertiefen_HQ100.zip;2026-09-17
Hitzacker;HQ100;CRS3035RES100mN3341400E4388800;1.000000;4.0000;karte;https://www.umweltkarten-niedersachsen.de/Download_OE/HWSchutz/HWRMRL_Z2_Risikogebiete_HQ100.zip;https://www.umweltkarten-niedersachsen.de/Download_OE/HWSchutz/HWRMRL_Z2_Wassertiefen_HQ100.zip;2026-09-17
Hitzacker;HQ100;CRS3035RES100mN3341400E4388900;1.000000;4.0000;karte;https://www.umweltkarten-niedersachsen.de/Download_OE/HWSchutz/HWRMRL_Z2_Risikogebiete_HQ100.zip;https://www.umweltkarten-niedersachsen.de/Download_OE/HWSchutz/HWRMRL_Z2_Wassertiefen_HQ100.zip;2026-09-17
Hitzacker;HQ100;CRS3035RES100mN3341500E4387600;0.012109;1.5000;karte;https://www.umweltkarten-niedersachsen.de/Download_OE/HWSchutz/HWRMRL_Z2_Risikogebiete_HQ100.zip;https://www.umweltkarten-niedersachsen.de/Download_OE/HWSchutz/HWRMRL_Z2_Wassertiefen_HQ100.zip;2026-09-17
Hitzacker;HQ100;CRS3035RES100mN3341500E4387700;0.180992;3.0000;karte;https://www.umweltkarten-niedersachsen.de/Download_OE/HWSchutz/HWRMRL_Z2_Risikogebiete_HQ100.zip;https://www.umweltkarten-niedersachsen.de/Download_OE/HWSchutz/HWRMRL_Z2_Wassertiefen_HQ100.zip;2026-09-17
Hitzacker;HQ100;CRS3035RES100mN3341500E4387800;0.403117;3.0000;karte;https://www.umweltkarten-niedersachsen.de/Download_OE/HWSchutz/HWRMRL_Z2_Risikogebiete_HQ100.zip;https://www.umweltkarten-niedersachsen.de/Download_OE/HWSchutz/HWRMRL_Z2_Wassertiefen_HQ100.zip;2026-09-17
Hitzacker;HQ100;CRS3035RES100mN3341500E4387900;0.735906;3.0000;karte;https://www.umweltkarten-niedersachsen.de/Download_OE/HWSchutz/HWRMRL_Z2_Risikogebiete_HQ100.zip;https://www.umweltkarten-niedersachsen.de/Download_OE/HWSchutz/HWRMRL_Z2_Wassertiefen_HQ100.zip;2026-09-17
Hitzacker;HQ100;CRS3035RES100mN3341500E4388000;0.999896;3.1784;karte;https://www.umweltkarten-niedersachsen.de/Download_OE/HWSchutz/HWRMRL_Z2_Risikogebiete_HQ100.zip;https://www.umweltkarten-niedersachsen.de/Download_OE/HWSchutz/HWRMRL_Z2_Wassertiefen_HQ100.zip;2026-09-17
Hitzacker;HQ100;CRS3035RES100mN3341500E4388100;1.000000;3.8184;karte;https://www.umweltkarten-niedersachsen.de/Download_OE/HWSchutz/HWRMRL_Z2_Risikogebiete_HQ100.zip;https://www.umweltkarten-niedersachsen.de/Download_OE/HWSchutz/HWRMRL_Z2_Wassertiefen_HQ100.zip;2026-09-17
Hitzacker;HQ100;CRS3035RES100mN3341500E4388200;1.000000;3.9609;karte;https://www.umweltkarten-niedersachsen.de/Download_OE/HWSchutz/HWRMRL_Z2_Risikogebiete_HQ100.zip;https://www.umweltkarten-niedersachsen.de/Download_OE/HWSchutz/HWRMRL_Z2_Wassertiefen_HQ100.zip;2026-09-17
Hitzacker;HQ100;CRS3035RES100mN3341500E4388300;1.000000;3.9368;karte;https://www.umweltkarten-niedersachsen.de/Download_OE/HWSchutz/HWRMRL_Z2_Risikogebiete_HQ100.zip;https://www.umweltkarten-niedersachsen.de/Download_OE/HWSchutz/HWRMRL_Z2_Wassertiefen_HQ100.zip;2026-09-17
Hitzacker;HQ100;CRS3035RES100mN3341500E4388400;1.000000;3.4111;karte;https://www.umweltkarten-niedersachsen.de/Download_OE/HWSchutz/HWRMRL_Z2_Risikogebiete_HQ100.zip;https://www.umweltkarten-niedersachsen.de/Download_OE/HWSchutz/HWRMRL_Z2_Wassertiefen_HQ100.zip;2026-09-17
Hitzacker;HQ100;CRS3035RES100mN3341500E4388500;1.000000;3.0233;karte;https://www.umweltkarten-niedersachsen.de/Download_OE/HWSchutz/HWRMRL_Z2_Risikogebiete_HQ100.zip;https://www.umweltkarten-niedersachsen.de/Download_OE/HWSchutz/HWRMRL_Z2_Wassertiefen_HQ100.zip;2026-09-17
Hitzacker;HQ100;CRS3035RES100mN3341500E4388600;1.000000;3.9154;karte;https://www.umweltkarten-niedersachsen.de/Download_OE/HWSchutz/HWRMRL_Z2_Risikogebiete_HQ100.zip;https://www.umweltkarten-niedersachsen.de/Download_OE/HWSchutz/HWRMRL_Z2_Wassertiefen_HQ100.zip;2026-09-17
Hitzacker;HQ100;CRS3035RES100mN3341500E4388700;1.000000;4.0000;karte;https://www.umweltkarten-niedersachsen.de/Download_OE/HWSchutz/HWRMRL_Z2_Risikogebiete_HQ100.zip;https://www.umweltkarten-niedersachsen.de/Download_OE/HWSchutz/HWRMRL_Z2_Wassertiefen_HQ100.zip;2026-09-17
Hitzacker;HQ100;CRS3035RES100mN3341500E4388800;1.000000;4.0000;karte;https://www.umweltkarten-niedersachsen.de/Download_OE/HWSchutz/HWRMRL_Z2_Risikogebiete_HQ100.zip;https://www.umweltkarten-niedersachsen.de/Download_OE/HWSchutz/HWRMRL_Z2_Wassertiefen_HQ100.zip;2026-09-17
Hitzacker;HQ100;CRS3035RES100mN3341500E4388900;1.000000;4.0000;karte;https://www.umweltkarten-niedersachsen.de/Download_OE/HWSchutz/HWRMRL_Z2_Risikogebiete_HQ100.zip;https://www.umweltkarten-niedersachsen.de/Download_OE/HWSchutz/HWRMRL_Z2_Wassertiefen_HQ100.zip;2026-09-17
Hitzacker;HQ100;CRS3035RES100mN3341600E4387400;0.000027;0.7500;karte;https://www.umweltkarten-niedersachsen.de/Download_OE/HWSchutz/HWRMRL_Z2_Risikogebiete_HQ100.zip;https://www.umweltkarten-niedersachsen.de/Download_OE/HWSchutz/HWRMRL_Z2_Wassertiefen_HQ100.zip;2026-09-17
Hitzacker;HQ100;CRS3035RES100mN3341600E4387500;0.265819;3.0437;karte;https://www.umweltkarten-niedersachsen.de/Download_OE/HWSchutz/HWRMRL_Z2_Risikogebiete_HQ100.zip;https://www.umweltkarten-niedersachsen.de/Download_OE/HWSchutz/HWRMRL_Z2_Wassertiefen_HQ100.zip;2026-09-17
Hitzacker;HQ100;CRS3035RES100mN3341600E4387600;0.811695;3.3143;karte;https://www.umweltkarten-niedersachsen.de/Download_OE/HWSchutz/HWRMRL_Z2_Risikogebiete_HQ100.zip;https://www.umweltkarten-niedersachsen.de/Download_OE/HWSchutz/HWRMRL_Z2_Wassertiefen_HQ100.zip;2026-09-17
Hitzacker;HQ100;CRS3035RES100mN3341600E4387700;0.998924;3.7898;karte;https://www.umweltkarten-niedersachsen.de/Download_OE/HWSchutz/HWRMRL_Z2_Risikogebiete_HQ100.zip;https://www.umweltkarten-niedersachsen.de/Download_OE/HWSchutz/HWRMRL_Z2_Wassertiefen_HQ100.zip;2026-09-17
Hitzacker;HQ100;CRS3035RES100mN3341600E4387800;1.000000;3.6077;karte;https://www.umweltkarten-niedersachsen.de/Download_OE/HWSchutz/HWRMRL_Z2_Risikogebiete_HQ100.zip;https://www.umweltkarten-niedersachsen.de/Download_OE/HWSchutz/HWRMRL_Z2_Wassertiefen_HQ100.zip;2026-09-17
Hitzacker;HQ100;CRS3035RES100mN3341600E4387900;1.000000;3.7136;karte;https://www.umweltkarten-niedersachsen.de/Download_OE/HWSchutz/HWRMRL_Z2_Risikogebiete_HQ100.zip;https://www.umweltkarten-niedersachsen.de/Download_OE/HWSchutz/HWRMRL_Z2_Wassertiefen_HQ100.zip;2026-09-17
Hitzacker;HQ100;CRS3035RES100mN3341600E4388000;1.000000;3.9877;karte;https://www.umweltkarten-niedersachsen.de/Download_OE/HWSchutz/HWRMRL_Z2_Risikogebiete_HQ100.zip;https://www.umweltkarten-niedersachsen.de/Download_OE/HWSchutz/HWRMRL_Z2_Wassertiefen_HQ100.zip;2026-09-17
Hitzacker;HQ100;CRS3035RES100mN3341600E4388100;1.000000;4.0000;karte;https://www.umweltkarten-niedersachsen.de/Download_OE/HWSchutz/HWRMRL_Z2_Risikogebiete_HQ100.zip;https://www.umweltkarten-niedersachsen.de/Download_OE/HWSchutz/HWRMRL_Z2_Wassertiefen_HQ100.zip;2026-09-17
Hitzacker;HQ100;CRS3035RES100mN3341600E4388200;1.000000;4.0000;karte;https://www.umweltkarten-niedersachsen.de/Download_OE/HWSchutz/HWRMRL_Z2_Risikogebiete_HQ100.zip;https://www.umweltkarten-niedersachsen.de/Download_OE/HWSchutz/HWRMRL_Z2_Wassertiefen_HQ100.zip;2026-09-17
Hitzacker;HQ100;CRS3035RES100mN3341600E4388300;1.000000;3.9772;karte;https://www.umweltkarten-niedersachsen.de/Download_OE/HWSchutz/HWRMRL_Z2_Risikogebiete_HQ100.zip;https://www.umweltkarten-niedersachsen.de/Download_OE/HWSchutz/HWRMRL_Z2_Wassertiefen_HQ100.zip;2026-09-17
Hitzacker;HQ100;CRS3035RES100mN3341600E4388400;1.000000;3.1906;karte;https://www.umweltkarten-niedersachsen.de/Download_OE/HWSchutz/HWRMRL_Z2_Risikogebiete_HQ100.zip;https://www.umweltkarten-niedersachsen.de/Download_OE/HWSchutz/HWRMRL_Z2_Wassertiefen_HQ100.zip;2026-09-17
Hitzacker;HQ100;CRS3035RES100mN3341600E4388500;1.000000;3.6322;karte;https://www.umweltkarten-niedersachsen.de/Download_OE/HWSchutz/HWRMRL_Z2_Risikogebiete_HQ100.zip;https://www.umweltkarten-niedersachsen.de/Download_OE/HWSchutz/HWRMRL_Z2_Wassertiefen_HQ100.zip;2026-09-17
Hitzacker;HQ100;CRS3035RES100mN3341600E4388600;1.000000;4.0000;karte;https://www.umweltkarten-niedersachsen.de/Download_OE/HWSchutz/HWRMRL_Z2_Risikogebiete_HQ100.zip;https://www.umweltkarten-niedersachsen.de/Download_OE/HWSchutz/HWRMRL_Z2_Wassertiefen_HQ100.zip;2026-09-17
Hitzacker;HQ100;CRS3035RES100mN3341600E4388700;1.000000;4.0000;karte;https://www.umweltkarten-niedersachsen.de/Download_OE/HWSchutz/HWRMRL_Z2_Risikogebiete_HQ100.zip;https://www.umweltkarten-niedersachsen.de/Download_OE/HWSchutz/HWRMRL_Z2_Wassertiefen_HQ100.zip;2026-09-17
Hitzacker;HQ100;CRS3035RES100mN3341600E4388800;1.000000;4.0000;karte;https://www.umweltkarten-niedersachsen.de/Download_OE/HWSchutz/HWRMRL_Z2_Risikogebiete_HQ100.zip;https://www.umweltkarten-niedersachsen.de/Download_OE/HWSchutz/HWRMRL_Z2_Wassertiefen_HQ100.zip;2026-09-17
Hitzacker;HQ100;CRS3035RES100mN3341700E4387200;0.142159;0.7514;karte;https://www.umweltkarten-niedersachsen.de/Download_OE/HWSchutz/HWRMRL_Z2_Risikogebiete_HQ100.zip;https://www.umweltkarten-niedersachsen.de/Download_OE/HWSchutz/HWRMRL_Z2_Wassertiefen_HQ100.zip;2026-09-17
Hitzacker;HQ100;CRS3035RES100mN3341700E4387300;0.475085;1.5867;karte;https://www.umweltkarten-niedersachsen.de/Download_OE/HWSchutz/HWRMRL_Z2_Risikogebiete_HQ100.zip;https://www.umweltkarten-niedersachsen.de/Download_OE/HWSchutz/HWRMRL_Z2_Wassertiefen_HQ100.zip;2026-09-17
Hitzacker;HQ100;CRS3035RES100mN3341700E4387400;0.819231;1.6756;karte;https://www.umweltkarten-niedersachsen.de/Download_OE/HWSchutz/HWRMRL_Z2_Risikogebiete_HQ100.zip;https://www.umweltkarten-niedersachsen.de/Download_OE/HWSchutz/HWRMRL_Z2_Wassertiefen_HQ100.zip;2026-09-17
Hitzacker;HQ100;CRS3035RES100mN3341700E4387500;1.000000;2.9979;karte;https://www.umweltkarten-niedersachsen.de/Download_OE/HWSchutz/HWRMRL_Z2_Risikogebiete_HQ100.zip;https://www.umweltkarten-niedersachsen.de/Download_OE/HWSchutz/HWRMRL_Z2_Wassertiefen_HQ100.zip;2026-09-17
Hitzacker;HQ100;CRS3035RES100mN3341700E4387600;1.000000;4.0000;karte;https://www.umweltkarten-niedersachsen.de/Download_OE/HWSchutz/HWRMRL_Z2_Risikogebiete_HQ100.zip;https://www.umweltkarten-niedersachsen.de/Download_OE/HWSchutz/HWRMRL_Z2_Wassertiefen_HQ100.zip;2026-09-17
Hitzacker;HQ100;CRS3035RES100mN3341700E4387700;1.000000;4.0000;karte;https://www.umweltkarten-niedersachsen.de/Download_OE/HWSchutz/HWRMRL_Z2_Risikogebiete_HQ100.zip;https://www.umweltkarten-niedersachsen.de/Download_OE/HWSchutz/HWRMRL_Z2_Wassertiefen_HQ100.zip;2026-09-17
Hitzacker;HQ100;CRS3035RES100mN3341700E4387800;1.000000;4.0000;karte;https://www.umweltkarten-niedersachsen.de/Download_OE/HWSchutz/HWRMRL_Z2_Risikogebiete_HQ100.zip;https://www.umweltkarten-niedersachsen.de/Download_OE/HWSchutz/HWRMRL_Z2_Wassertiefen_HQ100.zip;2026-09-17
Hitzacker;HQ100;CRS3035RES100mN3341700E4387900;1.000000;4.0000;karte;https://www.umweltkarten-niedersachsen.de/Download_OE/HWSchutz/HWRMRL_Z2_Risikogebiete_HQ100.zip;https://www.umweltkarten-niedersachsen.de/Download_OE/HWSchutz/HWRMRL_Z2_Wassertiefen_HQ100.zip;2026-09-17
Hitzacker;HQ100;CRS3035RES100mN3341700E4388000;1.000000;4.0000;karte;https://www.umweltkarten-niedersachsen.de/Download_OE/HWSchutz/HWRMRL_Z2_Risikogebiete_HQ100.zip;https://www.umweltkarten-niedersachsen.de/Download_OE/HWSchutz/HWRMRL_Z2_Wassertiefen_HQ100.zip;2026-09-17
Hitzacker;HQ100;CRS3035RES100mN3341700E4388100;1.000000;4.0000;karte;https://www.umweltkarten-niedersachsen.de/Download_OE/HWSchutz/HWRMRL_Z2_Risikogebiete_HQ100.zip;https://www.umweltkarten-niedersachsen.de/Download_OE/HWSchutz/HWRMRL_Z2_Wassertiefen_HQ100.zip;2026-09-17
Hitzacker;HQ100;CRS3035RES100mN3341700E4388200;1.000000;3.8129;karte;https://www.umweltkarten-niedersachsen.de/Download_OE/HWSchutz/HWRMRL_Z2_Risikogebiete_HQ100.zip;https://www.umweltkarten-niedersachsen.de/Download_OE/HWSchutz/HWRMRL_Z2_Wassertiefen_HQ100.zip;2026-09-17
Hitzacker;HQ100;CRS3035RES100mN3341700E4388300;1.000000;3.4105;karte;https://www.umweltkarten-niedersachsen.de/Download_OE/HWSchutz/HWRMRL_Z2_Risikogebiete_HQ100.zip;https://www.umweltkarten-niedersachsen.de/Download_OE/HWSchutz/HWRMRL_Z2_Wassertiefen_HQ100.zip;2026-09-17
Hitzacker;HQ100;CRS3035RES100mN3341700E4388400;1.000000;3.3805;karte;https://www.umweltkarten-niedersachsen.de/Download_OE/HWSchutz/HWRMRL_Z2_Risikogebiete_HQ100.zip;https://www.umweltkarten-niedersachsen.de/Download_OE/HWSchutz/HWRMRL_Z2_Wassertiefen_HQ100.zip;2026-09-17
Hitzacker;HQ100;CRS3035RES100mN3341700E4388500;1.000000;3.9879;karte;https://www.umweltkarten-niedersachsen.de/Download_OE/HWSchutz/HWRMRL_Z2_Risikogebiete_HQ100.zip;https://www.umweltkarten-niedersachsen.de/Download_OE/HWSchutz/HWRMRL_Z2_Wassertiefen_HQ100.zip;2026-09-17
Hitzacker;HQ100;CRS3035RES100mN3341700E4388600;1.000000;4.0000;karte;https://www.umweltkarten-niedersachsen.de/Download_OE/HWSchutz/HWRMRL_Z2_Risikogebiete_HQ100.zip;https://www.umweltkarten-niedersachsen.de/Download_OE/HWSchutz/HWRMRL_Z2_Wassertiefen_HQ100.zip;2026-09-17
Hitzacker;HQ100;CRS3035RES100mN3341700E4388700;1.000000;4.0000;karte;https://www.umweltkarten-niedersachsen.de/Download_OE/HWSchutz/HWRMRL_Z2_Risikogebiete_HQ100.zip;https://www.umweltkarten-niedersachsen.de/Download_OE/HWSchutz/HWRMRL_Z2_Wassertiefen_HQ100.zip;2026-09-17
Hitzacker;HQ100;CRS3035RES100mN3341800E4387000;0.007699;3.0000;karte;https://www.umweltkarten-niedersachsen.de/Download_OE/HWSchutz/HWRMRL_Z2_Risikogebiete_HQ100.zip;https://www.umweltkarten-niedersachsen.de/Download_OE/HWSchutz/HWRMRL_Z2_Wassertiefen_HQ100.zip;2026-09-17
Hitzacker;HQ100;CRS3035RES100mN3341800E4387100;0.465754;1.7131;karte;https://www.umweltkarten-niedersachsen.de/Download_OE/HWSchutz/HWRMRL_Z2_Risikogebiete_HQ100.zip;https://www.umweltkarten-niedersachsen.de/Download_OE/HWSchutz/HWRMRL_Z2_Wassertiefen_HQ100.zip;2026-09-17
Hitzacker;HQ100;CRS3035RES100mN3341800E4387200;0.978379;1.9701;karte;https://www.umweltkarten-niedersachsen.de/Download_OE/HWSchutz/HWRMRL_Z2_Risikogebiete_HQ100.zip;https://www.umweltkarten-niedersachsen.de/Download_OE/HWSchutz/HWRMRL_Z2_Wassertiefen_HQ100.zip;2026-09-17
Hitzacker;HQ100;CRS3035RES100mN3341800E4387300;1.000000;3.6545;karte;https://www.umweltkarten-niedersachsen.de/Download_OE/HWSchutz/HWRMRL_Z2_Risikogebiete_HQ100.zip;https://www.umweltkarten-niedersachsen.de/Download_OE/HWSchutz/HWRMRL_Z2_Wassertiefen_HQ100.zip;2026-09-17
Hitzacker;HQ100;CRS3035RES100mN3341800E4387400;1.000000;3.8153;karte;https://www.umweltkarten-niedersachsen.de/Download_OE/HWSchutz/HWRMRL_Z2_Risikogebiete_HQ100.zip;https://www.umweltkarten-niedersachsen.de/Download_OE/HWSchutz/HWRMRL_Z2_Wassertiefen_HQ100.zip;2026-09-17
Hitzacker;HQ100;CRS3035RES100mN3341800E4387500;1.000000;3.6094;karte;https://www.umweltkarten-niedersachsen.de/Download_OE/HWSchutz/HWRMRL_Z2_Risikogebiete_HQ100.zip;https://www.umweltkarten-niedersachsen.de/Download_OE/HWSchutz/HWRMRL_Z2_Wassertiefen_HQ100.zip;2026-09-17
Hitzacker;HQ100;CRS3035RES100mN3341800E4387600;1.000000;3.8572;karte;https://www.umweltkarten-niedersachsen.de/Download_OE/HWSchutz/HWRMRL_Z2_Risikogebiete_HQ100.zip;https://www.umweltkarten-niedersachsen.de/Download_OE/HWSchutz/HWRMRL_Z2_Wassertiefen_HQ100.zip;2026-09-17
Hitzacker;HQ100;CRS3035RES100mN3341800E4387700;1.000000;3.9535;karte;https://www.umweltkarten-niedersachsen.de/Download_OE/HWSchutz/HWRMRL_Z2_Risikogebiete_HQ100.zip;https://www.umweltkarten-niedersachsen.de/Download_OE/HWSchutz/HWRMRL_Z2_Wassertiefen_HQ100.zip;2026-09-17
Hitzacker;HQ100;CRS3035RES100mN3341800E4387800;1.000000;3.9374;karte;https://www.umweltkarten-niedersachsen.de/Download_OE/HWSchutz/HWRMRL_Z2_Risikogebiete_HQ100.zip;https://www.umweltkarten-niedersachsen.de/Download_OE/HWSchutz/HWRMRL_Z2_Wassertiefen_HQ100.zip;2026-09-17
Hitzacker;HQ100;CRS3035RES100mN3341800E4387900;1.000000;3.8534;karte;https://www.umweltkarten-niedersachsen.de/Download_OE/HWSchutz/HWRMRL_Z2_Risikogebiete_HQ100.zip;https://www.umweltkarten-niedersachsen.de/Download_OE/HWSchutz/HWRMRL_Z2_Wassertiefen_HQ100.zip;2026-09-17
Hitzacker;HQ100;CRS3035RES100mN3341800E4388000;1.000000;3.7354;karte;https://www.umweltkarten-niedersachsen.de/Download_OE/HWSchutz/HWRMRL_Z2_Risikogebiete_HQ100.zip;https://www.umweltkarten-niedersachsen.de/Download_OE/HWSchutz/HWRMRL_Z2_Wassertiefen_HQ100.zip;2026-09-17
Hitzacker;HQ100;CRS3035RES100mN3341800E4388100;1.000000;3.4666;karte;https://www.umweltkarten-niedersachsen.de/Download_OE/HWSchutz/HWRMRL_Z2_Risikogebiete_HQ100.zip;https://www.umweltkarten-niedersachsen.de/Download_OE/HWSchutz/HWRMRL_Z2_Wassertiefen_HQ100.zip;2026-09-17
Hitzacker;HQ100;CRS3035RES100mN3341800E4388200;1.000000;3.1812;karte;https://www.umweltkarten-niedersachsen.de/Download_OE/HWSchutz/HWRMRL_Z2_Risikogebiete_HQ100.zip;https://www.umweltkarten-niedersachsen.de/Download_OE/HWSchutz/HWRMRL_Z2_Wassertiefen_HQ100.zip;2026-09-17
Hitzacker;HQ100;CRS3035RES100mN3341800E4388300;1.000000;2.9946;karte;https://www.umweltkarten-niedersachsen.de/Download_OE/HWSchutz/HWRMRL_Z2_Risikogebiete_HQ100.zip;https://www.umweltkarten-niedersachsen.de/Download_OE/HWSchutz/HWRMRL_Z2_Wassertiefen_HQ100.zip;2026-09-17
Hitzacker;HQ100;CRS3035RES100mN3341800E4388400;1.000000;3.9175;karte;https://www.umweltkarten-niedersachsen.de/Download_OE/HWSchutz/HWRMRL_Z2_Risikogebiete_HQ100.zip;https://www.umweltkarten-niedersachsen.de/Download_OE/HWSchutz/HWRMRL_Z2_Wassertiefen_HQ100.zip;2026-09-17
Hitzacker;HQ100;CRS3035RES100mN3341800E4388500;1.000000;4.0000;karte;https://www.umweltkarten-niedersachsen.de/Download_OE/HWSchutz/HWRMRL_Z2_Risikogebiete_HQ100.zip;https://www.umweltkarten-niedersachsen.de/Download_OE/HWSchutz/HWRMRL_Z2_Wassertiefen_HQ100.zip;2026-09-17
Hitzacker;HQ100;CRS3035RES100mN3341800E4388600;1.000000;4.0000;karte;https://www.umweltkarten-niedersachsen.de/Download_OE/HWSchutz/HWRMRL_Z2_Risikogebiete_HQ100.zip;https://www.umweltkarten-niedersachsen.de/Download_OE/HWSchutz/HWRMRL_Z2_Wassertiefen_HQ100.zip;2026-09-17
Hitzacker;HQ100;CRS3035RES100mN3341900E4386900;0.068470;3.0000;karte;https://www.umweltkarten-niedersachsen.de/Download_OE/HWSchutz/HWRMRL_Z2_Risikogebiete_HQ100.zip;https://www.umweltkarten-niedersachsen.de/Download_OE/HWSchutz/HWRMRL_Z2_Wassertiefen_HQ100.zip;2026-09-17
Hitzacker;HQ100;CRS3035RES100mN3341900E4387000;0.737238;3.2516;karte;https://www.umweltkarten-niedersachsen.de/Download_OE/HWSchutz/HWRMRL_Z2_Risikogebiete_HQ100.zip;https://www.umweltkarten-niedersachsen.de/Download_OE/HWSchutz/HWRMRL_Z2_Wassertiefen_HQ100.zip;2026-09-17
Hitzacker;HQ100;CRS3035RES100mN3341900E4387100;1.000000;2.9512;karte;https://www.umweltkarten-niedersachsen.de/Download_OE/HWSchutz/HWRMRL_Z2_Risikogebiete_HQ100.zip;https://www.umweltkarten-niedersachsen.de/Download_OE/HWSchutz/HWRMRL_Z2_Wassertiefen_HQ100.zip;2026-09-17
Hitzacker;HQ100;CRS3035RES100mN3341900E4387200;1.000000;3.9042;karte;https://www.umweltkarten-niedersachsen.de/Download_OE/HWSchutz/HWRMRL_Z2_Risikogebiete_HQ100.zip;https://www.umweltkarten-niedersachsen.de/Download_OE/HWSchutz/HWRMRL_Z2_Wassertiefen_HQ100.zip;2026-09-17
Hitzacker;HQ100;CRS3035RES100mN3341900E4387300;1.000000;3.7498;karte;https://www.umweltkarten-niedersachsen.de/Download_OE/HWSchutz/HWRMRL_Z2_Risikogebiete_HQ100.zip;https://www.umweltkarten-niedersachsen.de/Download_OE/HWSchutz/HWRMRL_Z2_Wassertiefen_HQ100.zip;2026-09-17
Hitzacker;HQ100;CRS3035RES100mN3341900E4387400;1.000000;3.2573;karte;https://www.umweltkarten-niedersachsen.de/Download_OE/HWSchutz/HWRMRL_Z2_Risikogebiete_HQ100.zip;https://www.umweltkarten-niedersachsen.de/Download_OE/HWSchutz/HWRMRL_Z2_Wassertiefen_HQ100.zip;2026-09-17
Hitzacker;HQ100;CRS3035RES100mN3341900E4387500;1.000000;3.0000;karte;https://www.umweltkarten-niedersachsen.de/Download_OE/HWSchutz/HWRMRL_Z2_Risikogebiete_HQ100.zip;https://www.umweltkarten-niedersachsen.de/Download_OE/HWSchutz/HWRMRL_Z2_Wassertiefen_HQ100.zip;2026-09-17
Hitzacker;HQ100;CRS3035RES100mN3341900E4387600;1.000000;3.0000;karte;https://www.umweltkarten-niedersachsen.de/Download_OE/HWSchutz/HWRMRL_Z2_Risikogebiete_HQ100.zip;https://www.umweltkarten-niedersachsen.de/Download_OE/HWSchutz/HWRMRL_Z2_Wassertiefen_HQ100.zip;2026-09-17
Hitzacker;HQ100;CRS3035RES100mN3341900E4387700;1.000000;3.0053;karte;https://www.umweltkarten-niedersachsen.de/Download_OE/HWSchutz/HWRMRL_Z2_Risikogebiete_HQ100.zip;https://www.umweltkarten-niedersachsen.de/Download_OE/HWSchutz/HWRMRL_Z2_Wassertiefen_HQ100.zip;2026-09-17
Hitzacker;HQ100;CRS3035RES100mN3341900E4387800;1.000000;3.0100;karte;https://www.umweltkarten-niedersachsen.de/Download_OE/HWSchutz/HWRMRL_Z2_Risikogebiete_HQ100.zip;https://www.umweltkarten-niedersachsen.de/Download_OE/HWSchutz/HWRMRL_Z2_Wassertiefen_HQ100.zip;2026-09-17
Hitzacker;HQ100;CRS3035RES100mN3341900E4387900;1.000000;2.8127;karte;https://www.umweltkarten-niedersachsen.de/Download_OE/HWSchutz/HWRMRL_Z2_Risikogebiete_HQ100.zip;https://www.umweltkarten-niedersachsen.de/Download_OE/HWSchutz/HWRMRL_Z2_Wassertiefen_HQ100.zip;2026-09-17
Hitzacker;HQ100;CRS3035RES100mN3341900E4388000;1.000000;2.6834;karte;https://www.umweltkarten-niedersachsen.de/Download_OE/HWSchutz/HWRMRL_Z2_Risikogebiete_HQ100.zip;https://www.umweltkarten-niedersachsen.de/Download_OE/HWSchutz/HWRMRL_Z2_Wassertiefen_HQ100.zip;2026-09-17
Hitzacker;HQ100;CRS3035RES100mN3341900E4388100;1.000000;2.9792;karte;https://www.umweltkarten-niedersachsen.de/Download_OE/HWSchutz/HWRMRL_Z2_Risikogebiete_HQ100.zip;https://www.umweltkarten-niedersachsen.de/Download_OE/HWSchutz/HWRMRL_Z2_Wassertiefen_HQ100.zip;2026-09-17
Hitzacker;HQ100;CRS3035RES100mN3341900E4388200;1.000000;3.1508;karte;https://www.umweltkarten-niedersachsen.de/Download_OE/HWSchutz/HWRMRL_Z2_Risikogebiete_HQ100.zip;https://www.umweltkarten-niedersachsen.de/Download_OE/HWSchutz/HWRMRL_Z2_Wassertiefen_HQ100.zip;2026-09-17
Hitzacker;HQ100;CRS3035RES100mN3341900E4388300;1.000000;3.8878;karte;https://www.umweltkarten-niedersachsen.de/Download_OE/HWSchutz/HWRMRL_Z2_Risikogebiete_HQ100.zip;https://www.umweltkarten-niedersachsen.de/Download_OE/HWSchutz/HWRMRL_Z2_Wassertiefen_HQ100.zip;2026-09-17
Hitzacker;HQ100;CRS3035RES100mN3341900E4388400;1.000000;4.0000;karte;https://www.umweltkarten-niedersachsen.de/Download_OE/HWSchutz/HWRMRL_Z2_Risikogebiete_HQ100.zip;https://www.umweltkarten-niedersachsen.de/Download_OE/HWSchutz/HWRMRL_Z2_Wassertiefen_HQ100.zip;2026-09-17
Hitzacker;HQ100;CRS3035RES100mN3341900E4388500;1.000000;4.0000;karte;https://www.umweltkarten-niedersachsen.de/Download_OE/HWSchutz/HWRMRL_Z2_Risikogebiete_HQ100.zip;https://www.umweltkarten-niedersachsen.de/Download_OE/HWSchutz/HWRMRL_Z2_Wassertiefen_HQ100.zip;2026-09-17
Hitzacker;HQ100;CRS3035RES100mN3342000E4386800;0.082365;4.0000;karte;https://www.umweltkarten-niedersachsen.de/Download_OE/HWSchutz/HWRMRL_Z2_Risikogebiete_HQ100.zip;https://www.umweltkarten-niedersachsen.de/Download_OE/HWSchutz/HWRMRL_Z2_Wassertiefen_HQ100.zip;2026-09-17
Hitzacker;HQ100;CRS3035RES100mN3342000E4386900;0.782607;3.7163;karte;https://www.umweltkarten-niedersachsen.de/Download_OE/HWSchutz/HWRMRL_Z2_Risikogebiete_HQ100.zip;https://www.umweltkarten-niedersachsen.de/Download_OE/HWSchutz/HWRMRL_Z2_Wassertiefen_HQ100.zip;2026-09-17
Hitzacker;HQ100;CRS3035RES100mN3342000E4387000;1.000000;3.2892;karte;https://www.umweltkarten-niedersachsen.de/Download_OE/HWSchutz/HWRMRL_Z2_Risikogebiete_HQ100.zip;https://www.umweltkarten-niedersachsen.de/Download_OE/HWSchutz/HWRMRL_Z2_Wassertiefen_HQ100.zip;2026-09-17
Hitzacker;HQ100;CRS3035RES100mN3342000E4387100;1.000000;3.9378;karte;https://www.umweltkarten-niedersachsen.de/Download_OE/HWSchutz/HWRMRL_Z2_Risikogebiete_HQ100.zip;https://www.umweltkarten-niedersachsen.de/Download_OE/HWSchutz/HWRMRL_Z2_Wassertiefen_HQ100.zip;2026-09-17
Hitzacker;HQ100;CRS3035RES100mN3342000E4387200;1.000000;3.6080;karte;https://www.umweltkarten-niedersachsen.de/Download_OE/HWSchutz/HWRMRL_Z2_Risikogebiete_HQ100.zip;https://www.umweltkarten-niedersachsen.de/Download_OE/HWSchutz/HWRMRL_Z2_Wassertiefen_HQ100.zip;2026-09-17
Hitzacker;HQ100;CRS3035RES100mN3342000E4387300;1.000000;3.5124;karte;https://www.umweltkarten-niedersachsen.de/Download_OE/HWSchutz/HWRMRL_Z2_Risikogebiete_HQ100.zip;https://www.umweltkarten-niedersachsen.de/Download_OE/HWSchutz/HWRMRL_Z2_Wassertiefen_HQ100.zip;2026-09-17
Hitzacker;HQ100;CRS3035RES100mN3342000E4387400;1.000000;3.6705;karte;https://www.umweltkarten-niedersachsen.de/Download_OE/HWSchutz/HWRMRL_Z2_Risikogebiete_HQ100.zip;https://www.umweltkarten-niedersachsen.de/Download_OE/HWSchutz/HWRMRL_Z2_Wassertiefen_HQ100.zip;2026-09-17
Hitzacker;HQ100;CRS3035RES100mN3342000E4387500;1.000000;3.3810;karte;https://www.umweltkarten-niedersachsen.de/Download_OE/HWSchutz/HWRMRL_Z2_Risikogebiete_HQ100.zip;https://www.umweltkarten-niedersachsen.de/Download_OE/HWSchutz/HWRMRL_Z2_Wassertiefen_HQ100.zip;2026-09-17
Hitzacker;HQ100;CRS3035RES100mN3342000E4387600;1.000000;3.0000;karte;https://www.umweltkarten-niedersachsen.de/Download_OE/HWSchutz/HWRMRL_Z2_Risikogebiete_HQ100.zip;https://www.umweltkarten-niedersachsen.de/Download_OE/HWSchutz/HWRMRL_Z2_Wassertiefen_HQ100.zip;2026-09-17
Hitzacker;HQ100;CRS3035RES100mN3342000E4387700;1.000000;3.0000;karte;https://www.umweltkarten-niedersachsen.de/Download_OE/HWSchutz/HWRMRL_Z2_Risikogebiete_HQ100.zip;https://www.umweltkarten-niedersachsen.de/Download_OE/HWSchutz/HWRMRL_Z2_Wassertiefen_HQ100.zip;2026-09-17
Hitzacker;HQ100;CRS3035RES100mN3342000E4387800;1.000000;3.0000;karte;https://www.umweltkarten-niedersachsen.de/Download_OE/HWSchutz/HWRMRL_Z2_Risikogebiete_HQ100.zip;https://www.umweltkarten-niedersachsen.de/Download_OE/HWSchutz/HWRMRL_Z2_Wassertiefen_HQ100.zip;2026-09-17
Hitzacker;HQ100;CRS3035RES100mN3342000E4387900;1.000000;3.0702;karte;https://www.umweltkarten-niedersachsen.de/Download_OE/HWSchutz/HWRMRL_Z2_Risikogebiete_HQ100.zip;https://www.umweltkarten-niedersachsen.de/Download_OE/HWSchutz/HWRMRL_Z2_Wassertiefen_HQ100.zip;2026-09-17
Hitzacker;HQ100;CRS3035RES100mN3342000E4388000;1.000000;3.1131;karte;https://www.umweltkarten-niedersachsen.de/Download_OE/HWSchutz/HWRMRL_Z2_Risikogebiete_HQ100.zip;https://www.umweltkarten-niedersachsen.de/Download_OE/HWSchutz/HWRMRL_Z2_Wassertiefen_HQ100.zip;2026-09-17
Hitzacker;HQ100;CRS3035RES100mN3342000E4388100;1.000000;3.7932;karte;https://www.umweltkarten-niedersachsen.de/Download_OE/HWSchutz/HWRMRL_Z2_Risikogebiete_HQ100.zip;https://www.umweltkarten-niedersachsen.de/Download_OE/HWSchutz/HWRMRL_Z2_Wassertiefen_HQ100.zip;2026-09-17
Hitzacker;HQ100;CRS3035RES100mN3342000E4388200;1.000000;4.0000;karte;https://www.umweltkarten-niedersachsen.de/Download_OE/HWSchutz/HWRMRL_Z2_Risikogebiete_HQ100.zip;https://www.umweltkarten-niedersachsen.de/Download_OE/HWSchutz/HWRMRL_Z2_Wassertiefen_HQ100.zip;2026-09-17
Hitzacker;HQ100;CRS3035RES100mN3342000E4388300;1.000000;4.0000;karte;https://www.umweltkarten-niedersachsen.de/Download_OE/HWSchutz/HWRMRL_Z2_Risikogebiete_HQ100.zip;https://www.umweltkarten-niedersachsen.de/Download_OE/HWSchutz/HWRMRL_Z2_Wassertiefen_HQ100.zip;2026-09-17
Hitzacker;HQ100;CRS3035RES100mN3342000E4388400;1.000000;4.0000;karte;https://www.umweltkarten-niedersachsen.de/Download_OE/HWSchutz/HWRMRL_Z2_Risikogebiete_HQ100.zip;https://www.umweltkarten-niedersachsen.de/Download_OE/HWSchutz/HWRMRL_Z2_Wassertiefen_HQ100.zip;2026-09-17
Hitzacker;HQ100;CRS3035RES100mN3342100E4386700;0.001126;4.0000;karte;https://www.umweltkarten-niedersachsen.de/Download_OE/HWSchutz/HWRMRL_Z2_Risikogebiete_HQ100.zip;https://www.umweltkarten-niedersachsen.de/Download_OE/HWSchutz/HWRMRL_Z2_Wassertiefen_HQ100.zip;2026-09-17
Hitzacker;HQ100;CRS3035RES100mN3342100E4386800;0.752148;3.7574;karte;https://www.umweltkarten-niedersachsen.de/Download_OE/HWSchutz/HWRMRL_Z2_Risikogebiete_HQ100.zip;https://www.umweltkarten-niedersachsen.de/Download_OE/HWSchutz/HWRMRL_Z2_Wassertiefen_HQ100.zip;2026-09-17
Hitzacker;HQ100;CRS3035RES100mN3342100E4386900;1.000000;3.1073;karte;https://www.umweltkarten-niedersachsen.de/Download_OE/HWSchutz/HWRMRL_Z2_Risikogebiete_HQ100.zip;https://www.umweltkarten-niedersachsen.de/Download_OE/HWSchutz/HWRMRL_Z2_Wassertiefen_HQ100.zip;2026-09-17
Hitzacker;HQ100;CRS3035RES100mN3342100E4387000;1.000000;3.3888;karte;https://www.umweltkarten-niedersachsen.de/Download_OE/HWSchutz/HWRMRL_Z2_Risikogebiete_HQ100.zip;https://www.umweltkarten-niedersachsen.de/Download_OE/HWSchutz/HWRMRL_Z2_Wassertiefen_HQ100.zip;2026-09-17
Hitzacker;HQ100;CRS3035RES100mN3342100E4387100;1.000000;4.0000;karte;https://www.umweltkarten-niedersachsen.de/Download_OE/HWSchutz/HWRMRL_Z2_Risikogebiete_HQ100.zip;https://www.umweltkarten-niedersachsen.de/Download_OE/HWSchutz/HWRMRL_Z2_Wassertiefen_HQ100.zip;2026-09-17
Hitzacker;HQ100;CRS3035RES100mN3342100E4387200;1.000000;3.9057;karte;https://www.umweltkarten-niedersachsen.de/Download_OE/HWSchutz/HWRMRL_Z2_Risikogebiete_HQ100.zip;https://www.umweltkarten-niedersachsen.de/Download_OE/HWSchutz/HWRMRL_Z2_Wassertiefen_HQ100.zip;2026-09-17
Hitzacker;HQ100;CRS3035RES100mN3342100E4387300;1.000000;4.0000;karte;https://www.umweltkarten-niedersachsen.de/Download_OE/HWSchutz/HWRMRL_Z2_Risikogebiete_HQ100.zip;https://www.umweltkarten-niedersachsen.de/Download_OE/HWSchutz/HWRMRL_Z2_Wassertiefen_HQ100.zip;2026-09-17
Hitzacker;HQ100;CRS3035RES100mN3342100E4387400;1.000000;3.9369;karte;https://www.umweltkarten-niedersachsen.de/Download_OE/HWSchutz/HWRMRL_Z2_Risikogebiete_HQ100.zip;https://www.umweltkarten-niedersachsen.de/Download_OE/HWSchutz/HWRMRL_Z2_Wassertiefen_HQ100.zip;2026-09-17
Hitzacker;HQ100;CRS3035RES100mN3342100E4387500;1.000000;3.1352;karte;https://www.umweltkarten-niedersachsen.de/Download_OE/HWSchutz/HWRMRL_Z2_Risikogebiete_HQ100.zip;https://www.umweltkarten-niedersachsen.de/Download_OE/HWSchutz/HWRMRL_Z2_Wassertiefen_HQ100.zip;2026-09-17
Hitzacker;HQ100;CRS3035RES100mN3342100E4387600;1.000000;3.0000;karte;https://www.umweltkarten-niedersachsen.de/Download_OE/HWSchutz/HWRMRL_Z2_Risikogebiete_HQ100.zip;https://www.umweltkarten-niedersachsen.de/Download_OE/HWSchutz/HWRMRL_Z2_Wassertiefen_HQ100.zip;2026-09-17
Hitzacker;HQ100;CRS3035RES100mN3342100E4387700;1.000000;3.0195;karte;https://www.umweltkarten-niedersachsen.de/Download_OE/HWSchutz/HWRMRL_Z2_Risikogebiete_HQ100.zip;https://www.umweltkarten-niedersachsen.de/Download_OE/HWSchutz/HWRMRL_Z2_Wassertiefen_HQ100.zip;2026-09-17
Hitzacker;HQ100;CRS3035RES100mN3342100E4387800;1.000000;3.2947;karte;https://www.umweltkarten-niedersachsen.de/Download_OE/HWSchutz/HWRMRL_Z2_Risikogebiete_HQ100.zip;https://www.umweltkarten-niedersachsen.de/Download_OE/HWSchutz/HWRMRL_Z2_Wassertiefen_HQ100.zip;2026-09-17
Hitzacker;HQ100;CRS3035RES100mN3342100E4387900;1.000000;3.8594;karte;https://www.umweltkarten-niedersachsen.de/Download_OE/HWSchutz/HWRMRL_Z2_Risikogebiete_HQ100.zip;https://www.umweltkarten-niedersachsen.de/Download_OE/HWSchutz/HWRMRL_Z2_Wassertiefen_HQ100.zip;2026-09-17
Hitzacker;HQ100;CRS3035RES100mN3342100E4388000;1.000000;4.0000;karte;https://www.umweltkarten-niedersachsen.de/Download_OE/HWSchutz/HWRMRL_Z2_Risikogebiete_HQ100.zip;https://www.umweltkarten-niedersachsen.de/Download_OE/HWSchutz/HWRMRL_Z2_Wassertiefen_HQ100.zip;2026-09-17
Hitzacker;HQ100;CRS3035RES100mN3342100E4388100;1.000000;4.0000;karte;https://www.umweltkarten-niedersachsen.de/Download_OE/HWSchutz/HWRMRL_Z2_Risikogebiete_HQ100.zip;https://www.umweltkarten-niedersachsen.de/Download_OE/HWSchutz/HWRMRL_Z2_Wassertiefen_HQ100.zip;2026-09-17
Hitzacker;HQ100;CRS3035RES100mN3342100E4388200;1.000000;4.0000;karte;https://www.umweltkarten-niedersachsen.de/Download_OE/HWSchutz/HWRMRL_Z2_Risikogebiete_HQ100.zip;https://www.umweltkarten-niedersachsen.de/Download_OE/HWSchutz/HWRMRL_Z2_Wassertiefen_HQ100.zip;2026-09-17
Hitzacker;HQ100;CRS3035RES100mN3342100E4388300;1.000000;4.0000;karte;https://www.umweltkarten-niedersachsen.de/Download_OE/HWSchutz/HWRMRL_Z2_Risikogebiete_HQ100.zip;https://www.umweltkarten-niedersachsen.de/Download_OE/HWSchutz/HWRMRL_Z2_Wassertiefen_HQ100.zip;2026-09-17
Hitzacker;HQ100;CRS3035RES100mN3342200E4386700;0.303722;4.0000;karte;https://www.umweltkarten-niedersachsen.de/Download_OE/HWSchutz/HWRMRL_Z2_Risikogebiete_HQ100.zip;https://www.umweltkarten-niedersachsen.de/Download_OE/HWSchutz/HWRMRL_Z2_Wassertiefen_HQ100.zip;2026-09-17
Hitzacker;HQ100;CRS3035RES100mN3342200E4386800;0.999800;3.6130;karte;https://www.umweltkarten-niedersachsen.de/Download_OE/HWSchutz/HWRMRL_Z2_Risikogebiete_HQ100.zip;https://www.umweltkarten-niedersachsen.de/Download_OE/HWSchutz/HWRMRL_Z2_Wassertiefen_HQ100.zip;2026-09-17
Hitzacker;HQ100;CRS3035RES100mN3342200E4386900;1.000000;3.0000;karte;https://www.umweltkarten-niedersachsen.de/Download_OE/HWSchutz/HWRMRL_Z2_Risikogebiete_HQ100.zip;https://www.umweltkarten-niedersachsen.de/Download_OE/HWSchutz/HWRMRL_Z2_Wassertiefen_HQ100.zip;2026-09-17
Hitzacker;HQ100;CRS3035RES100mN3342200E4387000;1.000000;3.5209;karte;https://www.umweltkarten-niedersachsen.de/Download_OE/HWSchutz/HWRMRL_Z2_Risikogebiete_HQ100.zip;https://www.umweltkarten-niedersachsen.de/Download_OE/HWSchutz/HWRMRL_Z2_Wassertiefen_HQ100.zip;2026-09-17
Hitzacker;HQ100;CRS3035RES100mN3342200E4387100;1.000000;3.9790;karte;https://www.umweltkarten-niedersachsen.de/Download_OE/HWSchutz/HWRMRL_Z2_Risikogebiete_HQ100.zip;https://www.umweltkarten-niedersachsen.de/Download_OE/HWSchutz/HWRMRL_Z2_Wassertiefen_HQ100.zip;2026-09-17
Hitzacker;HQ100;CRS3035RES100mN3342200E4387200;1.000000;3.5951;karte;https://www.umweltkarten-niedersachsen.de/Download_OE/HWSchutz/HWRMRL_Z2_Risikogebiete_HQ100.zip;https://www.umweltkarten-niedersachsen.de/Download_OE/HWSchutz/HWRMRL_Z2_Wassertiefen_HQ100.zip;2026-09-17
Hitzacker;HQ100;CRS3035RES100mN3342200E4387300;1.000000;3.4098;karte;https://www.umweltkarten-niedersachsen.de/Download_OE/HWSchutz/HWRMRL_Z2_Risikogebiete_HQ100.zip;https://www.umweltkarten-niedersachsen.de/Download_OE/HWSchutz/HWRMRL_Z2_Wassertiefen_HQ100.zip;2026-09-17
Hitzacker;HQ100;CRS3035RES100mN3342200E4387400;1.000000;3.3122;karte;https://www.umweltkarten-niedersachsen.de/Download_OE/HWSchutz/HWRMRL_Z2_Risikogebiete_HQ100.zip;https://www.umweltkarten-niedersachsen.de/Download_OE/HWSchutz/HWRMRL_Z2_Wassertiefen_HQ100.zip;2026-09-17
Hitzacker;HQ100;CRS3035RES100mN3342200E4387500;1.000000;3.0000;karte;https://www.umweltkarten-niedersachsen.de/Download_OE/HWSchutz/HWRMRL_Z2_Risikogebiete_HQ100.zip;https://www.umweltkarten-niedersachsen.de/Download_OE/HWSchutz/HWRMRL_Z2_Wassertiefen_HQ100.zip;2026-09-17
Hitzacker;HQ100;CRS3035RES100mN3342200E4387600;1.000000;3.2085;karte;https://www.umweltkarten-niedersachsen.de/Download_OE/HWSchutz/HWRMRL_Z2_Risikogebiete_HQ100.zip;https://www.umweltkarten-niedersachsen.de/Download_OE/HWSchutz/HWRMRL_Z2_Wassertiefen_HQ100.zip;2026-09-17
Hitzacker;HQ100;CRS3035RES100mN3342200E4387700;1.000000;3.8647;karte;https://www.umweltkarten-niedersachsen.de/Download_OE/HWSchutz/HWRMRL_Z2_Risikogebiete_HQ100.zip;https://www.umweltkarten-niedersachsen.de/Download_OE/HWSchutz/HWRMRL_Z2_Wassertiefen_HQ100.zip;2026-09-17
Hitzacker;HQ100;CRS3035RES100mN3342200E4387800;1.000000;4.0000;karte;https://www.umweltkarten-niedersachsen.de/Download_OE/HWSchutz/HWRMRL_Z2_Risikogebiete_HQ100.zip;https://www.umweltkarten-niedersachsen.de/Download_OE/HWSchutz/HWRMRL_Z2_Wassertiefen_HQ100.zip;2026-09-17
Hitzacker;HQ100;CRS3035RES100mN3342200E4387900;1.000000;4.0000;karte;https://www.umweltkarten-niedersachsen.de/Download_OE/HWSchutz/HWRMRL_Z2_Risikogebiete_HQ100.zip;https://www.umweltkarten-niedersachsen.de/Download_OE/HWSchutz/HWRMRL_Z2_Wassertiefen_HQ100.zip;2026-09-17
Hitzacker;HQ100;CRS3035RES100mN3342200E4388000;1.000000;4.0000;karte;https://www.umweltkarten-niedersachsen.de/Download_OE/HWSchutz/HWRMRL_Z2_Risikogebiete_HQ100.zip;https://www.umweltkarten-niedersachsen.de/Download_OE/HWSchutz/HWRMRL_Z2_Wassertiefen_HQ100.zip;2026-09-17
Hitzacker;HQ100;CRS3035RES100mN3342200E4388100;1.000000;4.0000;karte;https://www.umweltkarten-niedersachsen.de/Download_OE/HWSchutz/HWRMRL_Z2_Risikogebiete_HQ100.zip;https://www.umweltkarten-niedersachsen.de/Download_OE/HWSchutz/HWRMRL_Z2_Wassertiefen_HQ100.zip;2026-09-17
Hitzacker;HQ100;CRS3035RES100mN3342300E4386600;0.021444;4.0000;karte;https://www.umweltkarten-niedersachsen.de/Download_OE/HWSchutz/HWRMRL_Z2_Risikogebiete_HQ100.zip;https://www.umweltkarten-niedersachsen.de/Download_OE/HWSchutz/HWRMRL_Z2_Wassertiefen_HQ100.zip;2026-09-17
Hitzacker;HQ100;CRS3035RES100mN3342300E4386700;0.824770;3.9773;karte;https://www.umweltkarten-niedersachsen.de/Download_OE/HWSchutz/HWRMRL_Z2_Risikogebiete_HQ100.zip;https://www.umweltkarten-niedersachsen.de/Download_OE/HWSchutz/HWRMRL_Z2_Wassertiefen_HQ100.zip;2026-09-17
Hitzacker;HQ100;CRS3035RES100mN3342300E4386800;1.000000;3.4016;karte;https://www.umweltkarten-niedersachsen.de/Download_OE/HWSchutz/HWRMRL_Z2_Risikogebiete_HQ100.zip;https://www.umweltkarten-niedersachsen.de/Download_OE/HWSchutz/HWRMRL_Z2_Wassertiefen_HQ100.zip;2026-09-17
Hitzacker;HQ100;CRS3035RES100mN3342300E4386900;1.000000;3.1471;karte;https://www.umweltkarten-niedersachsen.de/Download_OE/HWSchutz/HWRMRL_Z2_Risikogebiete_HQ100.zip;https://www.umweltkarten-niedersachsen.de/Download_OE/HWSchutz/HWRMRL_Z2_Wassertiefen_HQ100.zip;2026-09-17
Hitzacker;HQ100;CRS3035RES100mN3342300E4387000;1.000000;3.6821;karte;https://www.umweltkarten-niedersachsen.de/Download_OE/HWSchutz/HWRMRL_Z2_Risikogebiete_HQ100.zip;https://www.umweltkarten-niedersachsen.de/Download_OE/HWSchutz/HWRMRL_Z2_Wassertiefen_HQ100.zip;2026-09-17
Hitzacker;HQ100;CRS3035RES100mN3342300E4387100;1.000000;3.7778;karte;https://www.umweltkarten-niedersachsen.de/Download_OE/HWSchutz/HWRMRL_Z2_Risikogebiete_HQ100.zip;https://www.umweltkarten-niedersachsen.de/Download_OE/HWSchutz/HWRMRL_Z2_Wassertiefen_HQ100.zip;2026-09-17
Hitzacker;HQ100;CRS3035RES100mN3342300E4387200;1.000000;3.0421;karte;https://www.umweltkarten-niedersachsen.de/Download_OE/HWSchutz/HWRMRL_Z2_Risikogebiete_HQ100.zip;https://www.umweltkarten-niedersachsen.de/Download_OE/HWSchutz/HWRMRL_Z2_Wassertiefen_HQ100.zip;2026-09-17
Hitzacker;HQ100;CRS3035RES100mN3342300E4387300;1.000000;3.0000;karte;https://www.umweltkarten-niedersachsen.de/Download_OE/HWSchutz/HWRMRL_Z2_Risikogebiete_HQ100.zip;https://www.umweltkarten-niedersachsen.de/Download_OE/HWSchutz/HWRMRL_Z2_Wassertiefen_HQ100.zip;2026-09-17
Hitzacker;HQ100;CRS3035RES100mN3342300E4387400;1.000000;3.1592;karte;https://www.umweltkarten-niedersachsen.de/Download_OE/HWSchutz/HWRMRL_Z2_Risikogebiete_HQ100.zip;https://www.umweltkarten-niedersachsen.de/Download_OE/HWSchutz/HWRMRL_Z2_Wassertiefen_HQ100.zip;2026-09-17
Hitzacker;HQ100;CRS3035RES100mN3342300E4387500;1.000000;3.6809;karte;https://www.umweltkarten-niedersachsen.de/Download_OE/HWSchutz/HWRMRL_Z2_Risikogebiete_HQ100.zip;https://www.umweltkarten-niedersachsen.de/Download_OE/HWSchutz/HWRMRL_Z2_Wassertiefen_HQ100.zip;2026-09-17
Hitzacker;HQ100;CRS3035RES100mN3342300E4387600;1.000000;3.9727;karte;https://www.umweltkarten-niedersachsen.de/Download_OE/HWSchutz/HWRMRL_Z2_Risikogebiete_HQ100.zip;https://www.umweltkarten-niedersachsen.de/Download_OE/HWSchutz/HWRMRL_Z2_Wassertiefen_HQ100.zip;2026-09-17
Hitzacker;HQ100;CRS3035RES100mN3342300E4387700;1.000000;4.0000;karte;https://www.umweltkarten-niedersachsen.de/Download_OE/HWSchutz/HWRMRL_Z2_Risikogebiete_HQ100.zip;https://www.umweltkarten-niedersachsen.de/Download_OE/HWSchutz/HWRMRL_Z2_Wassertiefen_HQ100.zip;2026-09-17
Hitzacker;HQ100;CRS3035RES100mN3342300E4387800;1.000000;4.0000;karte;https://www.umweltkarten-niedersachsen.de/Download_OE/HWSchutz/HWRMRL_Z2_Risikogebiete_HQ100.zip;https://www.umweltkarten-niedersachsen.de/Download_OE/HWSchutz/HWRMRL_Z2_Wassertiefen_HQ100.zip;2026-09-17
Hitzacker;HQ100;CRS3035RES100mN3342300E4387900;1.000000;4.0000;karte;https://www.umweltkarten-niedersachsen.de/Download_OE/HWSchutz/HWRMRL_Z2_Risikogebiete_HQ100.zip;https://www.umweltkarten-niedersachsen.de/Download_OE/HWSchutz/HWRMRL_Z2_Wassertiefen_HQ100.zip;2026-09-17
Hitzacker;HQ100;CRS3035RES100mN3342300E4388000;1.000000;4.0000;karte;https://www.umweltkarten-niedersachsen.de/Download_OE/HWSchutz/HWRMRL_Z2_Risikogebiete_HQ100.zip;https://www.umweltkarten-niedersachsen.de/Download_OE/HWSchutz/HWRMRL_Z2_Wassertiefen_HQ100.zip;2026-09-17
Hitzacker;HQ100;CRS3035RES100mN3342400E4386600;0.308533;3.8494;karte;https://www.umweltkarten-niedersachsen.de/Download_OE/HWSchutz/HWRMRL_Z2_Risikogebiete_HQ100.zip;https://www.umweltkarten-niedersachsen.de/Download_OE/HWSchutz/HWRMRL_Z2_Wassertiefen_HQ100.zip;2026-09-17
Hitzacker;HQ100;CRS3035RES100mN3342400E4386700;1.000000;3.9262;karte;https://www.umweltkarten-niedersachsen.de/Download_OE/HWSchutz/HWRMRL_Z2_Risikogebiete_HQ100.zip;https://www.umweltkarten-niedersachsen.de/Download_OE/HWSchutz/HWRMRL_Z2_Wassertiefen_HQ100.zip;2026-09-17
Hitzacker;HQ100;CRS3035RES100mN3342400E4386800;1.000000;3.6056;karte;https://www.umweltkarten-niedersachsen.de/Download_OE/HWSchutz/HWRMRL_Z2_Risikogebiete_HQ100.zip;https://www.umweltkarten-niedersachsen.de/Download_OE/HWSchutz/HWRMRL_Z2_Wassertiefen_HQ100.zip;2026-09-17
Hitzacker;HQ100;CRS3035RES100mN3342400E4386900;1.000000;3.0410;karte;https://www.umweltkarten-niedersachsen.de/Download_OE/HWSchutz/HWRMRL_Z2_Risikogebiete_HQ100.zip;https://www.umweltkarten-niedersachsen.de/Download_OE/HWSchutz/HWRMRL_Z2_Wassertiefen_HQ100.zip;2026-09-17
Hitzacker;HQ100;CRS3035RES100mN3342400E4387000;1.000000;3.8451;karte;https://www.umweltkarten-niedersachsen.de/Download_OE/HWSchutz/HWRMRL_Z2_Risikogebiete_HQ100.zip;https://www.umweltkarten-niedersachsen.de/Download_OE/HWSchutz/HWRMRL_Z2_Wassertiefen_HQ100.zip;2026-09-17
Hitzacker;HQ100;CRS3035RES100mN3342400E4387100;1.000000;3.2640;karte;https://www.umweltkarten-niedersachsen.de/Download_OE/HWSchutz/HWRMRL_Z2_Risikogebiete_HQ100.zip;https://www.umweltkarten-niedersachsen.de/Download_OE/HWSchutz/HWRMRL_Z2_Wassertiefen_HQ100.zip;2026-09-17
Hitzacker;HQ100;CRS3035RES100mN3342400E4387200;1.000000;3.0038;karte;https://www.umweltkarten-niedersachsen.de/Download_OE/HWSchutz/HWRMRL_Z2_Risikogebiete_HQ100.zip;https://www.umweltkarten-niedersachsen.de/Download_OE/HWSchutz/HWRMRL_Z2_Wassertiefen_HQ100.zip;2026-09-17
Hitzacker;HQ100;CRS3035RES100mN3342400E4387300;1.000000;3.4080;karte;https://www.umweltkarten-niedersachsen.de/Download_OE/HWSchutz/HWRMRL_Z2_Risikogebiete_HQ100.zip;https://www.umweltkarten-niedersachsen.de/Download_OE/HWSchutz/HWRMRL_Z2_Wassertiefen_HQ100.zip;2026-09-17
Hitzacker;HQ100;CRS3035RES100mN3342400E4387400;1.000000;3.9491;karte;https://www.umweltkarten-niedersachsen.de/Download_OE/HWSchutz/HWRMRL_Z2_Risikogebiete_HQ100.zip;https://www.umweltkarten-niedersachsen.de/Download_OE/HWSchutz/HWRMRL_Z2_Wassertiefen_HQ100.zip;2026-09-17
Hitzacker;HQ100;CRS3035RES100mN3342400E4387500;1.000000;4.0000;karte;https://www.umweltkarten-niedersachsen.de/Download_OE/HWSchutz/HWRMRL_Z2_Risikogebiete_HQ100.zip;https://www.umweltkarten-niedersachsen.de/Download_OE/HWSchutz/HWRMRL_Z2_Wassertiefen_HQ100.zip;2026-09-17
Hitzacker;HQ100;CRS3035RES100mN3342400E4387600;1.000000;4.0000;karte;https://www.umweltkarten-niedersachsen.de/Download_OE/HWSchutz/HWRMRL_Z2_Risikogebiete_HQ100.zip;https://www.umweltkarten-niedersachsen.de/Download_OE/HWSchutz/HWRMRL_Z2_Wassertiefen_HQ100.zip;2026-09-17
Hitzacker;HQ100;CRS3035RES100mN3342400E4387700;1.000000;4.0000;karte;https://www.umweltkarten-niedersachsen.de/Download_OE/HWSchutz/HWRMRL_Z2_Risikogebiete_HQ100.zip;https://www.umweltkarten-niedersachsen.de/Download_OE/HWSchutz/HWRMRL_Z2_Wassertiefen_HQ100.zip;2026-09-17
Hitzacker;HQ100;CRS3035RES100mN3342500E4386500;0.001109;4.0000;karte;https://www.umweltkarten-niedersachsen.de/Download_OE/HWSchutz/HWRMRL_Z2_Risikogebiete_HQ100.zip;https://www.umweltkarten-niedersachsen.de/Download_OE/HWSchutz/HWRMRL_Z2_Wassertiefen_HQ100.zip;2026-09-17
Hitzacker;HQ100;CRS3035RES100mN3342500E4386600;0.736327;3.8739;karte;https://www.umweltkarten-niedersachsen.de/Download_OE/HWSchutz/HWRMRL_Z2_Risikogebiete_HQ100.zip;https://www.umweltkarten-niedersachsen.de/Download_OE/HWSchutz/HWRMRL_Z2_Wassertiefen_HQ100.zip;2026-09-17
Hitzacker;HQ100;CRS3035RES100mN3342500E4386700;1.000000;3.9949;karte;https://www.umweltkarten-niedersachsen.de/Download_OE/HWSchutz/HWRMRL_Z2_Risikogebiete_HQ100.zip;https://www.umweltkarten-niedersachsen.de/Download_OE/HWSchutz/HWRMRL_Z2_Wassertiefen_HQ100.zip;2026-09-17
Hitzacker;HQ100;CRS3035RES100mN3342500E4386800;1.000000;3.3003;karte;https://www.umweltkarten-niedersachsen.de/Download_OE/HWSchutz/HWRMRL_Z2_Risikogebiete_HQ100.zip;https://www.umweltkarten-niedersachsen.de/Download_OE/HWSchutz/HWRMRL_Z2_Wassertiefen_HQ100.zip;2026-09-17
Hitzacker;HQ100;CRS3035RES100mN3342500E4386900;1.000000;3.1874;karte;https://www.umweltkarten-niedersachsen.de/Download_OE/HWSchutz/HWRMRL_Z2_Risikogebiete_HQ100.zip;https://www.umweltkarten-niedersachsen.de/Download_OE/HWSchutz/HWRMRL_Z2_Wassertiefen_HQ100.zip;2026-09-17
Hitzacker;HQ100;CRS3035RES100mN3342500E4387000;1.000000;3.8454;karte;https://www.umweltkarten-niedersachsen.de/Download_OE/HWSchutz/HWRMRL_Z2_Risikogebiete_HQ100.zip;https://www.umweltkarten-niedersachsen.de/Download_OE/HWSchutz/HWRMRL_Z2_Wassertiefen_HQ100.zip;2026-09-17
Hitzacker;HQ100;CRS3035RES100mN3342500E4387100;1.000000;3.3140;karte;https://www.umweltkarten-niedersachsen.de/Download_OE/HWSchutz/HWRMRL_Z2_Risikogebiete_HQ100.zip;https://www.umweltkarten-niedersachsen.de/Download_OE/HWSchutz/HWRMRL_Z2_Wassertiefen_HQ100.zip;2026-09-17
Hitzacker;HQ100;CRS3035RES100mN3342500E4387200;1.000000;3.7429;karte;https://www.umweltkarten-niedersachsen.de/Download_OE/HWSchutz/HWRMRL_Z2_Risikogebiete_HQ100.zip;https://www.umweltkarten-niedersachsen.de/Download_OE/HWSchutz/HWRMRL_Z2_Wassertiefen_HQ100.zip;2026-09-17
Hitzacker;HQ100;CRS3035RES100mN3342500E4387300;1.000000;4.0000;karte;https://www.umweltkarten-niedersachsen.de/Download_OE/HWSchutz/HWRMRL_Z2_Risikogebiete_HQ100.zip;https://www.umweltkarten-niedersachsen.de/Download_OE/HWSchutz/HWRMRL_Z2_Wassertiefen_HQ100.zip;2026-09-17
Hitzacker;HQ100;CRS3035RES100mN3342500E4387400;1.000000;4.0000;karte;https://www.umweltkarten-niedersachsen.de/Download_OE/HWSchutz/HWRMRL_Z2_Risikogebiete_HQ100.zip;https://www.umweltkarten-niedersachsen.de/Download_OE/HWSchutz/HWRMRL_Z2_Wassertiefen_HQ100.zip;2026-09-17
Hitzacker;HQ100;CRS3035RES100mN3342500E4387500;1.000000;4.0000;karte;https://www.umweltkarten-niedersachsen.de/Download_OE/HWSchutz/HWRMRL_Z2_Risikogebiete_HQ100.zip;https://www.umweltkarten-niedersachsen.de/Download_OE/HWSchutz/HWRMRL_Z2_Wassertiefen_HQ100.zip;2026-09-17
Hitzacker;HQ100;CRS3035RES100mN3342600E4386500;0.222381;4.0000;karte;https://www.umweltkarten-niedersachsen.de/Download_OE/HWSchutz/HWRMRL_Z2_Risikogebiete_HQ100.zip;https://www.umweltkarten-niedersachsen.de/Download_OE/HWSchutz/HWRMRL_Z2_Wassertiefen_HQ100.zip;2026-09-17
Hitzacker;HQ100;CRS3035RES100mN3342600E4386600;1.000000;4.0000;karte;https://www.umweltkarten-niedersachsen.de/Download_OE/HWSchutz/HWRMRL_Z2_Risikogebiete_HQ100.zip;https://www.umweltkarten-niedersachsen.de/Download_OE/HWSchutz/HWRMRL_Z2_Wassertiefen_HQ100.zip;2026-09-17
Hitzacker;HQ100;CRS3035RES100mN3342600E4386700;1.000000;4.0000;karte;https://www.umweltkarten-niedersachsen.de/Download_OE/HWSchutz/HWRMRL_Z2_Risikogebiete_HQ100.zip;https://www.umweltkarten-niedersachsen.de/Download_OE/HWSchutz/HWRMRL_Z2_Wassertiefen_HQ100.zip;2026-09-17
Hitzacker;HQ100;CRS3035RES100mN3342600E4386800;1.000000;3.7160;karte;https://www.umweltkarten-niedersachsen.de/Download_OE/HWSchutz/HWRMRL_Z2_Risikogebiete_HQ100.zip;https://www.umweltkarten-niedersachsen.de/Download_OE/HWSchutz/HWRMRL_Z2_Wassertiefen_HQ100.zip;2026-09-17
Hitzacker;HQ100;CRS3035RES100mN3342600E4386900;1.000000;3.7046;karte;https://www.umweltkarten-niedersachsen.de/Download_OE/HWSchutz/HWRMRL_Z2_Risikogebiete_HQ100.zip;https://www.umweltkarten-niedersachsen.de/Download_OE/HWSchutz/HWRMRL_Z2_Wassertiefen_HQ100.zip;2026-09-17
Hitzacker;HQ100;CRS3035RES100mN3342600E4387000;1.000000;3.9771;karte;https://www.umweltkarten-niedersachsen.de/Download_OE/HWSchutz/HWRMRL_Z2_Risikogebiete_HQ100.zip;https://www.umweltkarten-niedersachsen.de/Download_OE/HWSchutz/HWRMRL_Z2_Wassertiefen_HQ100.zip;2026-09-17
Hitzacker;HQ100;CRS3035RES100mN3342600E4387100;1.000000;3.9987;karte;https://www.umweltkarten-niedersachsen.de/Download_OE/HWSchutz/HWRMRL_Z2_Risikogebiete_HQ100.zip;https://www.umweltkarten-niedersachsen.de/Download_OE/HWSchutz/HWRMRL_Z2_Wassertiefen_HQ100.zip;2026-09-17
Hitzacker;HQ100;CRS3035RES100mN3342600E4387200;1.000000;4.0000;karte;https://www.umweltkarten-niedersachsen.de/Download_OE/HWSchutz/HWRMRL_Z2_Risikogebiete_HQ100.zip;https://www.umweltkarten-niedersachsen.de/Download_OE/HWSchutz/HWRMRL_Z2_Wassertiefen_HQ100.zip;2026-09-17
Hitzacker;HQ100;CRS3035RES100mN3342600E4387300;1.000000;4.0000;karte;https://www.umweltkarten-niedersachsen.de/Download_OE/HWSchutz/HWRMRL_Z2_Risikogebiete_HQ100.zip;https://www.umweltkarten-niedersachsen.de/Download_OE/HWSchutz/HWRMRL_Z2_Wassertiefen_HQ100.zip;2026-09-17
Hitzacker;HQ100;CRS3035RES100mN3342700E4386500;0.678843;3.8954;karte;https://www.umweltkarten-niedersachsen.de/Download_OE/HWSchutz/HWRMRL_Z2_Risikogebiete_HQ100.zip;https://www.umweltkarten-niedersachsen.de/Download_OE/HWSchutz/HWRMRL_Z2_Wassertiefen_HQ100.zip;2026-09-17
Hitzacker;HQ100;CRS3035RES100mN3342700E4386600;1.000000;4.0000;karte;https://www.umweltkarten-niedersachsen.de/Download_OE/HWSchutz/HWRMRL_Z2_Risikogebiete_HQ100.zip;https://www.umweltkarten-niedersachsen.de/Download_OE/HWSchutz/HWRMRL_Z2_Wassertiefen_HQ100.zip;2026-09-17
Hitzacker;HQ100;CRS3035RES100mN3342700E4386700;1.000000;3.8759;karte;https://www.umweltkarten-niedersachsen.de/Download_OE/HWSchutz/HWRMRL_Z2_Risikogebiete_HQ100.zip;https://www.umweltkarten-niedersachsen.de/Download_OE/HWSchutz/HWRMRL_Z2_Wassertiefen_HQ100.zip;2026-09-17
Hitzacker;HQ100;CRS3035RES100mN3342700E4386800;1.000000;3.3244;karte;https://www.umweltkarten-niedersachsen.de/Download_OE/HWSchutz/HWRMRL_Z2_Risikogebiete_HQ100.zip;https://www.umweltkarten-niedersachsen.de/Download_OE/HWSchutz/HWRMRL_Z2_Wassertiefen_HQ100.zip;2026-09-17
Hitzacker;HQ100;CRS3035RES100mN3342700E4386900;1.000000;3.7957;karte;https://www.umweltkarten-niedersachsen.de/Download_OE/HWSchutz/HWRMRL_Z2_Risikogebiete_HQ100.zip;https://www.umweltkarten-niedersachsen.de/Download_OE/HWSchutz/HWRMRL_Z2_Wassertiefen_HQ100.zip;2026-09-17
Hitzacker;HQ100;CRS3035RES100mN3342700E4387000;1.000000;4.0000;karte;https://www.umweltkarten-niedersachsen.de/Download_OE/HWSchutz/HWRMRL_Z2_Risikogebiete_HQ100.zip;https://www.umweltkarten-niedersachsen.de/Download_OE/HWSchutz/HWRMRL_Z2_Wassertiefen_HQ100.zip;2026-09-17
Hitzacker;HQ100;CRS3035RES100mN3342700E4387100;1.000000;4.0000;karte;https://www.umweltkarten-niedersachsen.de/Download_OE/HWSchutz/HWRMRL_Z2_Risikogebiete_HQ100.zip;https://www.umweltkarten-niedersachsen.de/Download_OE/HWSchutz/HWRMRL_Z2_Wassertiefen_HQ100.zip;2026-09-17
Hitzacker;HQ100;CRS3035RES100mN3342800E4386400;0.006269;2.0611;karte;https://www.umweltkarten-niedersachsen.de/Download_OE/HWSchutz/HWRMRL_Z2_Risikogebiete_HQ100.zip;https://www.umweltkarten-niedersachsen.de/Download_OE/HWSchutz/HWRMRL_Z2_Wassertiefen_HQ100.zip;2026-09-17
Hitzacker;HQ100;CRS3035RES100mN3342800E4386500;0.891041;3.6679;karte;https://www.umweltkarten-niedersachsen.de/Download_OE/HWSchutz/HWRMRL_Z2_Risikogebiete_HQ100.zip;https://www.umweltkarten-niedersachsen.de/Download_OE/HWSchutz/HWRMRL_Z2_Wassertiefen_HQ100.zip;2026-09-17
Hitzacker;HQ100;CRS3035RES100mN3342800E4386600;1.000000;4.0000;karte;https://www.umweltkarten-niedersachsen.de/Download_OE/HWSchutz/HWRMRL_Z2_Risikogebiete_HQ100.zip;https://www.umweltkarten-niedersachsen.de/Download_OE/HWSchutz/HWRMRL_Z2_Wassertiefen_HQ100.zip;2026-09-17
Hitzacker;HQ100;CRS3035RES100mN3342800E4386700;1.000000;3.7575;karte;https://www.umweltkarten-niedersachsen.de/Download_OE/HWSchutz/HWRMRL_Z2_Risikogebiete_HQ100.zip;https://www.umweltkarten-niedersachsen.de/Download_OE/HWSchutz/HWRMRL_Z2_Wassertiefen_HQ100.zip;2026-09-17
Hitzacker;HQ100;CRS3035RES100mN3342800E4386800;1.000000;3.9579;karte;https://www.umweltkarten-niedersachsen.de/Download_OE/HWSchutz/HWRMRL_Z2_Risikogebiete_HQ100.zip;https://www.umweltkarten-niedersachsen.de/Download_OE/HWSchutz/HWRMRL_Z2_Wassertiefen_HQ100.zip;2026-09-17
Hitzacker;HQ100;CRS3035RES100mN3342800E4386900;1.000000;4.0000;karte;https://www.umweltkarten-niedersachsen.de/Download_OE/HWSchutz/HWRMRL_Z2_Risikogebiete_HQ100.zip;https://www.umweltkarten-niedersachsen.de/Download_OE/HWSchutz/HWRMRL_Z2_Wassertiefen_HQ100.zip;2026-09-17
Hitzacker;HQ100;CRS3035RES100mN3342800E4387000;1.000000;4.0000;karte;https://www.umweltkarten-niedersachsen.de/Download_OE/HWSchutz/HWRMRL_Z2_Risikogebiete_HQ100.zip;https://www.umweltkarten-niedersachsen.de/Download_OE/HWSchutz/HWRMRL_Z2_Wassertiefen_HQ100.zip;2026-09-17
Hitzacker;HQ100;CRS3035RES100mN3342900E4386400;0.203849;3.2882;karte;https://www.umweltkarten-niedersachsen.de/Download_OE/HWSchutz/HWRMRL_Z2_Risikogebiete_HQ100.zip;https://www.umweltkarten-niedersachsen.de/Download_OE/HWSchutz/HWRMRL_Z2_Wassertiefen_HQ100.zip;2026-09-17
Hitzacker;HQ100;CRS3035RES100mN3342900E4386500;1.000000;3.8967;karte;https://www.umweltkarten-niedersachsen.de/Download_OE/HWSchutz/HWRMRL_Z2_Risikogebiete_HQ100.zip;https://www.umweltkarten-niedersachsen.de/Download_OE/HWSchutz/HWRMRL_Z2_Wassertiefen_HQ100.zip;2026-09-17
Hitzacker;HQ100;CRS3035RES100mN3342900E4386600;1.000000;4.0000;karte;https://www.umweltkarten-niedersachsen.de/Download_OE/HWSchutz/HWRMRL_Z2_Risikogebiete_HQ100.zip;https://www.umweltkarten-niedersachsen.de/Download_OE/HWSchutz/HWRMRL_Z2_Wassertiefen_HQ100.zip;2026-09-17
Hitzacker;HQ100;CRS3035RES100mN3342900E4386700;1.000000;3.9819;karte;https://www.umweltkarten-niedersachsen.de/Download_OE/HWSchutz/HWRMRL_Z2_Risikogebiete_HQ100.zip;https://www.umweltkarten-niedersachsen.de/Download_OE/HWSchutz/HWRMRL_Z2_Wassertiefen_HQ100.zip;2026-09-17
Hitzacker;HQ100;CRS3035RES100mN3342900E4386800;1.000000;4.0000;karte;https://www.umweltkarten-niedersachsen.de/Download_OE/HWSchutz/HWRMRL_Z2_Risikogebiete_HQ100.zip;https://www.umweltkarten-niedersachsen.de/Download_OE/HWSchutz/HWRMRL_Z2_Wassertiefen_HQ100.zip;2026-09-17
Hitzacker;HQ100;CRS3035RES100mN3343000E4386300;0.041731;4.0000;karte;https://www.umweltkarten-niedersachsen.de/Download_OE/HWSchutz/HWRMRL_Z2_Risikogebiete_HQ100.zip;https://www.umweltkarten-niedersachsen.de/Download_OE/HWSchutz/HWRMRL_Z2_Wassertiefen_HQ100.zip;2026-09-17
Hitzacker;HQ100;CRS3035RES100mN3343000E4386400;0.849651;4.0000;karte;https://www.umweltkarten-niedersachsen.de/Download_OE/HWSchutz/HWRMRL_Z2_Risikogebiete_HQ100.zip;https://www.umweltkarten-niedersachsen.de/Download_OE/HWSchutz/HWRMRL_Z2_Wassertiefen_HQ100.zip;2026-09-17
Hitzacker;HQ100;CRS3035RES100mN3343000E4386500;1.000000;4.0000;karte;https://www.umweltkarten-niedersachsen.de/Download_OE/HWSchutz/HWRMRL_Z2_Risikogebiete_HQ100.zip;https://www.umweltkarten-niedersachsen.de/Download_OE/HWSchutz/HWRMRL_Z2_Wassertiefen_HQ100.zip;2026-09-17
Hitzacker;HQ100;CRS3035RES100mN3343000E4386600;1.000000;4.0000;karte;https://www.umweltkarten-niedersachsen.de/Download_OE/HWSchutz/HWRMRL_Z2_Risikogebiete_HQ100.zip;https://www.umweltkarten-niedersachsen.de/Download_OE/HWSchutz/HWRMRL_Z2_Wassertiefen_HQ100.zip;2026-09-17
Hitzacker;HQ100;CRS3035RES100mN3343000E4386700;1.000000;4.0000;karte;https://www.umweltkarten-niedersachsen.de/Download_OE/HWSchutz/HWRMRL_Z2_Risikogebiete_HQ100.zip;https://www.umweltkarten-niedersachsen.de/Download_OE/HWSchutz/HWRMRL_Z2_Wassertiefen_HQ100.zip;2026-09-17
Hitzacker;HQ100;CRS3035RES100mN3343100E4386200;0.085789;3.1310;karte;https://www.umweltkarten-niedersachsen.de/Download_OE/HWSchutz/HWRMRL_Z2_Risikogebiete_HQ100.zip;https://www.umweltkarten-niedersachsen.de/Download_OE/HWSchutz/HWRMRL_Z2_Wassertiefen_HQ100.zip;2026-09-17
Hitzacker;HQ100;CRS3035RES100mN3343100E4386300;0.783002;3.9840;karte;https://www.umweltkarten-niedersachsen.de/Download_OE/HWSchutz/HWRMRL_Z2_Risikogebiete_HQ100.zip;https://www.umweltkarten-niedersachsen.de/Download_OE/HWSchutz/HWRMRL_Z2_Wassertiefen_HQ100.zip;2026-09-17
Hitzacker;HQ100;CRS3035RES100mN3343100E4386400;1.000000;4.0000;karte;https://www.umweltkarten-niedersachsen.de/Download_OE/HWSchutz/HWRMRL_Z2_Risikogebiete_HQ100.zip;https://www.umweltkarten-niedersachsen.de/Download_OE/HWSchutz/HWRMRL_Z2_Wassertiefen_HQ100.zip;2026-09-17
Hitzacker;HQ100;CRS3035RES100mN3343100E4386500;1.000000;4.0000;karte;https://www.umweltkarten-niedersachsen.de/Download_OE/HWSchutz/HWRMRL_Z2_Risikogebiete_HQ100.zip;https://www.umweltkarten-niedersachsen.de/Download_OE/HWSchutz/HWRMRL_Z2_Wassertiefen_HQ100.zip;2026-09-17
Hitzacker;HQ100;CRS3035RES100mN3343100E4386600;1.000000;4.0000;karte;https://www.umweltkarten-niedersachsen.de/Download_OE/HWSchutz/HWRMRL_Z2_Risikogebiete_HQ100.zip;https://www.umweltkarten-niedersachsen.de/Download_OE/HWSchutz/HWRMRL_Z2_Wassertiefen_HQ100.zip;2026-09-17
Hitzacker;HQ100;CRS3035RES100mN3343200E4386100;0.153581;3.2457;karte;https://www.umweltkarten-niedersachsen.de/Download_OE/HWSchutz/HWRMRL_Z2_Risikogebiete_HQ100.zip;https://www.umweltkarten-niedersachsen.de/Download_OE/HWSchutz/HWRMRL_Z2_Wassertiefen_HQ100.zip;2026-09-17
Hitzacker;HQ100;CRS3035RES100mN3343200E4386200;0.866587;3.7891;karte;https://www.umweltkarten-niedersachsen.de/Download_OE/HWSchutz/HWRMRL_Z2_Risikogebiete_HQ100.zip;https://www.umweltkarten-niedersachsen.de/Download_OE/HWSchutz/HWRMRL_Z2_Wassertiefen_HQ100.zip;2026-09-17
Hitzacker;HQ100;CRS3035RES100mN3343200E4386300;1.000000;4.0000;karte;https://www.umweltkarten-niedersachsen.de/Download_OE/HWSchutz/HWRMRL_Z2_Risikogebiete_HQ100.zip;https://www.umweltkarten-niedersachsen.de/Download_OE/HWSchutz/HWRMRL_Z2_Wassertiefen_HQ100.zip;2026-09-17
Hitzacker;HQ100;CRS3035RES100mN3343200E4386400;1.000000;4.0000;karte;https://www.umweltkarten-niedersachsen.de/Download_OE/HWSchutz/HWRMRL_Z2_Risikogebiete_HQ100.zip;https://www.umweltkarten-niedersachsen.de/Download_OE/HWSchutz/HWRMRL_Z2_Wassertiefen_HQ100.zip;2026-09-17
Hitzacker;HQ100;CRS3035RES100mN3343200E4386500;1.000000;4.0000;karte;https://www.umweltkarten-niedersachsen.de/Download_OE/HWSchutz/HWRMRL_Z2_Risikogebiete_HQ100.zip;https://www.umweltkarten-niedersachsen.de/Download_OE/HWSchutz/HWRMRL_Z2_Wassertiefen_HQ100.zip;2026-09-17
Hitzacker;HQ100;CRS3035RES100mN3343300E4386000;0.245171;3.0290;karte;https://www.umweltkarten-niedersachsen.de/Download_OE/HWSchutz/HWRMRL_Z2_Risikogebiete_HQ100.zip;https://www.umweltkarten-niedersachsen.de/Download_OE/HWSchutz/HWRMRL_Z2_Wassertiefen_HQ100.zip;2026-09-17
Hitzacker;HQ100;CRS3035RES100mN3343300E4386100;0.929711;3.6232;karte;https://www.umweltkarten-niedersachsen.de/Download_OE/HWSchutz/HWRMRL_Z2_Risikogebiete_HQ100.zip;https://www.umweltkarten-niedersachsen.de/Download_OE/HWSchutz/HWRMRL_Z2_Wassertiefen_HQ100.zip;2026-09-17
Hitzacker;HQ100;CRS3035RES100mN3343300E4386200;1.000000;4.0000;karte;https://www.umweltkarten-niedersachsen.de/Download_OE/HWSchutz/HWRMRL_Z2_Risikogebiete_HQ100.zip;https://www.umweltkarten-niedersachsen.de/Download_OE/HWSchutz/HWRMRL_Z2_Wassertiefen_HQ100.zip;2026-09-17
Hitzacker;HQ100;CRS3035RES100mN3343300E4386300;1.000000;4.0000;karte;https://www.umweltkarten-niedersachsen.de/Download_OE/HWSchutz/HWRMRL_Z2_Risikogebiete_HQ100.zip;https://www.umweltkarten-niedersachsen.de/Download_OE/HWSchutz/HWRMRL_Z2_Wassertiefen_HQ100.zip;2026-09-17
Hitzacker;HQ100;CRS3035RES100mN3343300E4386400;1.000000;4.0000;karte;https://www.umweltkarten-niedersachsen.de/Download_OE/HWSchutz/HWRMRL_Z2_Risikogebiete_HQ100.zip;https://www.umweltkarten-niedersachsen.de/Download_OE/HWSchutz/HWRMRL_Z2_Wassertiefen_HQ100.zip;2026-09-17
Hitzacker;HQ100;CRS3035RES100mN3343400E4385800;0.015980;3.0000;karte;https://www.umweltkarten-niedersachsen.de/Download_OE/HWSchutz/HWRMRL_Z2_Risikogebiete_HQ100.zip;https://www.umweltkarten-niedersachsen.de/Download_OE/HWSchutz/HWRMRL_Z2_Wassertiefen_HQ100.zip;2026-09-17
Hitzacker;HQ100;CRS3035RES100mN3343400E4385900;0.359269;3.6334;karte;https://www.umweltkarten-niedersachsen.de/Download_OE/HWSchutz/HWRMRL_Z2_Risikogebiete_HQ100.zip;https://www.umweltkarten-niedersachsen.de/Download_OE/HWSchutz/HWRMRL_Z2_Wassertiefen_HQ100.zip;2026-09-17
Hitzacker;HQ100;CRS3035RES100mN3343400E4386000;0.974958;3.8182;karte;https://www.umweltkarten-niedersachsen.de/Download_OE/HWSchutz/HWRMRL_Z2_Risikogebiete_HQ100.zip;https://www.umweltkarten-niedersachsen.de/Download_OE/HWSchutz/HWRMRL_Z2_Wassertiefen_HQ100.zip;2026-09-17
Hitzacker;HQ100;CRS3035RES100mN3343400E4386100;1.000000;4.0000;karte;https://www.umweltkarten-niedersachsen.de/Download_OE/HWSchutz/HWRMRL_Z2_Risikogebiete_HQ100.zip;https://www.umweltkarten-niedersachsen.de/Download_OE/HWSchutz/HWRMRL_Z2_Wassertiefen_HQ100.zip;2026-09-17
Hitzacker;HQ100;CRS3035RES100mN3343400E4386200;1.000000;4.0000;karte;https://www.umweltkarten-niedersachsen.de/Download_OE/HWSchutz/HWRMRL_Z2_Risikogebiete_HQ100.zip;https://www.umweltkarten-niedersachsen.de/Download_OE/HWSchutz/HWRMRL_Z2_Wassertiefen_HQ100.zip;2026-09-17
Hitzacker;HQ100;CRS3035RES100mN3343500E4385800;0.773858;3.4509;karte;https://www.umweltkarten-niedersachsen.de/Download_OE/HWSchutz/HWRMRL_Z2_Risikogebiete_HQ100.zip;https://www.umweltkarten-niedersachsen.de/Download_OE/HWSchutz/HWRMRL_Z2_Wassertiefen_HQ100.zip;2026-09-17
Hitzacker;HQ100;CRS3035RES100mN3343500E4385900;0.998200;3.9988;karte;https://www.umweltkarten-niedersachsen.de/Download_OE/HWSchutz/HWRMRL_Z2_Risikogebiete_HQ100.zip;https://www.umweltkarten-niedersachsen.de/Download_OE/HWSchutz/HWRMRL_Z2_Wassertiefen_HQ100.zip;2026-09-17
Hitzacker;HQ100;CRS3035RES100mN3343500E4386000;1.000000;4.0000;karte;https://www.umweltkarten-niedersachsen.de/Download_OE/HWSchutz/HWRMRL_Z2_Risikogebiete_HQ100.zip;https://www.umweltkarten-niedersachsen.de/Download_OE/HWSchutz/HWRMRL_Z2_Wassertiefen_HQ100.zip;2026-09-17
Hitzacker;HQ100;CRS3035RES100mN3343500E4386100;1.000000;4.0000;karte;https://www.umweltkarten-niedersachsen.de/Download_OE/HWSchutz/HWRMRL_Z2_Risikogebiete_HQ100.zip;https://www.umweltkarten-niedersachsen.de/Download_OE/HWSchutz/HWRMRL_Z2_Wassertiefen_HQ100.zip;2026-09-17
Hitzacker;HQ100;CRS3035RES100mN3343600E4385900;1.000000;4.0000;karte;https://www.umweltkarten-niedersachsen.de/Download_OE/HWSchutz/HWRMRL_Z2_Risikogebiete_HQ100.zip;https://www.umweltkarten-niedersachsen.de/Download_OE/HWSchutz/HWRMRL_Z2_Wassertiefen_HQ100.zip;2026-09-17
Hitzacker;HQ100;CRS3035RES100mN3343600E4386000;1.000000;4.0000;karte;https://www.umweltkarten-niedersachsen.de/Download_OE/HWSchutz/HWRMRL_Z2_Risikogebiete_HQ100.zip;https://www.umweltkarten-niedersachsen.de/Download_OE/HWSchutz/HWRMRL_Z2_Wassertiefen_HQ100.zip;2026-09-17
Hitzacker;HQextrem;CRS3035RES100mN3334400E4391500;0.645265;0.7068;karte;https://www.umweltkarten-niedersachsen.de/Download_OE/HWSchutz/HWRMRL_Z2_Risikogebiete_HQextrem.zip;https://www.umweltkarten-niedersachsen.de/Download_OE/HWSchutz/HWRMRL_Z2_Wassertiefen_HQextrem.zip;2026-09-17
Hitzacker;HQextrem;CRS3035RES100mN3334500E4391500;0.276975;0.3764;karte;https://www.umweltkarten-niedersachsen.de/Download_OE/HWSchutz/HWRMRL_Z2_Risikogebiete_HQextrem.zip;https://www.umweltkarten-niedersachsen.de/Download_OE/HWSchutz/HWRMRL_Z2_Wassertiefen_HQextrem.zip;2026-09-17
Hitzacker;HQextrem;CRS3035RES100mN3334500E4391600;0.863517;0.6306;karte;https://www.umweltkarten-niedersachsen.de/Download_OE/HWSchutz/HWRMRL_Z2_Risikogebiete_HQextrem.zip;https://www.umweltkarten-niedersachsen.de/Download_OE/HWSchutz/HWRMRL_Z2_Wassertiefen_HQextrem.zip;2026-09-17
Hitzacker;HQextrem;CRS3035RES100mN3334500E4391700;1.000000;2.0408;karte;https://www.umweltkarten-niedersachsen.de/Download_OE/HWSchutz/HWRMRL_Z2_Risikogebiete_HQextrem.zip;https://www.umweltkarten-niedersachsen.de/Download_OE/HWSchutz/HWRMRL_Z2_Wassertiefen_HQextrem.zip;2026-09-17
Hitzacker;HQextrem;CRS3035RES100mN3334600E4391500;0.400793;0.4727;karte;https://www.umweltkarten-niedersachsen.de/Download_OE/HWSchutz/HWRMRL_Z2_Risikogebiete_HQextrem.zip;https://www.umweltkarten-niedersachsen.de/Download_OE/HWSchutz/HWRMRL_Z2_Wassertiefen_HQextrem.zip;2026-09-17
Hitzacker;HQextrem;CRS3035RES100mN3334600E4391600;1.000000;1.2251;karte;https://www.umweltkarten-niedersachsen.de/Download_OE/HWSchutz/HWRMRL_Z2_Risikogebiete_HQextrem.zip;https://www.umweltkarten-niedersachsen.de/Download_OE/HWSchutz/HWRMRL_Z2_Wassertiefen_HQextrem.zip;2026-09-17
Hitzacker;HQextrem;CRS3035RES100mN3334600E4391700;1.000000;2.5304;karte;https://www.umweltkarten-niedersachsen.de/Download_OE/HWSchutz/HWRMRL_Z2_Risikogebiete_HQextrem.zip;https://www.umweltkarten-niedersachsen.de/Download_OE/HWSchutz/HWRMRL_Z2_Wassertiefen_HQextrem.zip;2026-09-17
Hitzacker;HQextrem;CRS3035RES100mN3334700E4391400;0.176835;0.5180;karte;https://www.umweltkarten-niedersachsen.de/Download_OE/HWSchutz/HWRMRL_Z2_Risikogebiete_HQextrem.zip;https://www.umweltkarten-niedersachsen.de/Download_OE/HWSchutz/HWRMRL_Z2_Wassertiefen_HQextrem.zip;2026-09-17
Hitzacker;HQextrem;CRS3035RES100mN3334700E4391500;1.000000;0.9483;karte;https://www.umweltkarten-niedersachsen.de/Download_OE/HWSchutz/HWRMRL_Z2_Risikogebiete_HQextrem.zip;https://www.umweltkarten-niedersachsen.de/Download_OE/HWSchutz/HWRMRL_Z2_Wassertiefen_HQextrem.zip;2026-09-17
Hitzacker;HQextrem;CRS3035RES100mN3334700E4391600;1.000000;1.9135;karte;https://www.umweltkarten-niedersachsen.de/Download_OE/HWSchutz/HWRMRL_Z2_Risikogebiete_HQextrem.zip;https://www.umweltkarten-niedersachsen.de/Download_OE/HWSchutz/HWRMRL_Z2_Wassertiefen_HQextrem.zip;2026-09-17
Hitzacker;HQextrem;CRS3035RES100mN3334700E4391700;1.000000;2.7191;karte;https://www.umweltkarten-niedersachsen.de/Download_OE/HWSchutz/HWRMRL_Z2_Risikogebiete_HQextrem.zip;https://www.umweltkarten-niedersachsen.de/Download_OE/HWSchutz/HWRMRL_Z2_Wassertiefen_HQextrem.zip;2026-09-17
Hitzacker;HQextrem;CRS3035RES100mN3334700E4391800;1.000000;3.0000;karte;https://www.umweltkarten-niedersachsen.de/Download_OE/HWSchutz/HWRMRL_Z2_Risikogebiete_HQextrem.zip;https://www.umweltkarten-niedersachsen.de/Download_OE/HWSchutz/HWRMRL_Z2_Wassertiefen_HQextrem.zip;2026-09-17
Hitzacker;HQextrem;CRS3035RES100mN3334700E4391900;1.000000;3.0000;karte;https://www.umweltkarten-niedersachsen.de/Download_OE/HWSchutz/HWRMRL_Z2_Risikogebiete_HQextrem.zip;https://www.umweltkarten-niedersachsen.de/Download_OE/HWSchutz/HWRMRL_Z2_Wassertiefen_HQextrem.zip;2026-09-17
Hitzacker;HQextrem;CRS3035RES100mN3334800E4391400;0.618303;0.6873;karte;https://www.umweltkarten-niedersachsen.de/Download_OE/HWSchutz/HWRMRL_Z2_Risikogebiete_HQextrem.zip;https://www.umweltkarten-niedersachsen.de/Download_OE/HWSchutz/HWRMRL_Z2_Wassertiefen_HQextrem.zip;2026-09-17
Hitzacker;HQextrem;CRS3035RES100mN3334800E4391500;0.929813;1.6602;karte;https://www.umweltkarten-niedersachsen.de/Download_OE/HWSchutz/HWRMRL_Z2_Risikogebiete_HQextrem.zip;https://www.umweltkarten-niedersachsen.de/Download_OE/HWSchutz/HWRMRL_Z2_Wassertiefen_HQextrem.zip;2026-09-17
Hitzacker;HQextrem;CRS3035RES100mN3334800E4391600;1.000000;2.7741;karte;https://www.umweltkarten-niedersachsen.de/Download_OE/HWSchutz/HWRMRL_Z2_Risikogebiete_HQextrem.zip;https://www.umweltkarten-niedersachsen.de/Download_OE/HWSchutz/HWRMRL_Z2_Wassertiefen_HQextrem.zip;2026-09-17
Hitzacker;HQextrem;CRS3035RES100mN3334800E4391700;1.000000;3.0196;karte;https://www.umweltkarten-niedersachsen.de/Download_OE/HWSchutz/HWRMRL_Z2_Risikogebiete_HQextrem.zip;https://www.umweltkarten-niedersachsen.de/Download_OE/HWSchutz/HWRMRL_Z2_Wassertiefen_HQextrem.zip;2026-09-17
Hitzacker;HQextrem;CRS3035RES100mN3334800E4391800;1.000000;3.0000;karte;https://www.umweltkarten-niedersachsen.de/Download_OE/HWSchutz/HWRMRL_Z2_Risikogebiete_HQextrem.zip;https://www.umweltkarten-niedersachsen.de/Download_OE/HWSchutz/HWRMRL_Z2_Wassertiefen_HQextrem.zip;2026-09-17
Hitzacker;HQextrem;CRS3035RES100mN3334800E4391900;1.000000;3.0980;karte;https://www.umweltkarten-niedersachsen.de/Download_OE/HWSchutz/HWRMRL_Z2_Risikogebiete_HQextrem.zip;https://www.umweltkarten-niedersachsen.de/Download_OE/HWSchutz/HWRMRL_Z2_Wassertiefen_HQextrem.zip;2026-09-17
Hitzacker;HQextrem;CRS3035RES100mN3334800E4392000;1.000000;3.4964;karte;https://www.umweltkarten-niedersachsen.de/Download_OE/HWSchutz/HWRMRL_Z2_Risikogebiete_HQextrem.zip;https://www.umweltkarten-niedersachsen.de/Download_OE/HWSchutz/HWRMRL_Z2_Wassertiefen_HQextrem.zip;2026-09-17
Hitzacker;HQextrem;CRS3035RES100mN3334900E4391300;0.049077;0.2500;karte;https://www.umweltkarten-niedersachsen.de/Download_OE/HWSchutz/HWRMRL_Z2_Risikogebiete_HQextrem.zip;https://www.umweltkarten-niedersachsen.de/Download_OE/HWSchutz/HWRMRL_Z2_Wassertiefen_HQextrem.zip;2026-09-17
Hitzacker;HQextrem;CRS3035RES100mN3334900E4391400;1.000000;0.4280;karte;https://www.umweltkarten-niedersachsen.de/Download_OE/HWSchutz/HWRMRL_Z2_Risikogebiete_HQextrem.zip;https://www.umweltkarten-niedersachsen.de/Download_OE/HWSchutz/HWRMRL_Z2_Wassertiefen_HQextrem.zip;2026-09-17
Hitzacker;HQextrem;CRS3035RES100mN3334900E4391500;1.000000;1.7610;karte;https://www.umweltkarten-niedersachsen.de/Download_OE/HWSchutz/HWRMRL_Z2_Risikogebiete_HQextrem.zip;https://www.umweltkarten-niedersachsen.de/Download_OE/HWSchutz/HWRMRL_Z2_Wassertiefen_HQextrem.zip;2026-09-17
Hitzacker;HQextrem;CRS3035RES100mN3334900E4391600;1.000000;2.7188;karte;https://www.umweltkarten-niedersachsen.de/Download_OE/HWSchutz/HWRMRL_Z2_Risikogebiete_HQextrem.zip;https://www.umweltkarten-niedersachsen.de/Download_OE/HWSchutz/HWRMRL_Z2_Wassertiefen_HQextrem.zip;2026-09-17
Hitzacker;HQextrem;CRS3035RES100mN3334900E4391700;1.000000;3.1683;karte;https://www.umweltkarten-niedersachsen.de/Download_OE/HWSchutz/HWRMRL_Z2_Risikogebiete_HQextrem.zip;https://www.umweltkarten-niedersachsen.de/Download_OE/HWSchutz/HWRMRL_Z2_Wassertiefen_HQextrem.zip;2026-09-17
Hitzacker;HQextrem;CRS3035RES100mN3334900E4391800;1.000000;3.1012;karte;https://www.umweltkarten-niedersachsen.de/Download_OE/HWSchutz/HWRMRL_Z2_Risikogebiete_HQextrem.zip;https://www.umweltkarten-niedersachsen.de/Download_OE/HWSchutz/HWRMRL_Z2_Wassertiefen_HQextrem.zip;2026-09-17
Hitzacker;HQextrem;CRS3035RES100mN3334900E4391900;1.000000;3.4778;karte;https://www.umweltkarten-niedersachsen.de/Download_OE/HWSchutz/HWRMRL_Z2_Risikogebiete_HQextrem.zip;https://www.umweltkarten-niedersachsen.de/Download_OE/HWSchutz/HWRMRL_Z2_Wassertiefen_HQextrem.zip;2026-09-17
Hitzacker;HQextrem;CRS3035RES100mN3334900E4392000;1.000000;3.6849;karte;https://www.umweltkarten-niedersachsen.de/Download_OE/HWSchutz/HWRMRL_Z2_Risikogebiete_HQextrem.zip;https://www.umweltkarten-niedersachsen.de/Download_OE/HWSchutz/HWRMRL_Z2_Wassertiefen_HQextrem.zip;2026-09-17
Hitzacker;HQextrem;CRS3035RES100mN3334900E4392100;1.000000;3.6854;karte;https://www.umweltkarten-niedersachsen.de/Download_OE/HWSchutz/HWRMRL_Z2_Risikogebiete_HQextrem.zip;https://www.umweltkarten-niedersachsen.de/Download_OE/HWSchutz/HWRMRL_Z2_Wassertiefen_HQextrem.zip;2026-09-17
Hitzacker;HQextrem;CRS3035RES100mN3335000E4391400;0.966673;0.3381;karte;https://www.umweltkarten-niedersachsen.de/Download_OE/HWSchutz/HWRMRL_Z2_Risikogebiete_HQextrem.zip;https://www.umweltkarten-niedersachsen.de/Download_OE/HWSchutz/HWRMRL_Z2_Wassertiefen_HQextrem.zip;2026-09-17
Hitzacker;HQextrem;CRS3035RES100mN3335000E4391500;1.000000;0.7011;karte;https://www.umweltkarten-niedersachsen.de/Download_OE/HWSchutz/HWRMRL_Z2_Risikogebiete_HQextrem.zip;https://www.umweltkarten-niedersachsen.de/Download_OE/HWSchutz/HWRMRL_Z2_Wassertiefen_HQextrem.zip;2026-09-17
Hitzacker;HQextrem;CRS3035RES100mN3335000E4391600;1.000000;1.0686;karte;https://www.umweltkarten-niedersachsen.de/Download_OE/HWSchutz/HWRMRL_Z2_Risikogebiete_HQextrem.zip;https://www.umweltkarten-niedersachsen.de/Download_OE/HWSchutz/HWRMRL_Z2_Wassertiefen_HQextrem.zip;2026-09-17
Hitzacker;HQextrem;CRS3035RES100mN3335000E4391700;1.000000;2.5315;karte;https://www.umweltkarten-niedersachsen.de/Download_OE/HWSchutz/HWRMRL_Z2_Risikogebiete_HQextrem.zip;https://www.umweltkarten-niedersachsen.de/Download_OE/HWSchutz/HWRMRL_Z2_Wassertiefen_HQextrem.zip;2026-09-17
Hitzacker;HQextrem;CRS3035RES100mN3335000E4391800;1.000000;3.4191;karte;https://www.umweltkarten-niedersachsen.de/Download_OE/HWSchutz/HWRMRL_Z2_Risikogebiete_HQextrem.zip;https://www.umweltkarten-niedersachsen.de/Download_OE/HWSchutz/HWRMRL_Z2_Wassertiefen_HQextrem.zip;2026-09-17
Hitzacker;HQextrem;CRS3035RES100mN3335000E4391900;1.000000;3.6972;karte;https://www.umweltkarten-niedersachsen.de/Download_OE/HWSchutz/HWRMRL_Z2_Risikogebiete_HQextrem.zip;https://www.umweltkarten-niedersachsen.de/Download_OE/HWSchutz/HWRMRL_Z2_Wassertiefen_HQextrem.zip;2026-09-17
Hitzacker;HQextrem;CRS3035RES100mN3335000E4392000;1.000000;3.5974;karte;https://www.umweltkarten-niedersachsen.de/Download_OE/HWSchutz/HWRMRL_Z2_Risikogebiete_HQextrem.zip;https://www.umweltkarten-niedersachsen.de/Download_OE/HWSchutz/HWRMRL_Z2_Wassertiefen_HQextrem.zip;2026-09-17
Hitzacker;HQextrem;CRS3035RES100mN3335100E4391300;0.017445;0.2500;karte;https://www.umweltkarten-niedersachsen.de/Download_OE/HWSchutz/HWRMRL_Z2_Risikogebiete_HQextrem.zip;https://www.umweltkarten-niedersachsen.de/Download_OE/HWSchutz/HWRMRL_Z2_Wassertiefen_HQextrem.zip;2026-09-17
Hitzacker;HQextrem;CRS3035RES100mN3335100E4391400;1.000000;0.9304;karte;https://www.umweltkarten-niedersachsen.de/Download_OE/HWSchutz/HWRMRL_Z2_Risikogebiete_HQextrem.zip;https://www.umweltkarten-niedersachsen.de/Download_OE/HWSchutz/HWRMRL_Z2_Wassertiefen_HQextrem.zip;2026-09-17
Hitzacker;HQextrem;CRS3035RES100mN3335100E4391500;1.000000;1.5956;karte;https://www.umweltkarten-niedersachsen.de/Download_OE/HWSchutz/HWRMRL_Z2_Risikogebiete_HQextrem.zip;https://www.umweltkarten-niedersachsen.de/Download_OE/HWSchutz/HWRMRL_Z2_Wassertiefen_HQextrem.zip;2026-09-17
Hitzacker;HQextrem;CRS3035RES100mN3335100E4391600;1.000000;2.1415;karte;https://www.umweltkarten-niedersachsen.de/Download_OE/HWSchutz/HWRMRL_Z2_Risikogebiete_HQextrem.zip;https://www.umweltkarten-niedersachsen.de/Download_OE/HWSchutz/HWRMRL_Z2_Wassertiefen_HQextrem.zip;2026-09-17
Hitzacker;HQextrem;CRS3035RES100mN3335100E4391700;1.000000;2.8127;karte;https://www.umweltkarten-niedersachsen.de/Download_OE/HWSchutz/HWRMRL_Z2_Risikogebiete_HQextrem.zip;https://www.umweltkarten-niedersachsen.de/Download_OE/HWSchutz/HWRMRL_Z2_Wassertiefen_HQextrem.zip;2026-09-17
Hitzacker;HQextrem;CRS3035RES100mN3335100E4391800;1.000000;3.5059;karte;https://www.umweltkarten-niedersachsen.de/Download_OE/HWSchutz/HWRMRL_Z2_Risikogebiete_HQextrem.zip;https://www.umweltkarten-niedersachsen.de/Download_OE/HWSchutz/HWRMRL_Z2_Wassertiefen_HQextrem.zip;2026-09-17
Hitzacker;HQextrem;CRS3035RES100mN3335100E4391900;1.000000;3.7114;karte;https://www.umweltkarten-niedersachsen.de/Download_OE/HWSchutz/HWRMRL_Z2_Risikogebiete_HQextrem.zip;https://www.umweltkarten-niedersachsen.de/Download_OE/HWSchutz/HWRMRL_Z2_Wassertiefen_HQextrem.zip;2026-09-17
Hitzacker;HQextrem;CRS3035RES100mN3335200E4391300;0.344764;0.2712;karte;https://www.umweltkarten-niedersachsen.de/Download_OE/HWSchutz/HWRMRL_Z2_Risikogebiete_HQextrem.zip;https://www.umweltkarten-niedersachsen.de/Download_OE/HWSchutz/HWRMRL_Z2_Wassertiefen_HQextrem.zip;2026-09-17
Hitzacker;HQextrem;CRS3035RES100mN3335200E4391400;1.000000;1.2782;karte;https://www.umweltkarten-niedersachsen.de/Download_OE/HWSchutz/HWRMRL_Z2_Risikogebiete_HQextrem.zip;https://www.umweltkarten-niedersachsen.de/Download_OE/HWSchutz/HWRMRL_Z2_Wassertiefen_HQextrem.zip;2026-09-17
Hitzacker;HQextrem;CRS3035RES100mN3335200E4391500;1.000000;1.9707;karte;https://www.umweltkarten-niedersachsen.de/Download_OE/HWSchutz/HWRMRL_Z2_Risikogebiete_HQextrem.zip;https://www.umweltkarten-niedersachsen.de/Download_OE/HWSchutz/HWRMRL_Z2_Wassertiefen_HQextrem.zip;2026-09-17
Hitzacker;HQextrem;CRS3035RES100mN3335200E4391600;1.000000;2.2500;karte;https://www.umweltkarten-niedersachsen.de/Download_OE/HWSchutz/HWRMRL_Z2_Risikogebiete_HQextrem.zip;https://www.umweltkarten-niedersachsen.de/Download_OE/HWSchutz/HWRMRL_Z2_Wassertiefen_HQextrem.zip;2026-09-17
Hitzacker;HQextrem;CRS3035RES100mN3335200E4391700;1.000000;2.8894;karte;https://www.umweltkarten-niedersachsen.de/Download_OE/HWSchutz/HWRMRL_Z2_Risikogebiete_HQextrem.zip;https://www.umweltkarten-niedersachsen.de/Download_OE/HWSchutz/HWRMRL_Z2_Wassertiefen_HQextrem.zip;2026-09-17
Hitzacker;HQextrem;CRS3035RES100mN3335200E4391800;1.000000;3.6227;karte;https://www.umweltkarten-niedersachsen.de/Download_OE/HWSchutz/HWRMRL_Z2_Risikogebiete_HQextrem.zip;https://www.umweltkarten-niedersachsen.de/Download_OE/HWSchutz/HWRMRL_Z2_Wassertiefen_HQextrem.zip;2026-09-17
Hitzacker;HQextrem;CRS3035RES100mN3335200E4391900;1.000000;3.8909;karte;https://www.umweltkarten-niedersachsen.de/Download_OE/HWSchutz/HWRMRL_Z2_Risikogebiete_HQextrem.zip;https://www.umweltkarten-niedersachsen.de/Download_OE/HWSchutz/HWRMRL_Z2_Wassertiefen_HQextrem.zip;2026-09-17
Hitzacker;HQextrem;CRS3035RES100mN3335300E4391200;0.001604;0.2500;karte;https://www.umweltkarten-niedersachsen.de/Download_OE/HWSchutz/HWRMRL_Z2_Risikogebiete_HQextrem.zip;https://www.umweltkarten-niedersachsen.de/Download_OE/HWSchutz/HWRMRL_Z2_Wassertiefen_HQextrem.zip;2026-09-17
Hitzacker;HQextrem;CRS3035RES100mN3335300E4391300;1.000000;0.2549;karte;https://www.umweltkarten-niedersachsen.de/Download_OE/HWSchutz/HWRMRL_Z2_Risikogebiete_HQextrem.zip;https://www.umweltkarten-niedersachsen.de/Download_OE/HWSchutz/HWRMRL_Z2_Wassertiefen_HQextrem.zip;2026-09-17
Hitzacker;HQextrem;CRS3035RES100mN3335300E4391400;1.000000;0.4772;karte;https://www.umweltkarten-niedersachsen.de/Download_OE/HWSchutz/HWRMRL_Z2_Risikogebiete_HQextrem.zip;https://www.umweltkarten-niedersachsen.de/Download_OE/HWSchutz/HWRMRL_Z2_Wassertiefen_HQextrem.zip;2026-09-17
Hitzacker;HQextrem;CRS3035RES100mN3335300E4391500;1.000000;1.2977;karte;https://www.umweltkarten-niedersachsen.de/Download_OE/HWSchutz/HWRMRL_Z2_Risikogebiete_HQextrem.zip;https://www.umweltkarten-niedersachsen.de/Download_OE/HWSchutz/HWRMRL_Z2_Wassertiefen_HQextrem.zip;2026-09-17
Hitzacker;HQextrem;CRS3035RES100mN3335300E4391600;1.000000;2.0716;karte;https://www.umweltkarten-niedersachsen.de/Download_OE/HWSchutz/HWRMRL_Z2_Risikogebiete_HQextrem.zip;https://www.umweltkarten-niedersachsen.de/Download_OE/HWSchutz/HWRMRL_Z2_Wassertiefen_HQextrem.zip;2026-09-17
Hitzacker;HQextrem;CRS3035RES100mN3335300E4391700;1.000000;2.7117;karte;https://www.umweltkarten-niedersachsen.de/Download_OE/HWSchutz/HWRMRL_Z2_Risikogebiete_HQextrem.zip;https://www.umweltkarten-niedersachsen.de/Download_OE/HWSchutz/HWRMRL_Z2_Wassertiefen_HQextrem.zip;2026-09-17
Hitzacker;HQextrem;CRS3035RES100mN3335300E4391800;1.000000;3.5360;karte;https://www.umweltkarten-niedersachsen.de/Download_OE/HWSchutz/HWRMRL_Z2_Risikogebiete_HQextrem.zip;https://www.umweltkarten-niedersachsen.de/Download_OE/HWSchutz/HWRMRL_Z2_Wassertiefen_HQextrem.zip;2026-09-17
Hitzacker;HQextrem;CRS3035RES100mN3335300E4391900;1.000000;3.8834;karte;https://www.umweltkarten-niedersachsen.de/Download_OE/HWSchutz/HWRMRL_Z2_Risikogebiete_HQextrem.zip;https://www.umweltkarten-niedersachsen.de/Download_OE/HWSchutz/HWRMRL_Z2_Wassertiefen_HQextrem.zip;2026-09-17
Hitzacker;HQextrem;CRS3035RES100mN3335400E4391200;0.380211;0.2500;karte;https://www.umweltkarten-niedersachsen.de/Download_OE/HWSchutz/HWRMRL_Z2_Risikogebiete_HQextrem.zip;https://www.umweltkarten-niedersachsen.de/Download_OE/HWSchutz/HWRMRL_Z2_Wassertiefen_HQextrem.zip;2026-09-17
Hitzacker;HQextrem;CRS3035RES100mN3335400E4391300;1.000000;0.2721;karte;https://www.umweltkarten-niedersachsen.de/Download_OE/HWSchutz/HWRMRL_Z2_Risikogebiete_HQextrem.zip;https://www.umweltkarten-niedersachsen.de/Download_OE/HWSchutz/HWRMRL_Z2_Wassertiefen_HQextrem.zip;2026-09-17
Hitzacker;HQextrem;CRS3035RES100mN3335400E4391400;1.000000;0.4417;karte;https://www.umweltkarten-niedersachsen.de/Download_OE/HWSchutz/HWRMRL_Z2_Risikogebiete_HQextrem.zip;https://www.umweltkarten-niedersachsen.de/Download_OE/HWSchutz/HWRMRL_Z2_Wassertiefen_HQextrem.zip;2026-09-17
Hitzacker;HQextrem;CRS3035RES100mN3335400E4391500;1.000000;0.7926;karte;https://www.umweltkarten-niedersachsen.de/Download_OE/HWSchutz/HWRMRL_Z2_Risikogebiete_HQextrem.zip;https://www.umweltkarten-niedersachsen.de/Download_OE/HWSchutz/HWRMRL_Z2_Wassertiefen_HQextrem.zip;2026-09-17
Hitzacker;HQextrem;CRS3035RES100mN3335400E4391600;1.000000;1.3614;karte;https://www.umweltkarten-niedersachsen.de/Download_OE/HWSchutz/HWRMRL_Z2_Risikogebiete_HQextrem.zip;https://www.umweltkarten-niedersachsen.de/Download_OE/HWSchutz/HWRMRL_Z2_Wassertiefen_HQextrem.zip;2026-09-17
Hitzacker;HQextrem;CRS3035RES100mN3335400E4391700;1.000000;2.5024;karte;https://www.umweltkarten-niedersachsen.de/Download_OE/HWSchutz/HWRMRL_Z2_Risikogebiete_HQextrem.zip;https://www.umweltkarten-niedersachsen.de/Download_OE/HWSchutz/HWRMRL_Z2_Wassertiefen_HQextrem.zip;2026-09-17
Hitzacker;HQextrem;CRS3035RES100mN3335400E4391800;1.000000;3.4252;karte;https://www.umweltkarten-niedersachsen.de/Download_OE/HWSchutz/HWRMRL_Z2_Risikogebiete_HQextrem.zip;https://www.umweltkarten-niedersachsen.de/Download_OE/HWSchutz/HWRMRL_Z2_Wassertiefen_HQextrem.zip;2026-09-17
Hitzacker;HQextrem;CRS3035RES100mN3335400E4391900;1.000000;3.6448;karte;https://www.umweltkarten-niedersachsen.de/Download_OE/HWSchutz/HWRMRL_Z2_Risikogebiete_HQextrem.zip;https://www.umweltkarten-niedersachsen.de/Download_OE/HWSchutz/HWRMRL_Z2_Wassertiefen_HQextrem.zip;2026-09-17
Hitzacker;HQextrem;CRS3035RES100mN3335400E4392000;1.000000;3.7097;karte;https://www.umweltkarten-niedersachsen.de/Download_OE/HWSchutz/HWRMRL_Z2_Risikogebiete_HQextrem.zip;https://www.umweltkarten-niedersachsen.de/Download_OE/HWSchutz/HWRMRL_Z2_Wassertiefen_HQextrem.zip;2026-09-17
Hitzacker;HQextrem;CRS3035RES100mN3335400E4392600;1.000000;3.5000;karte;https://www.umweltkarten-niedersachsen.de/Download_OE/HWSchutz/HWRMRL_Z2_Risikogebiete_HQextrem.zip;https://www.umweltkarten-niedersachsen.de/Download_OE/HWSchutz/HWRMRL_Z2_Wassertiefen_HQextrem.zip;2026-09-17
Hitzacker;HQextrem;CRS3035RES100mN3335400E4393400;1.000000;3.5000;karte;https://www.umweltkarten-niedersachsen.de/Download_OE/HWSchutz/HWRMRL_Z2_Risikogebiete_HQextrem.zip;https://www.umweltkarten-niedersachsen.de/Download_OE/HWSchutz/HWRMRL_Z2_Wassertiefen_HQextrem.zip;2026-09-17
Hitzacker;HQextrem;CRS3035RES100mN3335400E4393500;1.000000;3.5000;karte;https://www.umweltkarten-niedersachsen.de/Download_OE/HWSchutz/HWRMRL_Z2_Risikogebiete_HQextrem.zip;https://www.umweltkarten-niedersachsen.de/Download_OE/HWSchutz/HWRMRL_Z2_Wassertiefen_HQextrem.zip;2026-09-17
Hitzacker;HQextrem;CRS3035RES100mN3335500E4391200;0.844024;0.2500;karte;https://www.umweltkarten-niedersachsen.de/Download_OE/HWSchutz/HWRMRL_Z2_Risikogebiete_HQextrem.zip;https://www.umweltkarten-niedersachsen.de/Download_OE/HWSchutz/HWRMRL_Z2_Wassertiefen_HQextrem.zip;2026-09-17
Hitzacker;HQextrem;CRS3035RES100mN3335500E4391300;1.000000;0.2500;karte;https://www.umweltkarten-niedersachsen.de/Download_OE/HWSchutz/HWRMRL_Z2_Risikogebiete_HQextrem.zip;https://www.umweltkarten-niedersachsen.de/Download_OE/HWSchutz/HWRMRL_Z2_Wassertiefen_HQextrem.zip;2026-09-17
Hitzacker;HQextrem;CRS3035RES100mN3335500E4391400;1.000000;0.5582;karte;https://www.umweltkarten-niedersachsen.de/Download_OE/HWSchutz/HWRMRL_Z2_Risikogebiete_HQextrem.zip;https://www.umweltkarten-niedersachsen.de/Download_OE/HWSchutz/HWRMRL_Z2_Wassertiefen_HQextrem.zip;2026-09-17
Hitzacker;HQextrem;CRS3035RES100mN3335500E4391500;1.000000;1.5747;karte;https://www.umweltkarten-niedersachsen.de/Download_OE/HWSchutz/HWRMRL_Z2_Risikogebiete_HQextrem.zip;https://www.umweltkarten-niedersachsen.de/Download_OE/HWSchutz/HWRMRL_Z2_Wassertiefen_HQextrem.zip;2026-09-17
Hitzacker;HQextrem;CRS3035RES100mN3335500E4391600;1.000000;2.2239;karte;https://www.umweltkarten-niedersachsen.de/Download_OE/HWSchutz/HWRMRL_Z2_Risikogebiete_HQextrem.zip;https://www.umweltkarten-niedersachsen.de/Download_OE/HWSchutz/HWRMRL_Z2_Wassertiefen_HQextrem.zip;2026-09-17
Hitzacker;HQextrem;CRS3035RES100mN3335500E4391700;1.000000;2.3277;karte;https://www.umweltkarten-niedersachsen.de/Download_OE/HWSchutz/HWRMRL_Z2_Risikogebiete_HQextrem.zip;https://www.umweltkarten-niedersachsen.de/Download_OE/HWSchutz/HWRMRL_Z2_Wassertiefen_HQextrem.zip;2026-09-17
Hitzacker;HQextrem;CRS3035RES100mN3335500E4391800;1.000000;3.1211;karte;https://www.umweltkarten-niedersachsen.de/Download_OE/HWSchutz/HWRMRL_Z2_Risikogebiete_HQextrem.zip;https://www.umweltkarten-niedersachsen.de/Download_OE/HWSchutz/HWRMRL_Z2_Wassertiefen_HQextrem.zip;2026-09-17
Hitzacker;HQextrem;CRS3035RES100mN3335500E4391900;1.000000;2.6982;karte;https://www.umweltkarten-niedersachsen.de/Download_OE/HWSchutz/HWRMRL_Z2_Risikogebiete_HQextrem.zip;https://www.umweltkarten-niedersachsen.de/Download_OE/HWSchutz/HWRMRL_Z2_Wassertiefen_HQextrem.zip;2026-09-17
Hitzacker;HQextrem;CRS3035RES100mN3335500E4392000;1.000000;3.9294;karte;https://www.umweltkarten-niedersachsen.de/Download_OE/HWSchutz/HWRMRL_Z2_Risikogebiete_HQextrem.zip;https://www.umweltkarten-niedersachsen.de/Download_OE/HWSchutz/HWRMRL_Z2_Wassertiefen_HQextrem.zip;2026-09-17
Hitzacker;HQextrem;CRS3035RES100mN3335500E4392100;1.000000;3.9669;karte;https://www.umweltkarten-niedersachsen.de/Download_OE/HWSchutz/HWRMRL_Z2_Risikogebiete_HQextrem.zip;https://www.umweltkarten-niedersachsen.de/Download_OE/HWSchutz/HWRMRL_Z2_Wassertiefen_HQextrem.zip;2026-09-17
Hitzacker;HQextrem;CRS3035RES100mN3335500E4392500;1.000000;3.5000;karte;https://www.umweltkarten-niedersachsen.de/Download_OE/HWSchutz/HWRMRL_Z2_Risikogebiete_HQextrem.zip;https://www.umweltkarten-niedersachsen.de/Download_OE/HWSchutz/HWRMRL_Z2_Wassertiefen_HQextrem.zip;2026-09-17
Hitzacker;HQextrem;CRS3035RES100mN3335500E4392600;1.000000;3.5000;karte;https://www.umweltkarten-niedersachsen.de/Download_OE/HWSchutz/HWRMRL_Z2_Risikogebiete_HQextrem.zip;https://www.umweltkarten-niedersachsen.de/Download_OE/HWSchutz/HWRMRL_Z2_Wassertiefen_HQextrem.zip;2026-09-17
Hitzacker;HQextrem;CRS3035RES100mN3335500E4392700;1.000000;3.5000;karte;https://www.umweltkarten-niedersachsen.de/Download_OE/HWSchutz/HWRMRL_Z2_Risikogebiete_HQextrem.zip;https://www.umweltkarten-niedersachsen.de/Download_OE/HWSchutz/HWRMRL_Z2_Wassertiefen_HQextrem.zip;2026-09-17
Hitzacker;HQextrem;CRS3035RES100mN3335500E4393300;1.000000;3.4864;karte;https://www.umweltkarten-niedersachsen.de/Download_OE/HWSchutz/HWRMRL_Z2_Risikogebiete_HQextrem.zip;https://www.umweltkarten-niedersachsen.de/Download_OE/HWSchutz/HWRMRL_Z2_Wassertiefen_HQextrem.zip;2026-09-17
Hitzacker;HQextrem;CRS3035RES100mN3335500E4393400;1.000000;3.5000;karte;https://www.umweltkarten-niedersachsen.de/Download_OE/HWSchutz/HWRMRL_Z2_Risikogebiete_HQextrem.zip;https://www.umweltkarten-niedersachsen.de/Download_OE/HWSchutz/HWRMRL_Z2_Wassertiefen_HQextrem.zip;2026-09-17
Hitzacker;HQextrem;CRS3035RES100mN3335500E4393500;1.000000;3.5000;karte;https://www.umweltkarten-niedersachsen.de/Download_OE/HWSchutz/HWRMRL_Z2_Risikogebiete_HQextrem.zip;https://www.umweltkarten-niedersachsen.de/Download_OE/HWSchutz/HWRMRL_Z2_Wassertiefen_HQextrem.zip;2026-09-17
Hitzacker;HQextrem;CRS3035RES100mN3335500E4393600;1.000000;3.4729;karte;https://www.umweltkarten-niedersachsen.de/Download_OE/HWSchutz/HWRMRL_Z2_Risikogebiete_HQextrem.zip;https://www.umweltkarten-niedersachsen.de/Download_OE/HWSchutz/HWRMRL_Z2_Wassertiefen_HQextrem.zip;2026-09-17
Hitzacker;HQextrem;CRS3035RES100mN3335500E4394100;1.000000;3.0527;karte;https://www.umweltkarten-niedersachsen.de/Download_OE/HWSchutz/HWRMRL_Z2_Risikogebiete_HQextrem.zip;https://www.umweltkarten-niedersachsen.de/Download_OE/HWSchutz/HWRMRL_Z2_Wassertiefen_HQextrem.zip;2026-09-17
Hitzacker;HQextrem;CRS3035RES100mN3335500E4394200;1.000000;3.0000;karte;https://www.umweltkarten-niedersachsen.de/Download_OE/HWSchutz/HWRMRL_Z2_Risikogebiete_HQextrem.zip;https://www.umweltkarten-niedersachsen.de/Download_OE/HWSchutz/HWRMRL_Z2_Wassertiefen_HQextrem.zip;2026-09-17
Hitzacker;HQextrem;CRS3035RES100mN3335500E4394300;1.000000;2.9333;karte;https://www.umweltkarten-niedersachsen.de/Download_OE/HWSchutz/HWRMRL_Z2_Risikogebiete_HQextrem.zip;https://www.umweltkarten-niedersachsen.de/Download_OE/HWSchutz/HWRMRL_Z2_Wassertiefen_HQextrem.zip;2026-09-17
Hitzacker;HQextrem;CRS3035RES100mN3335600E4391200;1.000000;0.3178;karte;https://www.umweltkarten-niedersachsen.de/Download_OE/HWSchutz/HWRMRL_Z2_Risikogebiete_HQextrem.zip;https://www.umweltkarten-niedersachsen.de/Download_OE/HWSchutz/HWRMRL_Z2_Wassertiefen_HQextrem.zip;2026-09-17
Hitzacker;HQextrem;CRS3035RES100mN3335600E4391300;1.000000;0.5703;karte;https://www.umweltkarten-niedersachsen.de/Download_OE/HWSchutz/HWRMRL_Z2_Risikogebiete_HQextrem.zip;https://www.umweltkarten-niedersachsen.de/Download_OE/HWSchutz/HWRMRL_Z2_Wassertiefen_HQextrem.zip;2026-09-17
Hitzacker;HQextrem;CRS3035RES100mN3335600E4391400;1.000000;0.7886;karte;https://www.umweltkarten-niedersachsen.de/Download_OE/HWSchutz/HWRMRL_Z2_Risikogebiete_HQextrem.zip;https://www.umweltkarten-niedersachsen.de/Download_OE/HWSchutz/HWRMRL_Z2_Wassertiefen_HQextrem.zip;2026-09-17
Hitzacker;HQextrem;CRS3035RES100mN3335600E4391500;1.000000;1.7917;karte;https://www.umweltkarten-niedersachsen.de/Download_OE/HWSchutz/HWRMRL_Z2_Risikogebiete_HQextrem.zip;https://www.umweltkarten-niedersachsen.de/Download_OE/HWSchutz/HWRMRL_Z2_Wassertiefen_HQextrem.zip;2026-09-17
Hitzacker;HQextrem;CRS3035RES100mN3335600E4391600;1.000000;2.2966;karte;https://www.umweltkarten-niedersachsen.de/Download_OE/HWSchutz/HWRMRL_Z2_Risikogebiete_HQextrem.zip;https://www.umweltkarten-niedersachsen.de/Download_OE/HWSchutz/HWRMRL_Z2_Wassertiefen_HQextrem.zip;2026-09-17
Hitzacker;HQextrem;CRS3035RES100mN3335600E4391700;1.000000;2.2849;karte;https://www.umweltkarten-niedersachsen.de/Download_OE/HWSchutz/HWRMRL_Z2_Risikogebiete_HQextrem.zip;https://www.umweltkarten-niedersachsen.de/Download_OE/HWSchutz/HWRMRL_Z2_Wassertiefen_HQextrem.zip;2026-09-17
Hitzacker;HQextrem;CRS3035RES100mN3335600E4391800;1.000000;2.0810;karte;https://www.umweltkarten-niedersachsen.de/Download_OE/HWSchutz/HWRMRL_Z2_Risikogebiete_HQextrem.zip;https://www.umweltkarten-niedersachsen.de/Download_OE/HWSchutz/HWRMRL_Z2_Wassertiefen_HQextrem.zip;2026-09-17
Hitzacker;HQextrem;CRS3035RES100mN3335600E4391900;1.000000;3.4289;karte;https://www.umweltkarten-niedersachsen.de/Download_OE/HWSchutz/HWRMRL_Z2_Risikogebiete_HQextrem.zip;https://www.umweltkarten-niedersachsen.de/Download_OE/HWSchutz/HWRMRL_Z2_Wassertiefen_HQextrem.zip;2026-09-17
Hitzacker;HQextrem;CRS3035RES100mN3335600E4392000;1.000000;3.9559;karte;https://www.umweltkarten-niedersachsen.de/Download_OE/HWSchutz/HWRMRL_Z2_Risikogebiete_HQextrem.zip;https://www.umweltkarten-niedersachsen.de/Download_OE/HWSchutz/HWRMRL_Z2_Wassertiefen_HQextrem.zip;2026-09-17
Hitzacker;HQextrem;CRS3035RES100mN3335600E4392100;1.000000;4.0000;karte;https://www.umweltkarten-niedersachsen.de/Download_OE/HWSchutz/HWRMRL_Z2_Risikogebiete_HQextrem.zip;https://www.umweltkarten-niedersachsen.de/Download_OE/HWSchutz/HWRMRL_Z2_Wassertiefen_HQextrem.zip;2026-09-17
Hitzacker;HQextrem;CRS3035RES100mN3335600E4392400;1.000000;3.5000;karte;https://www.umweltkarten-niedersachsen.de/Download_OE/HWSchutz/HWRMRL_Z2_Risikogebiete_HQextrem.zip;https://www.umweltkarten-niedersachsen.de/Download_OE/HWSchutz/HWRMRL_Z2_Wassertiefen_HQextrem.zip;2026-09-17
Hitzacker;HQextrem;CRS3035RES100mN3335600E4392500;1.000000;3.5000;karte;https://www.umweltkarten-niedersachsen.de/Download_OE/HWSchutz/HWRMRL_Z2_Risikogebiete_HQextrem.zip;https://www.umweltkarten-niedersachsen.de/Download_OE/HWSchutz/HWRMRL_Z2_Wassertiefen_HQextrem.zip;2026-09-17
Hitzacker;HQextrem;CRS3035RES100mN3335600E4392600;1.000000;3.5000;karte;https://www.umweltkarten-niedersachsen.de/Download_OE/HWSchutz/HWRMRL_Z2_Risikogebiete_HQextrem.zip;https://www.umweltkarten-niedersachsen.de/Download_OE/HWSchutz/HWRMRL_Z2_Wassertiefen_HQextrem.zip;2026-09-17
Hitzacker;HQextrem;CRS3035RES100mN3335600E4392700;1.000000;3.5000;karte;https://www.umweltkarten-niedersachsen.de/Download_OE/HWSchutz/HWRMRL_Z2_Risikogebiete_HQextrem.zip;https://www.umweltkarten-niedersachsen.de/Download_OE/HWSchutz/HWRMRL_Z2_Wassertiefen_HQextrem.zip;2026-09-17
Hitzacker;HQextrem;CRS3035RES100mN3335600E4392800;1.000000;3.5000;karte;https://www.umweltkarten-niedersachsen.de/Download_OE/HWSchutz/HWRMRL_Z2_Risikogebiete_HQextrem.zip;https://www.umweltkarten-niedersachsen.de/Download_OE/HWSchutz/HWRMRL_Z2_Wassertiefen_HQextrem.zip;2026-09-17
Hitzacker;HQextrem;CRS3035RES100mN3335600E4392900;1.000000;3.5000;karte;https://www.umweltkarten-niedersachsen.de/Download_OE/HWSchutz/HWRMRL_Z2_Risikogebiete_HQextrem.zip;https://www.umweltkarten-niedersachsen.de/Download_OE/HWSchutz/HWRMRL_Z2_Wassertiefen_HQextrem.zip;2026-09-17
Hitzacker;HQextrem;CRS3035RES100mN3335600E4393200;1.000000;3.5000;karte;https://www.umweltkarten-niedersachsen.de/Download_OE/HWSchutz/HWRMRL_Z2_Risikogebiete_HQextrem.zip;https://www.umweltkarten-niedersachsen.de/Download_OE/HWSchutz/HWRMRL_Z2_Wassertiefen_HQextrem.zip;2026-09-17
Hitzacker;HQextrem;CRS3035RES100mN3335600E4393300;1.000000;3.5000;karte;https://www.umweltkarten-niedersachsen.de/Download_OE/HWSchutz/HWRMRL_Z2_Risikogebiete_HQextrem.zip;https://www.umweltkarten-niedersachsen.de/Download_OE/HWSchutz/HWRMRL_Z2_Wassertiefen_HQextrem.zip;2026-09-17
Hitzacker;HQextrem;CRS3035RES100mN3335600E4393400;1.000000;3.5000;karte;https://www.umweltkarten-niedersachsen.de/Download_OE/HWSchutz/HWRMRL_Z2_Risikogebiete_HQextrem.zip;https://www.umweltkarten-niedersachsen.de/Download_OE/HWSchutz/HWRMRL_Z2_Wassertiefen_HQextrem.zip;2026-09-17
Hitzacker;HQextrem;CRS3035RES100mN3335600E4393500;1.000000;3.5000;karte;https://www.umweltkarten-niedersachsen.de/Download_OE/HWSchutz/HWRMRL_Z2_Risikogebiete_HQextrem.zip;https://www.umweltkarten-niedersachsen.de/Download_OE/HWSchutz/HWRMRL_Z2_Wassertiefen_HQextrem.zip;2026-09-17
Hitzacker;HQextrem;CRS3035RES100mN3335600E4393600;1.000000;3.4917;karte;https://www.umweltkarten-niedersachsen.de/Download_OE/HWSchutz/HWRMRL_Z2_Risikogebiete_HQextrem.zip;https://www.umweltkarten-niedersachsen.de/Download_OE/HWSchutz/HWRMRL_Z2_Wassertiefen_HQextrem.zip;2026-09-17
Hitzacker;HQextrem;CRS3035RES100mN3335600E4393700;1.000000;3.0496;karte;https://www.umweltkarten-niedersachsen.de/Download_OE/HWSchutz/HWRMRL_Z2_Risikogebiete_HQextrem.zip;https://www.umweltkarten-niedersachsen.de/Download_OE/HWSchutz/HWRMRL_Z2_Wassertiefen_HQextrem.zip;2026-09-17
Hitzacker;HQextrem;CRS3035RES100mN3335600E4393800;1.000000;3.0000;karte;https://www.umweltkarten-niedersachsen.de/Download_OE/HWSchutz/HWRMRL_Z2_Risikogebiete_HQextrem.zip;https://www.umweltkarten-niedersachsen.de/Download_OE/HWSchutz/HWRMRL_Z2_Wassertiefen_HQextrem.zip;2026-09-17
Hitzacker;HQextrem;CRS3035RES100mN3335600E4394000;1.000000;3.0000;karte;https://www.umweltkarten-niedersachsen.de/Download_OE/HWSchutz/HWRMRL_Z2_Risikogebiete_HQextrem.zip;https://www.umweltkarten-niedersachsen.de/Download_OE/HWSchutz/HWRMRL_Z2_Wassertiefen_HQextrem.zip;2026-09-17
Hitzacker;HQextrem;CRS3035RES100mN3335600E4394100;1.000000;3.0000;karte;https://www.umweltkarten-niedersachsen.de/Download_OE/HWSchutz/HWRMRL_Z2_Risikogebiete_HQextrem.zip;https://www.umweltkarten-niedersachsen.de/Download_OE/HWSchutz/HWRMRL_Z2_Wassertiefen_HQextrem.zip;2026-09-17
Hitzacker;HQextrem;CRS3035RES100mN3335600E4394200;1.000000;2.8086;karte;https://www.umweltkarten-niedersachsen.de/Download_OE/HWSchutz/HWRMRL_Z2_Risikogebiete_HQextrem.zip;https://www.umweltkarten-niedersachsen.de/Download_OE/HWSchutz/HWRMRL_Z2_Wassertiefen_HQextrem.zip;2026-09-17
Hitzacker;HQextrem;CRS3035RES100mN3335600E4394300;1.000000;2.5318;karte;https://www.umweltkarten-niedersachsen.de/Download_OE/HWSchutz/HWRMRL_Z2_Risikogebiete_HQextrem.zip;https://www.umweltkarten-niedersachsen.de/Download_OE/HWSchutz/HWRMRL_Z2_Wassertiefen_HQextrem.zip;2026-09-17
Hitzacker;HQextrem;CRS3035RES100mN3335600E4394400;1.000000;3.4525;karte;https://www.umweltkarten-niedersachsen.de/Download_OE/HWSchutz/HWRMRL_Z2_Risikogebiete_HQextrem.zip;https://www.umweltkarten-niedersachsen.de/Download_OE/HWSchutz/HWRMRL_Z2_Wassertiefen_HQextrem.zip;2026-09-17
Hitzacker;HQextrem;CRS3035RES100mN3335700E4391200;1.000000;0.3430;karte;https://www.umweltkarten-niedersachsen.de/Download_OE/HWSchutz/HWRMRL_Z2_Risikogebiete_HQextrem.zip;https://www.umweltkarten-niedersachsen.de/Download_OE/HWSchutz/HWRMRL_Z2_Wassertiefen_HQextrem.zip;2026-09-17
Hitzacker;HQextrem;CRS3035RES100mN3335700E4391300;1.000000;1.0289;karte;https://www.umweltkarten-niedersachsen.de/Download_OE/HWSchutz/HWRMRL_Z2_Risikogebiete_HQextrem.zip;https://www.umweltkarten-niedersachsen.de/Download_OE/HWSchutz/HWRMRL_Z2_Wassertiefen_HQextrem.zip;2026-09-17
Hitzacker;HQextrem;CRS3035RES100mN3335700E4391400;1.000000;2.1422;karte;https://www.umweltkarten-niedersachsen.de/Download_OE/HWSchutz/HWRMRL_Z2_Risikogebiete_HQextrem.zip;https://www.umweltkarten-niedersachsen.de/Download_OE/HWSchutz/HWRMRL_Z2_Wassertiefen_HQextrem.zip;2026-09-17
Hitzacker;HQextrem;CRS3035RES100mN3335700E4391500;1.000000;2.0839;karte;https://www.umweltkarten-niedersachsen.de/Download_OE/HWSchutz/HWRMRL_Z2_Risikogebiete_HQextrem.zip;https://www.umweltkarten-niedersachsen.de/Download_OE/HWSchutz/HWRMRL_Z2_Wassertiefen_HQextrem.zip;2026-09-17
Hitzacker;HQextrem;CRS3035RES100mN3335700E4391600;1.000000;2.2220;karte;https://www.umweltkarten-niedersachsen.de/Download_OE/HWSchutz/HWRMRL_Z2_Risikogebiete_HQextrem.zip;https://www.umweltkarten-niedersachsen.de/Download_OE/HWSchutz/HWRMRL_Z2_Wassertiefen_HQextrem.zip;2026-09-17
Hitzacker;HQextrem;CRS3035RES100mN3335700E4391700;1.000000;1.7217;karte;https://www.umweltkarten-niedersachsen.de/Download_OE/HWSchutz/HWRMRL_Z2_Risikogebiete_HQextrem.zip;https://www.umweltkarten-niedersachsen.de/Download_OE/HWSchutz/HWRMRL_Z2_Wassertiefen_HQextrem.zip;2026-09-17
Hitzacker;HQextrem;CRS3035RES100mN3335700E4391800;1.000000;2.5766;karte;https://www.umweltkarten-niedersachsen.de/Download_OE/HWSchutz/HWRMRL_Z2_Risikogebiete_HQextrem.zip;https://www.umweltkarten-niedersachsen.de/Download_OE/HWSchutz/HWRMRL_Z2_Wassertiefen_HQextrem.zip;2026-09-17
Hitzacker;HQextrem;CRS3035RES100mN3335700E4391900;1.000000;3.6111;karte;https://www.umweltkarten-niedersachsen.de/Download_OE/HWSchutz/HWRMRL_Z2_Risikogebiete_HQextrem.zip;https://www.umweltkarten-niedersachsen.de/Download_OE/HWSchutz/HWRMRL_Z2_Wassertiefen_HQextrem.zip;2026-09-17
Hitzacker;HQextrem;CRS3035RES100mN3335700E4392000;1.000000;3.8406;karte;https://www.umweltkarten-niedersachsen.de/Download_OE/HWSchutz/HWRMRL_Z2_Risikogebiete_HQextrem.zip;https://www.umweltkarten-niedersachsen.de/Download_OE/HWSchutz/HWRMRL_Z2_Wassertiefen_HQextrem.zip;2026-09-17
Hitzacker;HQextrem;CRS3035RES100mN3335700E4392100;1.000000;3.9270;karte;https://www.umweltkarten-niedersachsen.de/Download_OE/HWSchutz/HWRMRL_Z2_Risikogebiete_HQextrem.zip;https://www.umweltkarten-niedersachsen.de/Download_OE/HWSchutz/HWRMRL_Z2_Wassertiefen_HQextrem.zip;2026-09-17
Hitzacker;HQextrem;CRS3035RES100mN3335700E4392400;1.000000;3.5000;karte;https://www.umweltkarten-niedersachsen.de/Download_OE/HWSchutz/HWRMRL_Z2_Risikogebiete_HQextrem.zip;https://www.umweltkarten-niedersachsen.de/Download_OE/HWSchutz/HWRMRL_Z2_Wassertiefen_HQextrem.zip;2026-09-17
Hitzacker;HQextrem;CRS3035RES100mN3335700E4392500;1.000000;3.5725;karte;https://www.umweltkarten-niedersachsen.de/Download_OE/HWSchutz/HWRMRL_Z2_Risikogebiete_HQextrem.zip;https://www.umweltkarten-niedersachsen.de/Download_OE/HWSchutz/HWRMRL_Z2_Wassertiefen_HQextrem.zip;2026-09-17
Hitzacker;HQextrem;CRS3035RES100mN3335700E4392600;1.000000;3.5000;karte;https://www.umweltkarten-niedersachsen.de/Download_OE/HWSchutz/HWRMRL_Z2_Risikogebiete_HQextrem.zip;https://www.umweltkarten-niedersachsen.de/Download_OE/HWSchutz/HWRMRL_Z2_Wassertiefen_HQextrem.zip;2026-09-17
Hitzacker;HQextrem;CRS3035RES100mN3335700E4392700;1.000000;3.4705;karte;https://www.umweltkarten-niedersachsen.de/Download_OE/HWSchutz/HWRMRL_Z2_Risikogebiete_HQextrem.zip;https://www.umweltkarten-niedersachsen.de/Download_OE/HWSchutz/HWRMRL_Z2_Wassertiefen_HQextrem.zip;2026-09-17
Hitzacker;HQextrem;CRS3035RES100mN3335700E4392800;1.000000;3.3394;karte;https://www.umweltkarten-niedersachsen.de/Download_OE/HWSchutz/HWRMRL_Z2_Risikogebiete_HQextrem.zip;https://www.umweltkarten-niedersachsen.de/Download_OE/HWSchutz/HWRMRL_Z2_Wassertiefen_HQextrem.zip;2026-09-17
Hitzacker;HQextrem;CRS3035RES100mN3335700E4392900;1.000000;3.5000;karte;https://www.umweltkarten-niedersachsen.de/Download_OE/HWSchutz/HWRMRL_Z2_Risikogebiete_HQextrem.zip;https://www.umweltkarten-niedersachsen.de/Download_OE/HWSchutz/HWRMRL_Z2_Wassertiefen_HQextrem.zip;2026-09-17
Hitzacker;HQextrem;CRS3035RES100mN3335700E4393000;1.000000;3.4975;karte;https://www.umweltkarten-niedersachsen.de/Download_OE/HWSchutz/HWRMRL_Z2_Risikogebiete_HQextrem.zip;https://www.umweltkarten-niedersachsen.de/Download_OE/HWSchutz/HWRMRL_Z2_Wassertiefen_HQextrem.zip;2026-09-17
Hitzacker;HQextrem;CRS3035RES100mN3335700E4393200;1.000000;3.4957;karte;https://www.umweltkarten-niedersachsen.de/Download_OE/HWSchutz/HWRMRL_Z2_Risikogebiete_HQextrem.zip;https://www.umweltkarten-niedersachsen.de/Download_OE/HWSchutz/HWRMRL_Z2_Wassertiefen_HQextrem.zip;2026-09-17
Hitzacker;HQextrem;CRS3035RES100mN3335700E4393300;1.000000;3.4417;karte;https://www.umweltkarten-niedersachsen.de/Download_OE/HWSchutz/HWRMRL_Z2_Risikogebiete_HQextrem.zip;https://www.umweltkarten-niedersachsen.de/Download_OE/HWSchutz/HWRMRL_Z2_Wassertiefen_HQextrem.zip;2026-09-17
Hitzacker;HQextrem;CRS3035RES100mN3335700E4393400;1.000000;3.4998;karte;https://www.umweltkarten-niedersachsen.de/Download_OE/HWSchutz/HWRMRL_Z2_Risikogebiete_HQextrem.zip;https://www.umweltkarten-niedersachsen.de/Download_OE/HWSchutz/HWRMRL_Z2_Wassertiefen_HQextrem.zip;2026-09-17
Hitzacker;HQextrem;CRS3035RES100mN3335700E4393500;1.000000;3.5000;karte;https://www.umweltkarten-niedersachsen.de/Download_OE/HWSchutz/HWRMRL_Z2_Risikogebiete_HQextrem.zip;https://www.umweltkarten-niedersachsen.de/Download_OE/HWSchutz/HWRMRL_Z2_Wassertiefen_HQextrem.zip;2026-09-17
Hitzacker;HQextrem;CRS3035RES100mN3335700E4393600;1.000000;3.5000;karte;https://www.umweltkarten-niedersachsen.de/Download_OE/HWSchutz/HWRMRL_Z2_Risikogebiete_HQextrem.zip;https://www.umweltkarten-niedersachsen.de/Download_OE/HWSchutz/HWRMRL_Z2_Wassertiefen_HQextrem.zip;2026-09-17
Hitzacker;HQextrem;CRS3035RES100mN3335700E4393700;1.000000;3.2365;karte;https://www.umweltkarten-niedersachsen.de/Download_OE/HWSchutz/HWRMRL_Z2_Risikogebiete_HQextrem.zip;https://www.umweltkarten-niedersachsen.de/Download_OE/HWSchutz/HWRMRL_Z2_Wassertiefen_HQextrem.zip;2026-09-17
Hitzacker;HQextrem;CRS3035RES100mN3335700E4393800;1.000000;3.0000;karte;https://www.umweltkarten-niedersachsen.de/Download_OE/HWSchutz/HWRMRL_Z2_Risikogebiete_HQextrem.zip;https://www.umweltkarten-niedersachsen.de/Download_OE/HWSchutz/HWRMRL_Z2_Wassertiefen_HQextrem.zip;2026-09-17
Hitzacker;HQextrem;CRS3035RES100mN3335700E4393900;1.000000;3.0000;karte;https://www.umweltkarten-niedersachsen.de/Download_OE/HWSchutz/HWRMRL_Z2_Risikogebiete_HQextrem.zip;https://www.umweltkarten-niedersachsen.de/Download_OE/HWSchutz/HWRMRL_Z2_Wassertiefen_HQextrem.zip;2026-09-17
Hitzacker;HQextrem;CRS3035RES100mN3335700E4394000;1.000000;3.0000;karte;https://www.umweltkarten-niedersachsen.de/Download_OE/HWSchutz/HWRMRL_Z2_Risikogebiete_HQextrem.zip;https://www.umweltkarten-niedersachsen.de/Download_OE/HWSchutz/HWRMRL_Z2_Wassertiefen_HQextrem.zip;2026-09-17
Hitzacker;HQextrem;CRS3035RES100mN3335700E4394100;1.000000;3.0000;karte;https://www.umweltkarten-niedersachsen.de/Download_OE/HWSchutz/HWRMRL_Z2_Risikogebiete_HQextrem.zip;https://www.umweltkarten-niedersachsen.de/Download_OE/HWSchutz/HWRMRL_Z2_Wassertiefen_HQextrem.zip;2026-09-17
Hitzacker;HQextrem;CRS3035RES100mN3335700E4394200;1.000000;3.1284;karte;https://www.umweltkarten-niedersachsen.de/Download_OE/HWSchutz/HWRMRL_Z2_Risikogebiete_HQextrem.zip;https://www.umweltkarten-niedersachsen.de/Download_OE/HWSchutz/HWRMRL_Z2_Wassertiefen_HQextrem.zip;2026-09-17
Hitzacker;HQextrem;CRS3035RES100mN3335700E4394300;1.000000;3.1866;karte;https://www.umweltkarten-niedersachsen.de/Download_OE/HWSchutz/HWRMRL_Z2_Risikogebiete_HQextrem.zip;https://www.umweltkarten-niedersachsen.de/Download_OE/HWSchutz/HWRMRL_Z2_Wassertiefen_HQextrem.zip;2026-09-17
Hitzacker;HQextrem;CRS3035RES100mN3335700E4394400;1.000000;3.3021;karte;https://www.umweltkarten-niedersachsen.de/Download_OE/HWSchutz/HWRMRL_Z2_Risikogebiete_HQextrem.zip;https://www.umweltkarten-niedersachsen.de/Download_OE/HWSchutz/HWRMRL_Z2_Wassertiefen_HQextrem.zip;2026-09-17
Hitzacker;HQextrem;CRS3035RES100mN3335800E4391300;1.000000;0.5078;karte;https://www.umweltkarten-niedersachsen.de/Download_OE/HWSchutz/HWRMRL_Z2_Risikogebiete_HQextrem.zip;https://www.umweltkarten-niedersachsen.de/Download_OE/HWSchutz/HWRMRL_Z2_Wassertiefen_HQextrem.zip;2026-09-17
Hitzacker;HQextrem;CRS3035RES100mN3335800E4391400;1.000000;0.9885;karte;https://www.umweltkarten-niedersachsen.de/Download_OE/HWSchutz/HWRMRL_Z2_Risikogebiete_HQextrem.zip;https://www.umweltkarten-niedersachsen.de/Download_OE/HWSchutz/HWRMRL_Z2_Wassertiefen_HQextrem.zip;2026-09-17
Hitzacker;HQextrem;CRS3035RES100mN3335800E4391500;1.000000;1.4726;karte;https://www.umweltkarten-niedersachsen.de/Download_OE/HWSchutz/HWRMRL_Z2_Risikogebiete_HQextrem.zip;https://www.umweltkarten-niedersachsen.de/Download_OE/HWSchutz/HWRMRL_Z2_Wassertiefen_HQextrem.zip;2026-09-17
Hitzacker;HQextrem;CRS3035RES100mN3335800E4391600;1.000000;1.8301;karte;https://www.umweltkarten-niedersachsen.de/Download_OE/HWSchutz/HWRMRL_Z2_Risikogebiete_HQextrem.zip;https://www.umweltkarten-niedersachsen.de/Download_OE/HWSchutz/HWRMRL_Z2_Wassertiefen_HQextrem.zip;2026-09-17
Hitzacker;HQextrem;CRS3035RES100mN3335800E4391700;1.000000;2.0058;karte;https://www.umweltkarten-niedersachsen.de/Download_OE/HWSchutz/HWRMRL_Z2_Risikogebiete_HQextrem.zip;https://www.umweltkarten-niedersachsen.de/Download_OE/HWSchutz/HWRMRL_Z2_Wassertiefen_HQextrem.zip;2026-09-17
Hitzacker;HQextrem;CRS3035RES100mN3335800E4391800;1.000000;3.3946;karte;https://www.umweltkarten-niedersachsen.de/Download_OE/HWSchutz/HWRMRL_Z2_Risikogebiete_HQextrem.zip;https://www.umweltkarten-niedersachsen.de/Download_OE/HWSchutz/HWRMRL_Z2_Wassertiefen_HQextrem.zip;2026-09-17
Hitzacker;HQextrem;CRS3035RES100mN3335800E4391900;1.000000;3.8495;karte;https://www.umweltkarten-niedersachsen.de/Download_OE/HWSchutz/HWRMRL_Z2_Risikogebiete_HQextrem.zip;https://www.umweltkarten-niedersachsen.de/Download_OE/HWSchutz/HWRMRL_Z2_Wassertiefen_HQextrem.zip;2026-09-17
Hitzacker;HQextrem;CRS3035RES100mN3335800E4392000;1.000000;3.9264;karte;https://www.umweltkarten-niedersachsen.de/Download_OE/HWSchutz/HWRMRL_Z2_Risikogebiete_HQextrem.zip;https://www.umweltkarten-niedersachsen.de/Download_OE/HWSchutz/HWRMRL_Z2_Wassertiefen_HQextrem.zip;2026-09-17
Hitzacker;HQextrem;CRS3035RES100mN3335800E4392200;1.000000;3.0807;karte;https://www.umweltkarten-niedersachsen.de/Download_OE/HWSchutz/HWRMRL_Z2_Risikogebiete_HQextrem.zip;https://www.umweltkarten-niedersachsen.de/Download_OE/HWSchutz/HWRMRL_Z2_Wassertiefen_HQextrem.zip;2026-09-17
Hitzacker;HQextrem;CRS3035RES100mN3335800E4392300;1.000000;3.5000;karte;https://www.umweltkarten-niedersachsen.de/Download_OE/HWSchutz/HWRMRL_Z2_Risikogebiete_HQextrem.zip;https://www.umweltkarten-niedersachsen.de/Download_OE/HWSchutz/HWRMRL_Z2_Wassertiefen_HQextrem.zip;2026-09-17
Hitzacker;HQextrem;CRS3035RES100mN3335800E4392400;1.000000;3.5000;karte;https://www.umweltkarten-niedersachsen.de/Download_OE/HWSchutz/HWRMRL_Z2_Risikogebiete_HQextrem.zip;https://www.umweltkarten-niedersachsen.de/Download_OE/HWSchutz/HWRMRL_Z2_Wassertiefen_HQextrem.zip;2026-09-17
Hitzacker;HQextrem;CRS3035RES100mN3335800E4392500;1.000000;3.5000;karte;https://www.umweltkarten-niedersachsen.de/Download_OE/HWSchutz/HWRMRL_Z2_Risikogebiete_HQextrem.zip;https://www.umweltkarten-niedersachsen.de/Download_OE/HWSchutz/HWRMRL_Z2_Wassertiefen_HQextrem.zip;2026-09-17
Hitzacker;HQextrem;CRS3035RES100mN3335800E4392600;1.000000;3.4875;karte;https://www.umweltkarten-niedersachsen.de/Download_OE/HWSchutz/HWRMRL_Z2_Risikogebiete_HQextrem.zip;https://www.umweltkarten-niedersachsen.de/Download_OE/HWSchutz/HWRMRL_Z2_Wassertiefen_HQextrem.zip;2026-09-17
Hitzacker;HQextrem;CRS3035RES100mN3335800E4392700;1.000000;3.5000;karte;https://www.umweltkarten-niedersachsen.de/Download_OE/HWSchutz/HWRMRL_Z2_Risikogebiete_HQextrem.zip;https://www.umweltkarten-niedersachsen.de/Download_OE/HWSchutz/HWRMRL_Z2_Wassertiefen_HQextrem.zip;2026-09-17
Hitzacker;HQextrem;CRS3035RES100mN3335800E4392800;1.000000;3.5000;karte;https://www.umweltkarten-niedersachsen.de/Download_OE/HWSchutz/HWRMRL_Z2_Risikogebiete_HQextrem.zip;https://www.umweltkarten-niedersachsen.de/Download_OE/HWSchutz/HWRMRL_Z2_Wassertiefen_HQextrem.zip;2026-09-17
Hitzacker;HQextrem;CRS3035RES100mN3335800E4392900;1.000000;3.5000;karte;https://www.umweltkarten-niedersachsen.de/Download_OE/HWSchutz/HWRMRL_Z2_Risikogebiete_HQextrem.zip;https://www.umweltkarten-niedersachsen.de/Download_OE/HWSchutz/HWRMRL_Z2_Wassertiefen_HQextrem.zip;2026-09-17
Hitzacker;HQextrem;CRS3035RES100mN3335800E4393000;1.000000;3.5000;karte;https://www.umweltkarten-niedersachsen.de/Download_OE/HWSchutz/HWRMRL_Z2_Risikogebiete_HQextrem.zip;https://www.umweltkarten-niedersachsen.de/Download_OE/HWSchutz/HWRMRL_Z2_Wassertiefen_HQextrem.zip;2026-09-17
Hitzacker;HQextrem;CRS3035RES100mN3335800E4393100;1.000000;3.4065;karte;https://www.umweltkarten-niedersachsen.de/Download_OE/HWSchutz/HWRMRL_Z2_Risikogebiete_HQextrem.zip;https://www.umweltkarten-niedersachsen.de/Download_OE/HWSchutz/HWRMRL_Z2_Wassertiefen_HQextrem.zip;2026-09-17
Hitzacker;HQextrem;CRS3035RES100mN3335800E4393200;1.000000;3.3851;karte;https://www.umweltkarten-niedersachsen.de/Download_OE/HWSchutz/HWRMRL_Z2_Risikogebiete_HQextrem.zip;https://www.umweltkarten-niedersachsen.de/Download_OE/HWSchutz/HWRMRL_Z2_Wassertiefen_HQextrem.zip;2026-09-17
Hitzacker;HQextrem;CRS3035RES100mN3335800E4393300;1.000000;3.4758;karte;https://www.umweltkarten-niedersachsen.de/Download_OE/HWSchutz/HWRMRL_Z2_Risikogebiete_HQextrem.zip;https://www.umweltkarten-niedersachsen.de/Download_OE/HWSchutz/HWRMRL_Z2_Wassertiefen_HQextrem.zip;2026-09-17
Hitzacker;HQextrem;CRS3035RES100mN3335800E4393400;1.000000;3.5000;karte;https://www.umweltkarten-niedersachsen.de/Download_OE/HWSchutz/HWRMRL_Z2_Risikogebiete_HQextrem.zip;https://www.umweltkarten-niedersachsen.de/Download_OE/HWSchutz/HWRMRL_Z2_Wassertiefen_HQextrem.zip;2026-09-17
Hitzacker;HQextrem;CRS3035RES100mN3335800E4393500;1.000000;3.5000;karte;https://www.umweltkarten-niedersachsen.de/Download_OE/HWSchutz/HWRMRL_Z2_Risikogebiete_HQextrem.zip;https://www.umweltkarten-niedersachsen.de/Download_OE/HWSchutz/HWRMRL_Z2_Wassertiefen_HQextrem.zip;2026-09-17
Hitzacker;HQextrem;CRS3035RES100mN3335800E4393600;1.000000;3.5000;karte;https://www.umweltkarten-niedersachsen.de/Download_OE/HWSchutz/HWRMRL_Z2_Risikogebiete_HQextrem.zip;https://www.umweltkarten-niedersachsen.de/Download_OE/HWSchutz/HWRMRL_Z2_Wassertiefen_HQextrem.zip;2026-09-17
Hitzacker;HQextrem;CRS3035RES100mN3335800E4393700;1.000000;3.4339;karte;https://www.umweltkarten-niedersachsen.de/Download_OE/HWSchutz/HWRMRL_Z2_Risikogebiete_HQextrem.zip;https://www.umweltkarten-niedersachsen.de/Download_OE/HWSchutz/HWRMRL_Z2_Wassertiefen_HQextrem.zip;2026-09-17
Hitzacker;HQextrem;CRS3035RES100mN3335800E4393800;1.000000;3.0986;karte;https://www.umweltkarten-niedersachsen.de/Download_OE/HWSchutz/HWRMRL_Z2_Risikogebiete_HQextrem.zip;https://www.umweltkarten-niedersachsen.de/Download_OE/HWSchutz/HWRMRL_Z2_Wassertiefen_HQextrem.zip;2026-09-17
Hitzacker;HQextrem;CRS3035RES100mN3335800E4393900;1.000000;3.0362;karte;https://www.umweltkarten-niedersachsen.de/Download_OE/HWSchutz/HWRMRL_Z2_Risikogebiete_HQextrem.zip;https://www.umweltkarten-niedersachsen.de/Download_OE/HWSchutz/HWRMRL_Z2_Wassertiefen_HQextrem.zip;2026-09-17
Hitzacker;HQextrem;CRS3035RES100mN3335800E4394000;1.000000;2.9539;karte;https://www.umweltkarten-niedersachsen.de/Download_OE/HWSchutz/HWRMRL_Z2_Risikogebiete_HQextrem.zip;https://www.umweltkarten-niedersachsen.de/Download_OE/HWSchutz/HWRMRL_Z2_Wassertiefen_HQextrem.zip;2026-09-17
Hitzacker;HQextrem;CRS3035RES100mN3335800E4394100;1.000000;3.3141;karte;https://www.umweltkarten-niedersachsen.de/Download_OE/HWSchutz/HWRMRL_Z2_Risikogebiete_HQextrem.zip;https://www.umweltkarten-niedersachsen.de/Download_OE/HWSchutz/HWRMRL_Z2_Wassertiefen_HQextrem.zip;2026-09-17
Hitzacker;HQextrem;CRS3035RES100mN3335800E4394200;1.000000;3.2150;karte;https://www.umweltkarten-niedersachsen.de/Download_OE/HWSchutz/HWRMRL_Z2_Risikogebiete_HQextrem.zip;https://www.umweltkarten-niedersachsen.de/Download_OE/HWSchutz/HWRMRL_Z2_Wassertiefen_HQextrem.zip;2026-09-17
Hitzacker;HQextrem;CRS3035RES100mN3335800E4394300;1.000000;3.0000;karte;https://www.umweltkarten-niedersachsen.de/Download_OE/HWSchutz/HWRMRL_Z2_Risikogebiete_HQextrem.zip;https://www.umweltkarten-niedersachsen.de/Download_OE/HWSchutz/HWRMRL_Z2_Wassertiefen_HQextrem.zip;2026-09-17
Hitzacker;HQextrem;CRS3035RES100mN3335800E4394400;1.000000;3.0000;karte;https://www.umweltkarten-niedersachsen.de/Download_OE/HWSchutz/HWRMRL_Z2_Risikogebiete_HQextrem.zip;https://www.umweltkarten-niedersachsen.de/Download_OE/HWSchutz/HWRMRL_Z2_Wassertiefen_HQextrem.zip;2026-09-17
Hitzacker;HQextrem;CRS3035RES100mN3335900E4391300;0.331387;0.2528;karte;https://www.umweltkarten-niedersachsen.de/Download_OE/HWSchutz/HWRMRL_Z2_Risikogebiete_HQextrem.zip;https://www.umweltkarten-niedersachsen.de/Download_OE/HWSchutz/HWRMRL_Z2_Wassertiefen_HQextrem.zip;2026-09-17
Hitzacker;HQextrem;CRS3035RES100mN3335900E4391400;1.000000;0.8964;karte;https://www.umweltkarten-niedersachsen.de/Download_OE/HWSchutz/HWRMRL_Z2_Risikogebiete_HQextrem.zip;https://www.umweltkarten-niedersachsen.de/Download_OE/HWSchutz/HWRMRL_Z2_Wassertiefen_HQextrem.zip;2026-09-17
Hitzacker;HQextrem;CRS3035RES100mN3335900E4391500;1.000000;1.5806;karte;https://www.umweltkarten-niedersachsen.de/Download_OE/HWSchutz/HWRMRL_Z2_Risikogebiete_HQextrem.zip;https://www.umweltkarten-niedersachsen.de/Download_OE/HWSchutz/HWRMRL_Z2_Wassertiefen_HQextrem.zip;2026-09-17
Hitzacker;HQextrem;CRS3035RES100mN3335900E4391600;1.000000;0.9671;karte;https://www.umweltkarten-niedersachsen.de/Download_OE/HWSchutz/HWRMRL_Z2_Risikogebiete_HQextrem.zip;https://www.umweltkarten-niedersachsen.de/Download_OE/HWSchutz/HWRMRL_Z2_Wassertiefen_HQextrem.zip;2026-09-17
Hitzacker;HQextrem;CRS3035RES100mN3335900E4391700;1.000000;2.2128;karte;https://www.umweltkarten-niedersachsen.de/Download_OE/HWSchutz/HWRMRL_Z2_Risikogebiete_HQextrem.zip;https://www.umweltkarten-niedersachsen.de/Download_OE/HWSchutz/HWRMRL_Z2_Wassertiefen_HQextrem.zip;2026-09-17
Hitzacker;HQextrem;CRS3035RES100mN3335900E4391800;1.000000;3.3467;karte;https://www.umweltkarten-niedersachsen.de/Download_OE/HWSchutz/HWRMRL_Z2_Risikogebiete_HQextrem.zip;https://www.umweltkarten-niedersachsen.de/Download_OE/HWSchutz/HWRMRL_Z2_Wassertiefen_HQextrem.zip;2026-09-17
Hitzacker;HQextrem;CRS3035RES100mN3335900E4391900;1.000000;3.5086;karte;https://www.umweltkarten-niedersachsen.de/Download_OE/HWSchutz/HWRMRL_Z2_Risikogebiete_HQextrem.zip;https://www.umweltkarten-niedersachsen.de/Download_OE/HWSchutz/HWRMRL_Z2_Wassertiefen_HQextrem.zip;2026-09-17
Hitzacker;HQextrem;CRS3035RES100mN3335900E4392000;1.000000;3.7729;karte;https://www.umweltkarten-niedersachsen.de/Download_OE/HWSchutz/HWRMRL_Z2_Risikogebiete_HQextrem.zip;https://www.umweltkarten-niedersachsen.de/Download_OE/HWSchutz/HWRMRL_Z2_Wassertiefen_HQextrem.zip;2026-09-17
Hitzacker;HQextrem;CRS3035RES100mN3335900E4392100;1.000000;3.0100;karte;https://www.umweltkarten-niedersachsen.de/Download_OE/HWSchutz/HWRMRL_Z2_Risikogebiete_HQextrem.zip;https://www.umweltkarten-niedersachsen.de/Download_OE/HWSchutz/HWRMRL_Z2_Wassertiefen_HQextrem.zip;2026-09-17
Hitzacker;HQextrem;CRS3035RES100mN3335900E4392200;1.000000;3.4047;karte;https://www.umweltkarten-niedersachsen.de/Download_OE/HWSchutz/HWRMRL_Z2_Risikogebiete_HQextrem.zip;https://www.umweltkarten-niedersachsen.de/Download_OE/HWSchutz/HWRMRL_Z2_Wassertiefen_HQextrem.zip;2026-09-17
Hitzacker;HQextrem;CRS3035RES100mN3335900E4392300;1.000000;3.5000;karte;https://www.umweltkarten-niedersachsen.de/Download_OE/HWSchutz/HWRMRL_Z2_Risikogebiete_HQextrem.zip;https://www.umweltkarten-niedersachsen.de/Download_OE/HWSchutz/HWRMRL_Z2_Wassertiefen_HQextrem.zip;2026-09-17
Hitzacker;HQextrem;CRS3035RES100mN3335900E4392400;1.000000;3.5000;karte;https://www.umweltkarten-niedersachsen.de/Download_OE/HWSchutz/HWRMRL_Z2_Risikogebiete_HQextrem.zip;https://www.umweltkarten-niedersachsen.de/Download_OE/HWSchutz/HWRMRL_Z2_Wassertiefen_HQextrem.zip;2026-09-17
Hitzacker;HQextrem;CRS3035RES100mN3335900E4392500;1.000000;3.5000;karte;https://www.umweltkarten-niedersachsen.de/Download_OE/HWSchutz/HWRMRL_Z2_Risikogebiete_HQextrem.zip;https://www.umweltkarten-niedersachsen.de/Download_OE/HWSchutz/HWRMRL_Z2_Wassertiefen_HQextrem.zip;2026-09-17
Hitzacker;HQextrem;CRS3035RES100mN3335900E4392600;1.000000;3.5000;karte;https://www.umweltkarten-niedersachsen.de/Download_OE/HWSchutz/HWRMRL_Z2_Risikogebiete_HQextrem.zip;https://www.umweltkarten-niedersachsen.de/Download_OE/HWSchutz/HWRMRL_Z2_Wassertiefen_HQextrem.zip;2026-09-17
Hitzacker;HQextrem;CRS3035RES100mN3335900E4392700;1.000000;3.5000;karte;https://www.umweltkarten-niedersachsen.de/Download_OE/HWSchutz/HWRMRL_Z2_Risikogebiete_HQextrem.zip;https://www.umweltkarten-niedersachsen.de/Download_OE/HWSchutz/HWRMRL_Z2_Wassertiefen_HQextrem.zip;2026-09-17
Hitzacker;HQextrem;CRS3035RES100mN3335900E4392800;1.000000;3.4312;karte;https://www.umweltkarten-niedersachsen.de/Download_OE/HWSchutz/HWRMRL_Z2_Risikogebiete_HQextrem.zip;https://www.umweltkarten-niedersachsen.de/Download_OE/HWSchutz/HWRMRL_Z2_Wassertiefen_HQextrem.zip;2026-09-17
Hitzacker;HQextrem;CRS3035RES100mN3335900E4392900;1.000000;3.5000;karte;https://www.umweltkarten-niedersachsen.de/Download_OE/HWSchutz/HWRMRL_Z2_Risikogebiete_HQextrem.zip;https://www.umweltkarten-niedersachsen.de/Download_OE/HWSchutz/HWRMRL_Z2_Wassertiefen_HQextrem.zip;2026-09-17
Hitzacker;HQextrem;CRS3035RES100mN3335900E4393000;1.000000;3.5000;karte;https://www.umweltkarten-niedersachsen.de/Download_OE/HWSchutz/HWRMRL_Z2_Risikogebiete_HQextrem.zip;https://www.umweltkarten-niedersachsen.de/Download_OE/HWSchutz/HWRMRL_Z2_Wassertiefen_HQextrem.zip;2026-09-17
Hitzacker;HQextrem;CRS3035RES100mN3335900E4393100;1.000000;3.4953;karte;https://www.umweltkarten-niedersachsen.de/Download_OE/HWSchutz/HWRMRL_Z2_Risikogebiete_HQextrem.zip;https://www.umweltkarten-niedersachsen.de/Download_OE/HWSchutz/HWRMRL_Z2_Wassertiefen_HQextrem.zip;2026-09-17
Hitzacker;HQextrem;CRS3035RES100mN3335900E4393200;1.000000;3.4535;karte;https://www.umweltkarten-niedersachsen.de/Download_OE/HWSchutz/HWRMRL_Z2_Risikogebiete_HQextrem.zip;https://www.umweltkarten-niedersachsen.de/Download_OE/HWSchutz/HWRMRL_Z2_Wassertiefen_HQextrem.zip;2026-09-17
Hitzacker;HQextrem;CRS3035RES100mN3335900E4393300;1.000000;3.2386;karte;https://www.umweltkarten-niedersachsen.de/Download_OE/HWSchutz/HWRMRL_Z2_Risikogebiete_HQextrem.zip;https://www.umweltkarten-niedersachsen.de/Download_OE/HWSchutz/HWRMRL_Z2_Wassertiefen_HQextrem.zip;2026-09-17
Hitzacker;HQextrem;CRS3035RES100mN3335900E4393400;1.000000;3.2877;karte;https://www.umweltkarten-niedersachsen.de/Download_OE/HWSchutz/HWRMRL_Z2_Risikogebiete_HQextrem.zip;https://www.umweltkarten-niedersachsen.de/Download_OE/HWSchutz/HWRMRL_Z2_Wassertiefen_HQextrem.zip;2026-09-17
Hitzacker;HQextrem;CRS3035RES100mN3335900E4393500;1.000000;3.4594;karte;https://www.umweltkarten-niedersachsen.de/Download_OE/HWSchutz/HWRMRL_Z2_Risikogebiete_HQextrem.zip;https://www.umweltkarten-niedersachsen.de/Download_OE/HWSchutz/HWRMRL_Z2_Wassertiefen_HQextrem.zip;2026-09-17
Hitzacker;HQextrem;CRS3035RES100mN3335900E4393600;1.000000;3.5000;karte;https://www.umweltkarten-niedersachsen.de/Download_OE/HWSchutz/HWRMRL_Z2_Risikogebiete_HQextrem.zip;https://www.umweltkarten-niedersachsen.de/Download_OE/HWSchutz/HWRMRL_Z2_Wassertiefen_HQextrem.zip;2026-09-17
Hitzacker;HQextrem;CRS3035RES100mN3335900E4393700;1.000000;3.3728;karte;https://www.umweltkarten-niedersachsen.de/Download_OE/HWSchutz/HWRMRL_Z2_Risikogebiete_HQextrem.zip;https://www.umweltkarten-niedersachsen.de/Download_OE/HWSchutz/HWRMRL_Z2_Wassertiefen_HQextrem.zip;2026-09-17
Hitzacker;HQextrem;CRS3035RES100mN3335900E4393800;1.000000;3.4535;karte;https://www.umweltkarten-niedersachsen.de/Download_OE/HWSchutz/HWRMRL_Z2_Risikogebiete_HQextrem.zip;https://www.umweltkarten-niedersachsen.de/Download_OE/HWSchutz/HWRMRL_Z2_Wassertiefen_HQextrem.zip;2026-09-17
Hitzacker;HQextrem;CRS3035RES100mN3335900E4393900;1.000000;3.4475;karte;https://www.umweltkarten-niedersachsen.de/Download_OE/HWSchutz/HWRMRL_Z2_Risikogebiete_HQextrem.zip;https://www.umweltkarten-niedersachsen.de/Download_OE/HWSchutz/HWRMRL_Z2_Wassertiefen_HQextrem.zip;2026-09-17
Hitzacker;HQextrem;CRS3035RES100mN3335900E4394000;1.000000;3.4723;karte;https://www.umweltkarten-niedersachsen.de/Download_OE/HWSchutz/HWRMRL_Z2_Risikogebiete_HQextrem.zip;https://www.umweltkarten-niedersachsen.de/Download_OE/HWSchutz/HWRMRL_Z2_Wassertiefen_HQextrem.zip;2026-09-17
Hitzacker;HQextrem;CRS3035RES100mN3335900E4394100;1.000000;3.4941;karte;https://www.umweltkarten-niedersachsen.de/Download_OE/HWSchutz/HWRMRL_Z2_Risikogebiete_HQextrem.zip;https://www.umweltkarten-niedersachsen.de/Download_OE/HWSchutz/HWRMRL_Z2_Wassertiefen_HQextrem.zip;2026-09-17
Hitzacker;HQextrem;CRS3035RES100mN3335900E4394200;1.000000;3.0101;karte;https://www.umweltkarten-niedersachsen.de/Download_OE/HWSchutz/HWRMRL_Z2_Risikogebiete_HQextrem.zip;https://www.umweltkarten-niedersachsen.de/Download_OE/HWSchutz/HWRMRL_Z2_Wassertiefen_HQextrem.zip;2026-09-17
Hitzacker;HQextrem;CRS3035RES100mN3335900E4394300;1.000000;3.0000;karte;https://www.umweltkarten-niedersachsen.de/Download_OE/HWSchutz/HWRMRL_Z2_Risikogebiete_HQextrem.zip;https://www.umweltkarten-niedersachsen.de/Download_OE/HWSchutz/HWRMRL_Z2_Wassertiefen_HQextrem.zip;2026-09-17
Hitzacker;HQextrem;CRS3035RES100mN3336000E4391300;1.000000;0.5528;karte;https://www.umweltkarten-niedersachsen.de/Download_OE/HWSchutz/HWRMRL_Z2_Risikogebiete_HQextrem.zip;https://www.umweltkarten-niedersachsen.de/Download_OE/HWSchutz/HWRMRL_Z2_Wassertiefen_HQextrem.zip;2026-09-17
Hitzacker;HQextrem;CRS3035RES100mN3336000E4391400;1.000000;0.8189;karte;https://www.umweltkarten-niedersachsen.de/Download_OE/HWSchutz/HWRMRL_Z2_Risikogebiete_HQextrem.zip;https://www.umweltkarten-niedersachsen.de/Download_OE/HWSchutz/HWRMRL_Z2_Wassertiefen_HQextrem.zip;2026-09-17
Hitzacker;HQextrem;CRS3035RES100mN3336000E4391500;1.000000;0.7141;karte;https://www.umweltkarten-niedersachsen.de/Download_OE/HWSchutz/HWRMRL_Z2_Risikogebiete_HQextrem.zip;https://www.umweltkarten-niedersachsen.de/Download_OE/HWSchutz/HWRMRL_Z2_Wassertiefen_HQextrem.zip;2026-09-17
Hitzacker;HQextrem;CRS3035RES100mN3336000E4391600;1.000000;0.9156;karte;https://www.umweltkarten-niedersachsen.de/Download_OE/HWSchutz/HWRMRL_Z2_Risikogebiete_HQextrem.zip;https://www.umweltkarten-niedersachsen.de/Download_OE/HWSchutz/HWRMRL_Z2_Wassertiefen_HQextrem.zip;2026-09-17
Hitzacker;HQextrem;CRS3035RES100mN3336000E4391700;1.000000;1.5459;karte;https://www.umweltkarten-niedersachsen.de/Download_OE/HWSchutz/HWRMRL_Z2_Risikogebiete_HQextrem.zip;https://www.umweltkarten-niedersachsen.de/Download_OE/HWSchutz/HWRMRL_Z2_Wassertiefen_HQextrem.zip;2026-09-17
Hitzacker;HQextrem;CRS3035RES100mN3336000E4391800;1.000000;3.7751;karte;https://www.umweltkarten-niedersachsen.de/Download_OE/HWSchutz/HWRMRL_Z2_Risikogebiete_HQextrem.zip;https://www.umweltkarten-niedersachsen.de/Download_OE/HWSchutz/HWRMRL_Z2_Wassertiefen_HQextrem.zip;2026-09-17
Hitzacker;HQextrem;CRS3035RES100mN3336000E4391900;1.000000;3.8627;karte;https://www.umweltkarten-niedersachsen.de/Download_OE/HWSchutz/HWRMRL_Z2_Risikogebiete_HQextrem.zip;https://www.umweltkarten-niedersachsen.de/Download_OE/HWSchutz/HWRMRL_Z2_Wassertiefen_HQextrem.zip;2026-09-17
Hitzacker;HQextrem;CRS3035RES100mN3336000E4392000;1.000000;3.6140;karte;https://www.umweltkarten-niedersachsen.de/Download_OE/HWSchutz/HWRMRL_Z2_Risikogebiete_HQextrem.zip;https://www.umweltkarten-niedersachsen.de/Download_OE/HWSchutz/HWRMRL_Z2_Wassertiefen_HQextrem.zip;2026-09-17
Hitzacker;HQextrem;CRS3035RES100mN3336000E4392100;1.000000;1.9904;karte;https://www.umweltkarten-niedersachsen.de/Download_OE/HWSchutz/HWRMRL_Z2_Risikogebiete_HQextrem.zip;https://www.umweltkarten-niedersachsen.de/Download_OE/HWSchutz/HWRMRL_Z2_Wassertiefen_HQextrem.zip;2026-09-17
Hitzacker;HQextrem;CRS3035RES100mN3336000E4392200;1.000000;3.4663;karte;https://www.umweltkarten-niedersachsen.de/Download_OE/HWSchutz/HWRMRL_Z2_Risikogebiete_HQextrem.zip;https://www.umweltkarten-niedersachsen.de/Download_OE/HWSchutz/HWRMRL_Z2_Wassertiefen_HQextrem.zip;2026-09-17
Hitzacker;HQextrem;CRS3035RES100mN3336000E4392300;1.000000;3.5000;karte;https://www.umweltkarten-niedersachsen.de/Download_OE/HWSchutz/HWRMRL_Z2_Risikogebiete_HQextrem.zip;https://www.umweltkarten-niedersachsen.de/Download_OE/HWSchutz/HWRMRL_Z2_Wassertiefen_HQextrem.zip;2026-09-17
Hitzacker;HQextrem;CRS3035RES100mN3336000E4392400;1.000000;3.4982;karte;https://www.umweltkarten-niedersachsen.de/Download_OE/HWSchutz/HWRMRL_Z2_Risikogebiete_HQextrem.zip;https://www.umweltkarten-niedersachsen.de/Download_OE/HWSchutz/HWRMRL_Z2_Wassertiefen_HQextrem.zip;2026-09-17
Hitzacker;HQextrem;CRS3035RES100mN3336000E4392500;1.000000;3.3955;karte;https://www.umweltkarten-niedersachsen.de/Download_OE/HWSchutz/HWRMRL_Z2_Risikogebiete_HQextrem.zip;https://www.umweltkarten-niedersachsen.de/Download_OE/HWSchutz/HWRMRL_Z2_Wassertiefen_HQextrem.zip;2026-09-17
Hitzacker;HQextrem;CRS3035RES100mN3336000E4392600;1.000000;3.4697;karte;https://www.umweltkarten-niedersachsen.de/Download_OE/HWSchutz/HWRMRL_Z2_Risikogebiete_HQextrem.zip;https://www.umweltkarten-niedersachsen.de/Download_OE/HWSchutz/HWRMRL_Z2_Wassertiefen_HQextrem.zip;2026-09-17
Hitzacker;HQextrem;CRS3035RES100mN3336000E4392700;1.000000;3.4503;karte;https://www.umweltkarten-niedersachsen.de/Download_OE/HWSchutz/HWRMRL_Z2_Risikogebiete_HQextrem.zip;https://www.umweltkarten-niedersachsen.de/Download_OE/HWSchutz/HWRMRL_Z2_Wassertiefen_HQextrem.zip;2026-09-17
Hitzacker;HQextrem;CRS3035RES100mN3336000E4392800;1.000000;3.4034;karte;https://www.umweltkarten-niedersachsen.de/Download_OE/HWSchutz/HWRMRL_Z2_Risikogebiete_HQextrem.zip;https://www.umweltkarten-niedersachsen.de/Download_OE/HWSchutz/HWRMRL_Z2_Wassertiefen_HQextrem.zip;2026-09-17
Hitzacker;HQextrem;CRS3035RES100mN3336000E4392900;1.000000;3.3703;karte;https://www.umweltkarten-niedersachsen.de/Download_OE/HWSchutz/HWRMRL_Z2_Risikogebiete_HQextrem.zip;https://www.umweltkarten-niedersachsen.de/Download_OE/HWSchutz/HWRMRL_Z2_Wassertiefen_HQextrem.zip;2026-09-17
Hitzacker;HQextrem;CRS3035RES100mN3336000E4393000;1.000000;3.4806;karte;https://www.umweltkarten-niedersachsen.de/Download_OE/HWSchutz/HWRMRL_Z2_Risikogebiete_HQextrem.zip;https://www.umweltkarten-niedersachsen.de/Download_OE/HWSchutz/HWRMRL_Z2_Wassertiefen_HQextrem.zip;2026-09-17
Hitzacker;HQextrem;CRS3035RES100mN3336000E4393100;1.000000;3.2529;karte;https://www.umweltkarten-niedersachsen.de/Download_OE/HWSchutz/HWRMRL_Z2_Risikogebiete_HQextrem.zip;https://www.umweltkarten-niedersachsen.de/Download_OE/HWSchutz/HWRMRL_Z2_Wassertiefen_HQextrem.zip;2026-09-17
Hitzacker;HQextrem;CRS3035RES100mN3336000E4393200;1.000000;3.0364;karte;https://www.umweltkarten-niedersachsen.de/Download_OE/HWSchutz/HWRMRL_Z2_Risikogebiete_HQextrem.zip;https://www.umweltkarten-niedersachsen.de/Download_OE/HWSchutz/HWRMRL_Z2_Wassertiefen_HQextrem.zip;2026-09-17
Hitzacker;HQextrem;CRS3035RES100mN3336000E4393300;1.000000;3.0000;karte;https://www.umweltkarten-niedersachsen.de/Download_OE/HWSchutz/HWRMRL_Z2_Risikogebiete_HQextrem.zip;https://www.umweltkarten-niedersachsen.de/Download_OE/HWSchutz/HWRMRL_Z2_Wassertiefen_HQextrem.zip;2026-09-17
Hitzacker;HQextrem;CRS3035RES100mN3336000E4393400;1.000000;2.7349;karte;https://www.umweltkarten-niedersachsen.de/Download_OE/HWSchutz/HWRMRL_Z2_Risikogebiete_HQextrem.zip;https://www.umweltkarten-niedersachsen.de/Download_OE/HWSchutz/HWRMRL_Z2_Wassertiefen_HQextrem.zip;2026-09-17
Hitzacker;HQextrem;CRS3035RES100mN3336000E4393500;1.000000;2.3476;karte;https://www.umweltkarten-niedersachsen.de/Download_OE/HWSchutz/HWRMRL_Z2_Risikogebiete_HQextrem.zip;https://www.umweltkarten-niedersachsen.de/Download_OE/HWSchutz/HWRMRL_Z2_Wassertiefen_HQextrem.zip;2026-09-17
Hitzacker;HQextrem;CRS3035RES100mN3336000E4393600;1.000000;3.1345;karte;https://www.umweltkarten-niedersachsen.de/Download_OE/HWSchutz/HWRMRL_Z2_Risikogebiete_HQextrem.zip;https://www.umweltkarten-niedersachsen.de/Download_OE/HWSchutz/HWRMRL_Z2_Wassertiefen_HQextrem.zip;2026-09-17
Hitzacker;HQextrem;CRS3035RES100mN3336000E4393700;1.000000;3.5000;karte;https://www.umweltkarten-niedersachsen.de/Download_OE/HWSchutz/HWRMRL_Z2_Risikogebiete_HQextrem.zip;https://www.umweltkarten-niedersachsen.de/Download_OE/HWSchutz/HWRMRL_Z2_Wassertiefen_HQextrem.zip;2026-09-17
Hitzacker;HQextrem;CRS3035RES100mN3336000E4393800;1.000000;3.5000;karte;https://www.umweltkarten-niedersachsen.de/Download_OE/HWSchutz/HWRMRL_Z2_Risikogebiete_HQextrem.zip;https://www.umweltkarten-niedersachsen.de/Download_OE/HWSchutz/HWRMRL_Z2_Wassertiefen_HQextrem.zip;2026-09-17
Hitzacker;HQextrem;CRS3035RES100mN3336000E4393900;1.000000;3.4950;karte;https://www.umweltkarten-niedersachsen.de/Download_OE/HWSchutz/HWRMRL_Z2_Risikogebiete_HQextrem.zip;https://www.umweltkarten-niedersachsen.de/Download_OE/HWSchutz/HWRMRL_Z2_Wassertiefen_HQextrem.zip;2026-09-17
Hitzacker;HQextrem;CRS3035RES100mN3336000E4394000;1.000000;3.4804;karte;https://www.umweltkarten-niedersachsen.de/Download_OE/HWSchutz/HWRMRL_Z2_Risikogebiete_HQextrem.zip;https://www.umweltkarten-niedersachsen.de/Download_OE/HWSchutz/HWRMRL_Z2_Wassertiefen_HQextrem.zip;2026-09-17
Hitzacker;HQextrem;CRS3035RES100mN3336000E4394100;1.000000;3.3332;karte;https://www.umweltkarten-niedersachsen.de/Download_OE/HWSchutz/HWRMRL_Z2_Risikogebiete_HQextrem.zip;https://www.umweltkarten-niedersachsen.de/Download_OE/HWSchutz/HWRMRL_Z2_Wassertiefen_HQextrem.zip;2026-09-17
Hitzacker;HQextrem;CRS3035RES100mN3336000E4394200;1.000000;3.0092;karte;https://www.umweltkarten-niedersachsen.de/Download_OE/HWSchutz/HWRMRL_Z2_Risikogebiete_HQextrem.zip;https://www.umweltkarten-niedersachsen.de/Download_OE/HWSchutz/HWRMRL_Z2_Wassertiefen_HQextrem.zip;2026-09-17
Hitzacker;HQextrem;CRS3035RES100mN3336100E4391200;0.660361;0.4777;karte;https://www.umweltkarten-niedersachsen.de/Download_OE/HWSchutz/HWRMRL_Z2_Risikogebiete_HQextrem.zip;https://www.umweltkarten-niedersachsen.de/Download_OE/HWSchutz/HWRMRL_Z2_Wassertiefen_HQextrem.zip;2026-09-17
Hitzacker;HQextrem;CRS3035RES100mN3336100E4391300;1.000000;0.7298;karte;https://www.umweltkarten-niedersachsen.de/Download_OE/HWSchutz/HWRMRL_Z2_Risikogebiete_HQextrem.zip;https://www.umweltkarten-niedersachsen.de/Download_OE/HWSchutz/HWRMRL_Z2_Wassertiefen_HQextrem.zip;2026-09-17
Hitzacker;HQextrem;CRS3035RES100mN3336100E4391400;1.000000;0.8099;karte;https://www.umweltkarten-niedersachsen.de/Download_OE/HWSchutz/HWRMRL_Z2_Risikogebiete_HQextrem.zip;https://www.umweltkarten-niedersachsen.de/Download_OE/HWSchutz/HWRMRL_Z2_Wassertiefen_HQextrem.zip;2026-09-17
Hitzacker;HQextrem;CRS3035RES100mN3336100E4391500;1.000000;1.2662;karte;https://www.umweltkarten-niedersachsen.de/Download_OE/HWSchutz/HWRMRL_Z2_Risikogebiete_HQextrem.zip;https://www.umweltkarten-niedersachsen.de/Download_OE/HWSchutz/HWRMRL_Z2_Wassertiefen_HQextrem.zip;2026-09-17
Hitzacker;HQextrem;CRS3035RES100mN3336100E4391600;1.000000;1.4490;karte;https://www.umweltkarten-niedersachsen.de/Download_OE/HWSchutz/HWRMRL_Z2_Risikogebiete_HQextrem.zip;https://www.umweltkarten-niedersachsen.de/Download_OE/HWSchutz/HWRMRL_Z2_Wassertiefen_HQextrem.zip;2026-09-17
Hitzacker;HQextrem;CRS3035RES100mN3336100E4391700;1.000000;3.0949;karte;https://www.umweltkarten-niedersachsen.de/Download_OE/HWSchutz/HWRMRL_Z2_Risikogebiete_HQextrem.zip;https://www.umweltkarten-niedersachsen.de/Download_OE/HWSchutz/HWRMRL_Z2_Wassertiefen_HQextrem.zip;2026-09-17
Hitzacker;HQextrem;CRS3035RES100mN3336100E4391800;1.000000;3.7831;karte;https://www.umweltkarten-niedersachsen.de/Download_OE/HWSchutz/HWRMRL_Z2_Risikogebiete_HQextrem.zip;https://www.umweltkarten-niedersachsen.de/Download_OE/HWSchutz/HWRMRL_Z2_Wassertiefen_HQextrem.zip;2026-09-17
Hitzacker;HQextrem;CRS3035RES100mN3336100E4391900;1.000000;3.9221;karte;https://www.umweltkarten-niedersachsen.de/Download_OE/HWSchutz/HWRMRL_Z2_Risikogebiete_HQextrem.zip;https://www.umweltkarten-niedersachsen.de/Download_OE/HWSchutz/HWRMRL_Z2_Wassertiefen_HQextrem.zip;2026-09-17
Hitzacker;HQextrem;CRS3035RES100mN3336100E4392000;1.000000;3.5789;karte;https://www.umweltkarten-niedersachsen.de/Download_OE/HWSchutz/HWRMRL_Z2_Risikogebiete_HQextrem.zip;https://www.umweltkarten-niedersachsen.de/Download_OE/HWSchutz/HWRMRL_Z2_Wassertiefen_HQextrem.zip;2026-09-17
Hitzacker;HQextrem;CRS3035RES100mN3336100E4392100;1.000000;2.8213;karte;https://www.umweltkarten-niedersachsen.de/Download_OE/HWSchutz/HWRMRL_Z2_Risikogebiete_HQextrem.zip;https://www.umweltkarten-niedersachsen.de/Download_OE/HWSchutz/HWRMRL_Z2_Wassertiefen_HQextrem.zip;2026-09-17
Hitzacker;HQextrem;CRS3035RES100mN3336100E4392200;1.000000;3.4288;karte;https://www.umweltkarten-niedersachsen.de/Download_OE/HWSchutz/HWRMRL_Z2_Risikogebiete_HQextrem.zip;https://www.umweltkarten-niedersachsen.de/Download_OE/HWSchutz/HWRMRL_Z2_Wassertiefen_HQextrem.zip;2026-09-17
Hitzacker;HQextrem;CRS3035RES100mN3336100E4392300;1.000000;3.5000;karte;https://www.umweltkarten-niedersachsen.de/Download_OE/HWSchutz/HWRMRL_Z2_Risikogebiete_HQextrem.zip;https://www.umweltkarten-niedersachsen.de/Download_OE/HWSchutz/HWRMRL_Z2_Wassertiefen_HQextrem.zip;2026-09-17
Hitzacker;HQextrem;CRS3035RES100mN3336100E4392400;1.000000;3.5175;karte;https://www.umweltkarten-niedersachsen.de/Download_OE/HWSchutz/HWRMRL_Z2_Risikogebiete_HQextrem.zip;https://www.umweltkarten-niedersachsen.de/Download_OE/HWSchutz/HWRMRL_Z2_Wassertiefen_HQextrem.zip;2026-09-17
Hitzacker;HQextrem;CRS3035RES100mN3336100E4392500;1.000000;3.5000;karte;https://www.umweltkarten-niedersachsen.de/Download_OE/HWSchutz/HWRMRL_Z2_Risikogebiete_HQextrem.zip;https://www.umweltkarten-niedersachsen.de/Download_OE/HWSchutz/HWRMRL_Z2_Wassertiefen_HQextrem.zip;2026-09-17
Hitzacker;HQextrem;CRS3035RES100mN3336100E4392600;1.000000;3.1539;karte;https://www.umweltkarten-niedersachsen.de/Download_OE/HWSchutz/HWRMRL_Z2_Risikogebiete_HQextrem.zip;https://www.umweltkarten-niedersachsen.de/Download_OE/HWSchutz/HWRMRL_Z2_Wassertiefen_HQextrem.zip;2026-09-17
Hitzacker;HQextrem;CRS3035RES100mN3336100E4392700;1.000000;3.0501;karte;https://www.umweltkarten-niedersachsen.de/Download_OE/HWSchutz/HWRMRL_Z2_Risikogebiete_HQextrem.zip;https://www.umweltkarten-niedersachsen.de/Download_OE/HWSchutz/HWRMRL_Z2_Wassertiefen_HQextrem.zip;2026-09-17
Hitzacker;HQextrem;CRS3035RES100mN3336100E4392800;1.000000;3.0001;karte;https://www.umweltkarten-niedersachsen.de/Download_OE/HWSchutz/HWRMRL_Z2_Risikogebiete_HQextrem.zip;https://www.umweltkarten-niedersachsen.de/Download_OE/HWSchutz/HWRMRL_Z2_Wassertiefen_HQextrem.zip;2026-09-17
Hitzacker;HQextrem;CRS3035RES100mN3336100E4392900;1.000000;3.1341;karte;https://www.umweltkarten-niedersachsen.de/Download_OE/HWSchutz/HWRMRL_Z2_Risikogebiete_HQextrem.zip;https://www.umweltkarten-niedersachsen.de/Download_OE/HWSchutz/HWRMRL_Z2_Wassertiefen_HQextrem.zip;2026-09-17
Hitzacker;HQextrem;CRS3035RES100mN3336100E4393000;1.000000;3.0196;karte;https://www.umweltkarten-niedersachsen.de/Download_OE/HWSchutz/HWRMRL_Z2_Risikogebiete_HQextrem.zip;https://www.umweltkarten-niedersachsen.de/Download_OE/HWSchutz/HWRMRL_Z2_Wassertiefen_HQextrem.zip;2026-09-17
Hitzacker;HQextrem;CRS3035RES100mN3336100E4393100;1.000000;3.0000;karte;https://www.umweltkarten-niedersachsen.de/Download_OE/HWSchutz/HWRMRL_Z2_Risikogebiete_HQextrem.zip;https://www.umweltkarten-niedersachsen.de/Download_OE/HWSchutz/HWRMRL_Z2_Wassertiefen_HQextrem.zip;2026-09-17
Hitzacker;HQextrem;CRS3035RES100mN3336100E4393200;1.000000;3.0000;karte;https://www.umweltkarten-niedersachsen.de/Download_OE/HWSchutz/HWRMRL_Z2_Risikogebiete_HQextrem.zip;https://www.umweltkarten-niedersachsen.de/Download_OE/HWSchutz/HWRMRL_Z2_Wassertiefen_HQextrem.zip;2026-09-17
Hitzacker;HQextrem;CRS3035RES100mN3336100E4393300;1.000000;2.9137;karte;https://www.umweltkarten-niedersachsen.de/Download_OE/HWSchutz/HWRMRL_Z2_Risikogebiete_HQextrem.zip;https://www.umweltkarten-niedersachsen.de/Download_OE/HWSchutz/HWRMRL_Z2_Wassertiefen_HQextrem.zip;2026-09-17
Hitzacker;HQextrem;CRS3035RES100mN3336100E4393400;1.000000;1.6057;karte;https://www.umweltkarten-niedersachsen.de/Download_OE/HWSchutz/HWRMRL_Z2_Risikogebiete_HQextrem.zip;https://www.umweltkarten-niedersachsen.de/Download_OE/HWSchutz/HWRMRL_Z2_Wassertiefen_HQextrem.zip;2026-09-17
Hitzacker;HQextrem;CRS3035RES100mN3336100E4393500;1.000000;1.6706;karte;https://www.umweltkarten-niedersachsen.de/Download_OE/HWSchutz/HWRMRL_Z2_Risikogebiete_HQextrem.zip;https://www.umweltkarten-niedersachsen.de/Download_OE/HWSchutz/HWRMRL_Z2_Wassertiefen_HQextrem.zip;2026-09-17
Hitzacker;HQextrem;CRS3035RES100mN3336100E4393600;1.000000;3.2927;karte;https://www.umweltkarten-niedersachsen.de/Download_OE/HWSchutz/HWRMRL_Z2_Risikogebiete_HQextrem.zip;https://www.umweltkarten-niedersachsen.de/Download_OE/HWSchutz/HWRMRL_Z2_Wassertiefen_HQextrem.zip;2026-09-17
Hitzacker;HQextrem;CRS3035RES100mN3336100E4393700;1.000000;3.5000;karte;https://www.umweltkarten-niedersachsen.de/Download_OE/HWSchutz/HWRMRL_Z2_Risikogebiete_HQextrem.zip;https://www.umweltkarten-niedersachsen.de/Download_OE/HWSchutz/HWRMRL_Z2_Wassertiefen_HQextrem.zip;2026-09-17
Hitzacker;HQextrem;CRS3035RES100mN3336100E4393800;1.000000;3.5000;karte;https://www.umweltkarten-niedersachsen.de/Download_OE/HWSchutz/HWRMRL_Z2_Risikogebiete_HQextrem.zip;https://www.umweltkarten-niedersachsen.de/Download_OE/HWSchutz/HWRMRL_Z2_Wassertiefen_HQextrem.zip;2026-09-17
Hitzacker;HQextrem;CRS3035RES100mN3336100E4393900;1.000000;3.4700;karte;https://www.umweltkarten-niedersachsen.de/Download_OE/HWSchutz/HWRMRL_Z2_Risikogebiete_HQextrem.zip;https://www.umweltkarten-niedersachsen.de/Download_OE/HWSchutz/HWRMRL_Z2_Wassertiefen_HQextrem.zip;2026-09-17
Hitzacker;HQextrem;CRS3035RES100mN3336100E4394000;1.000000;3.4779;karte;https://www.umweltkarten-niedersachsen.de/Download_OE/HWSchutz/HWRMRL_Z2_Risikogebiete_HQextrem.zip;https://www.umweltkarten-niedersachsen.de/Download_OE/HWSchutz/HWRMRL_Z2_Wassertiefen_HQextrem.zip;2026-09-17
Hitzacker;HQextrem;CRS3035RES100mN3336100E4394100;1.000000;3.2595;karte;https://www.umweltkarten-niedersachsen.de/Download_OE/HWSchutz/HWRMRL_Z2_Risikogebiete_HQextrem.zip;https://www.umweltkarten-niedersachsen.de/Download_OE/HWSchutz/HWRMRL_Z2_Wassertiefen_HQextrem.zip;2026-09-17
Hitzacker;HQextrem;CRS3035RES100mN3336200E4391100;1.000000;0.3247;karte;https://www.umweltkarten-niedersachsen.de/Download_OE/HWSchutz/HWRMRL_Z2_Risikogebiete_HQextrem.zip;https://www.umweltkarten-niedersachsen.de/Download_OE/HWSchutz/HWRMRL_Z2_Wassertiefen_HQextrem.zip;2026-09-17
Hitzacker;HQextrem;CRS3035RES100mN3336200E4391200;1.000000;0.9594;karte;https://www.umweltkarten-niedersachsen.de/Download_OE/HWSchutz/HWRMRL_Z2_Risikogebiete_HQextrem.zip;https://www.umweltkarten-niedersachsen.de/Download_OE/HWSchutz/HWRMRL_Z2_Wassertiefen_HQextrem.zip;2026-09-17
Hitzacker;HQextrem;CRS3035RES100mN3336200E4391300;1.000000;1.2181;karte;https://www.umweltkarten-niedersachsen.de/Download_OE/HWSchutz/HWRMRL_Z2_Risikogebiete_HQextrem.zip;https://www.umweltkarten-niedersachsen.de/Download_OE/HWSchutz/HWRMRL_Z2_Wassertiefen_HQextrem.zip;2026-09-17
Hitzacker;HQextrem;CRS3035RES100mN3336200E4391400;1.000000;2.5654;karte;https://www.umweltkarten-niedersachsen.de/Download_OE/HWSchutz/HWRMRL_Z2_Risikogebiete_HQextrem.zip;https://www.umweltkarten-niedersachsen.de/Download_OE/HWSchutz/HWRMRL_Z2_Wassertiefen_HQextrem.zip;2026-09-17
Hitzacker;HQextrem;CRS3035RES100mN3336200E4391500;1.000000;3.1877;karte;https://www.umweltkarten-niedersachsen.de/Download_OE/HWSchutz/HWRMRL_Z2_Risikogebiete_HQextrem.zip;https://www.umweltkarten-niedersachsen.de/Download_OE/HWSchutz/HWRMRL_Z2_Wassertiefen_HQextrem.zip;2026-09-17
Hitzacker;HQextrem;CRS3035RES100mN3336200E4391600;1.000000;3.4526;karte;https://www.umweltkarten-niedersachsen.de/Download_OE/HWSchutz/HWRMRL_Z2_Risikogebiete_HQextrem.zip;https://www.umweltkarten-niedersachsen.de/Download_OE/HWSchutz/HWRMRL_Z2_Wassertiefen_HQextrem.zip;2026-09-17
Hitzacker;HQextrem;CRS3035RES100mN3336200E4391700;1.000000;3.7094;karte;https://www.umweltkarten-niedersachsen.de/Download_OE/HWSchutz/HWRMRL_Z2_Risikogebiete_HQextrem.zip;https://www.umweltkarten-niedersachsen.de/Download_OE/HWSchutz/HWRMRL_Z2_Wassertiefen_HQextrem.zip;2026-09-17
Hitzacker;HQextrem;CRS3035RES100mN3336200E4391800;1.000000;3.9059;karte;https://www.umweltkarten-niedersachsen.de/Download_OE/HWSchutz/HWRMRL_Z2_Risikogebiete_HQextrem.zip;https://www.umweltkarten-niedersachsen.de/Download_OE/HWSchutz/HWRMRL_Z2_Wassertiefen_HQextrem.zip;2026-09-17
Hitzacker;HQextrem;CRS3035RES100mN3336200E4391900;1.000000;3.9349;karte;https://www.umweltkarten-niedersachsen.de/Download_OE/HWSchutz/HWRMRL_Z2_Risikogebiete_HQextrem.zip;https://www.umweltkarten-niedersachsen.de/Download_OE/HWSchutz/HWRMRL_Z2_Wassertiefen_HQextrem.zip;2026-09-17
Hitzacker;HQextrem;CRS3035RES100mN3336200E4392000;1.000000;3.1689;karte;https://www.umweltkarten-niedersachsen.de/Download_OE/HWSchutz/HWRMRL_Z2_Risikogebiete_HQextrem.zip;https://www.umweltkarten-niedersachsen.de/Download_OE/HWSchutz/HWRMRL_Z2_Wassertiefen_HQextrem.zip;2026-09-17
Hitzacker;HQextrem;CRS3035RES100mN3336200E4392100;1.000000;3.2811;karte;https://www.umweltkarten-niedersachsen.de/Download_OE/HWSchutz/HWRMRL_Z2_Risikogebiete_HQextrem.zip;https://www.umweltkarten-niedersachsen.de/Download_OE/HWSchutz/HWRMRL_Z2_Wassertiefen_HQextrem.zip;2026-09-17
Hitzacker;HQextrem;CRS3035RES100mN3336200E4392200;1.000000;3.5019;karte;https://www.umweltkarten-niedersachsen.de/Download_OE/HWSchutz/HWRMRL_Z2_Risikogebiete_HQextrem.zip;https://www.umweltkarten-niedersachsen.de/Download_OE/HWSchutz/HWRMRL_Z2_Wassertiefen_HQextrem.zip;2026-09-17
Hitzacker;HQextrem;CRS3035RES100mN3336200E4392300;1.000000;3.5042;karte;https://www.umweltkarten-niedersachsen.de/Download_OE/HWSchutz/HWRMRL_Z2_Risikogebiete_HQextrem.zip;https://www.umweltkarten-niedersachsen.de/Download_OE/HWSchutz/HWRMRL_Z2_Wassertiefen_HQextrem.zip;2026-09-17
Hitzacker;HQextrem;CRS3035RES100mN3336200E4392400;1.000000;3.5038;karte;https://www.umweltkarten-niedersachsen.de/Download_OE/HWSchutz/HWRMRL_Z2_Risikogebiete_HQextrem.zip;https://www.umweltkarten-niedersachsen.de/Download_OE/HWSchutz/HWRMRL_Z2_Wassertiefen_HQextrem.zip;2026-09-17
Hitzacker;HQextrem;CRS3035RES100mN3336200E4392500;1.000000;3.5000;karte;https://www.umweltkarten-niedersachsen.de/Download_OE/HWSchutz/HWRMRL_Z2_Risikogebiete_HQextrem.zip;https://www.umweltkarten-niedersachsen.de/Download_OE/HWSchutz/HWRMRL_Z2_Wassertiefen_HQextrem.zip;2026-09-17
Hitzacker;HQextrem;CRS3035RES100mN3336200E4392600;1.000000;3.0946;karte;https://www.umweltkarten-niedersachsen.de/Download_OE/HWSchutz/HWRMRL_Z2_Risikogebiete_HQextrem.zip;https://www.umweltkarten-niedersachsen.de/Download_OE/HWSchutz/HWRMRL_Z2_Wassertiefen_HQextrem.zip;2026-09-17
Hitzacker;HQextrem;CRS3035RES100mN3336200E4392700;1.000000;3.0000;karte;https://www.umweltkarten-niedersachsen.de/Download_OE/HWSchutz/HWRMRL_Z2_Risikogebiete_HQextrem.zip;https://www.umweltkarten-niedersachsen.de/Download_OE/HWSchutz/HWRMRL_Z2_Wassertiefen_HQextrem.zip;2026-09-17
Hitzacker;HQextrem;CRS3035RES100mN3336200E4392800;1.000000;3.0105;karte;https://www.umweltkarten-niedersachsen.de/Download_OE/HWSchutz/HWRMRL_Z2_Risikogebiete_HQextrem.zip;https://www.umweltkarten-niedersachsen.de/Download_OE/HWSchutz/HWRMRL_Z2_Wassertiefen_HQextrem.zip;2026-09-17
Hitzacker;HQextrem;CRS3035RES100mN3336200E4392900;1.000000;3.1213;karte;https://www.umweltkarten-niedersachsen.de/Download_OE/HWSchutz/HWRMRL_Z2_Risikogebiete_HQextrem.zip;https://www.umweltkarten-niedersachsen.de/Download_OE/HWSchutz/HWRMRL_Z2_Wassertiefen_HQextrem.zip;2026-09-17
Hitzacker;HQextrem;CRS3035RES100mN3336200E4393000;1.000000;3.0030;karte;https://www.umweltkarten-niedersachsen.de/Download_OE/HWSchutz/HWRMRL_Z2_Risikogebiete_HQextrem.zip;https://www.umweltkarten-niedersachsen.de/Download_OE/HWSchutz/HWRMRL_Z2_Wassertiefen_HQextrem.zip;2026-09-17
Hitzacker;HQextrem;CRS3035RES100mN3336200E4393100;1.000000;3.0871;karte;https://www.umweltkarten-niedersachsen.de/Download_OE/HWSchutz/HWRMRL_Z2_Risikogebiete_HQextrem.zip;https://www.umweltkarten-niedersachsen.de/Download_OE/HWSchutz/HWRMRL_Z2_Wassertiefen_HQextrem.zip;2026-09-17
Hitzacker;HQextrem;CRS3035RES100mN3336200E4393200;1.000000;3.1752;karte;https://www.umweltkarten-niedersachsen.de/Download_OE/HWSchutz/HWRMRL_Z2_Risikogebiete_HQextrem.zip;https://www.umweltkarten-niedersachsen.de/Download_OE/HWSchutz/HWRMRL_Z2_Wassertiefen_HQextrem.zip;2026-09-17
Hitzacker;HQextrem;CRS3035RES100mN3336200E4393300;1.000000;3.1205;karte;https://www.umweltkarten-niedersachsen.de/Download_OE/HWSchutz/HWRMRL_Z2_Risikogebiete_HQextrem.zip;https://www.umweltkarten-niedersachsen.de/Download_OE/HWSchutz/HWRMRL_Z2_Wassertiefen_HQextrem.zip;2026-09-17
Hitzacker;HQextrem;CRS3035RES100mN3336200E4393400;1.000000;3.0241;karte;https://www.umweltkarten-niedersachsen.de/Download_OE/HWSchutz/HWRMRL_Z2_Risikogebiete_HQextrem.zip;https://www.umweltkarten-niedersachsen.de/Download_OE/HWSchutz/HWRMRL_Z2_Wassertiefen_HQextrem.zip;2026-09-17
Hitzacker;HQextrem;CRS3035RES100mN3336200E4393500;1.000000;3.3665;karte;https://www.umweltkarten-niedersachsen.de/Download_OE/HWSchutz/HWRMRL_Z2_Risikogebiete_HQextrem.zip;https://www.umweltkarten-niedersachsen.de/Download_OE/HWSchutz/HWRMRL_Z2_Wassertiefen_HQextrem.zip;2026-09-17
Hitzacker;HQextrem;CRS3035RES100mN3336200E4393600;1.000000;3.5000;karte;https://www.umweltkarten-niedersachsen.de/Download_OE/HWSchutz/HWRMRL_Z2_Risikogebiete_HQextrem.zip;https://www.umweltkarten-niedersachsen.de/Download_OE/HWSchutz/HWRMRL_Z2_Wassertiefen_HQextrem.zip;2026-09-17
Hitzacker;HQextrem;CRS3035RES100mN3336200E4393700;1.000000;3.5000;karte;https://www.umweltkarten-niedersachsen.de/Download_OE/HWSchutz/HWRMRL_Z2_Risikogebiete_HQextrem.zip;https://www.umweltkarten-niedersachsen.de/Download_OE/HWSchutz/HWRMRL_Z2_Wassertiefen_HQextrem.zip;2026-09-17
Hitzacker;HQextrem;CRS3035RES100mN3336200E4393800;1.000000;3.5000;karte;https://www.umweltkarten-niedersachsen.de/Download_OE/HWSchutz/HWRMRL_Z2_Risikogebiete_HQextrem.zip;https://www.umweltkarten-niedersachsen.de/Download_OE/HWSchutz/HWRMRL_Z2_Wassertiefen_HQextrem.zip;2026-09-17
Hitzacker;HQextrem;CRS3035RES100mN3336200E4393900;1.000000;3.5000;karte;https://www.umweltkarten-niedersachsen.de/Download_OE/HWSchutz/HWRMRL_Z2_Risikogebiete_HQextrem.zip;https://www.umweltkarten-niedersachsen.de/Download_OE/HWSchutz/HWRMRL_Z2_Wassertiefen_HQextrem.zip;2026-09-17
Hitzacker;HQextrem;CRS3035RES100mN3336200E4394000;1.000000;3.4800;karte;https://www.umweltkarten-niedersachsen.de/Download_OE/HWSchutz/HWRMRL_Z2_Risikogebiete_HQextrem.zip;https://www.umweltkarten-niedersachsen.de/Download_OE/HWSchutz/HWRMRL_Z2_Wassertiefen_HQextrem.zip;2026-09-17
Hitzacker;HQextrem;CRS3035RES100mN3336200E4394100;1.000000;3.4791;karte;https://www.umweltkarten-niedersachsen.de/Download_OE/HWSchutz/HWRMRL_Z2_Risikogebiete_HQextrem.zip;https://www.umweltkarten-niedersachsen.de/Download_OE/HWSchutz/HWRMRL_Z2_Wassertiefen_HQextrem.zip;2026-09-17
Hitzacker;HQextrem;CRS3035RES100mN3336300E4391100;1.000000;0.4785;karte;https://www.umweltkarten-niedersachsen.de/Download_OE/HWSchutz/HWRMRL_Z2_Risikogebiete_HQextrem.zip;https://www.umweltkarten-niedersachsen.de/Download_OE/HWSchutz/HWRMRL_Z2_Wassertiefen_HQextrem.zip;2026-09-17
Hitzacker;HQextrem;CRS3035RES100mN3336300E4391200;1.000000;0.8923;karte;https://www.umweltkarten-niedersachsen.de/Download_OE/HWSchutz/HWRMRL_Z2_Risikogebiete_HQextrem.zip;https://www.umweltkarten-niedersachsen.de/Download_OE/HWSchutz/HWRMRL_Z2_Wassertiefen_HQextrem.zip;2026-09-17
Hitzacker;HQextrem;CRS3035RES100mN3336300E4391300;1.000000;2.2168;karte;https://www.umweltkarten-niedersachsen.de/Download_OE/HWSchutz/HWRMRL_Z2_Risikogebiete_HQextrem.zip;https://www.umweltkarten-niedersachsen.de/Download_OE/HWSchutz/HWRMRL_Z2_Wassertiefen_HQextrem.zip;2026-09-17
Hitzacker;HQextrem;CRS3035RES100mN3336300E4391400;1.000000;2.8832;karte;https://www.umweltkarten-niedersachsen.de/Download_OE/HWSchutz/HWRMRL_Z2_Risikogebiete_HQextrem.zip;https://www.umweltkarten-niedersachsen.de/Download_OE/HWSchutz/HWRMRL_Z2_Wassertiefen_HQextrem.zip;2026-09-17
Hitzacker;HQextrem;CRS3035RES100mN3336300E4391500;1.000000;3.4500;karte;https://www.umweltkarten-niedersachsen.de/Download_OE/HWSchutz/HWRMRL_Z2_Risikogebiete_HQextrem.zip;https://www.umweltkarten-niedersachsen.de/Download_OE/HWSchutz/HWRMRL_Z2_Wassertiefen_HQextrem.zip;2026-09-17
Hitzacker;HQextrem;CRS3035RES100mN3336300E4391600;1.000000;3.5000;karte;https://www.umweltkarten-niedersachsen.de/Download_OE/HWSchutz/HWRMRL_Z2_Risikogebiete_HQextrem.zip;https://www.umweltkarten-niedersachsen.de/Download_OE/HWSchutz/HWRMRL_Z2_Wassertiefen_HQextrem.zip;2026-09-17
Hitzacker;HQextrem;CRS3035RES100mN3336300E4391700;1.000000;3.6098;karte;https://www.umweltkarten-niedersachsen.de/Download_OE/HWSchutz/HWRMRL_Z2_Risikogebiete_HQextrem.zip;https://www.umweltkarten-niedersachsen.de/Download_OE/HWSchutz/HWRMRL_Z2_Wassertiefen_HQextrem.zip;2026-09-17
Hitzacker;HQextrem;CRS3035RES100mN3336300E4391800;1.000000;4.0000;karte;https://www.umweltkarten-niedersachsen.de/Download_OE/HWSchutz/HWRMRL_Z2_Risikogebiete_HQextrem.zip;https://www.umweltkarten-niedersachsen.de/Download_OE/HWSchutz/HWRMRL_Z2_Wassertiefen_HQextrem.zip;2026-09-17
Hitzacker;HQextrem;CRS3035RES100mN3336300E4391900;1.000000;3.7228;karte;https://www.umweltkarten-niedersachsen.de/Download_OE/HWSchutz/HWRMRL_Z2_Risikogebiete_HQextrem.zip;https://www.umweltkarten-niedersachsen.de/Download_OE/HWSchutz/HWRMRL_Z2_Wassertiefen_HQextrem.zip;2026-09-17
Hitzacker;HQextrem;CRS3035RES100mN3336300E4392000;1.000000;2.9131;karte;https://www.umweltkarten-niedersachsen.de/Download_OE/HWSchutz/HWRMRL_Z2_Risikogebiete_HQextrem.zip;https://www.umweltkarten-niedersachsen.de/Download_OE/HWSchutz/HWRMRL_Z2_Wassertiefen_HQextrem.zip;2026-09-17
Hitzacker;HQextrem;CRS3035RES100mN3336300E4392100;1.000000;3.6153;karte;https://www.umweltkarten-niedersachsen.de/Download_OE/HWSchutz/HWRMRL_Z2_Risikogebiete_HQextrem.zip;https://www.umweltkarten-niedersachsen.de/Download_OE/HWSchutz/HWRMRL_Z2_Wassertiefen_HQextrem.zip;2026-09-17
Hitzacker;HQextrem;CRS3035RES100mN3336300E4392200;1.000000;3.6281;karte;https://www.umweltkarten-niedersachsen.de/Download_OE/HWSchutz/HWRMRL_Z2_Risikogebiete_HQextrem.zip;https://www.umweltkarten-niedersachsen.de/Download_OE/HWSchutz/HWRMRL_Z2_Wassertiefen_HQextrem.zip;2026-09-17
Hitzacker;HQextrem;CRS3035RES100mN3336300E4392300;1.000000;3.5587;karte;https://www.umweltkarten-niedersachsen.de/Download_OE/HWSchutz/HWRMRL_Z2_Risikogebiete_HQextrem.zip;https://www.umweltkarten-niedersachsen.de/Download_OE/HWSchutz/HWRMRL_Z2_Wassertiefen_HQextrem.zip;2026-09-17
Hitzacker;HQextrem;CRS3035RES100mN3336300E4392400;1.000000;3.5419;karte;https://www.umweltkarten-niedersachsen.de/Download_OE/HWSchutz/HWRMRL_Z2_Risikogebiete_HQextrem.zip;https://www.umweltkarten-niedersachsen.de/Download_OE/HWSchutz/HWRMRL_Z2_Wassertiefen_HQextrem.zip;2026-09-17
Hitzacker;HQextrem;CRS3035RES100mN3336300E4392500;1.000000;3.4408;karte;https://www.umweltkarten-niedersachsen.de/Download_OE/HWSchutz/HWRMRL_Z2_Risikogebiete_HQextrem.zip;https://www.umweltkarten-niedersachsen.de/Download_OE/HWSchutz/HWRMRL_Z2_Wassertiefen_HQextrem.zip;2026-09-17
Hitzacker;HQextrem;CRS3035RES100mN3336300E4392600;1.000000;3.0135;karte;https://www.umweltkarten-niedersachsen.de/Download_OE/HWSchutz/HWRMRL_Z2_Risikogebiete_HQextrem.zip;https://www.umweltkarten-niedersachsen.de/Download_OE/HWSchutz/HWRMRL_Z2_Wassertiefen_HQextrem.zip;2026-09-17
Hitzacker;HQextrem;CRS3035RES100mN3336300E4392700;1.000000;3.0000;karte;https://www.umweltkarten-niedersachsen.de/Download_OE/HWSchutz/HWRMRL_Z2_Risikogebiete_HQextrem.zip;https://www.umweltkarten-niedersachsen.de/Download_OE/HWSchutz/HWRMRL_Z2_Wassertiefen_HQextrem.zip;2026-09-17
Hitzacker;HQextrem;CRS3035RES100mN3336300E4392800;1.000000;3.0000;karte;https://www.umweltkarten-niedersachsen.de/Download_OE/HWSchutz/HWRMRL_Z2_Risikogebiete_HQextrem.zip;https://www.umweltkarten-niedersachsen.de/Download_OE/HWSchutz/HWRMRL_Z2_Wassertiefen_HQextrem.zip;2026-09-17
Hitzacker;HQextrem;CRS3035RES100mN3336300E4392900;1.000000;3.0000;karte;https://www.umweltkarten-niedersachsen.de/Download_OE/HWSchutz/HWRMRL_Z2_Risikogebiete_HQextrem.zip;https://www.umweltkarten-niedersachsen.de/Download_OE/HWSchutz/HWRMRL_Z2_Wassertiefen_HQextrem.zip;2026-09-17
Hitzacker;HQextrem;CRS3035RES100mN3336300E4393000;1.000000;3.1826;karte;https://www.umweltkarten-niedersachsen.de/Download_OE/HWSchutz/HWRMRL_Z2_Risikogebiete_HQextrem.zip;https://www.umweltkarten-niedersachsen.de/Download_OE/HWSchutz/HWRMRL_Z2_Wassertiefen_HQextrem.zip;2026-09-17
Hitzacker;HQextrem;CRS3035RES100mN3336300E4393100;1.000000;3.4992;karte;https://www.umweltkarten-niedersachsen.de/Download_OE/HWSchutz/HWRMRL_Z2_Risikogebiete_HQextrem.zip;https://www.umweltkarten-niedersachsen.de/Download_OE/HWSchutz/HWRMRL_Z2_Wassertiefen_HQextrem.zip;2026-09-17
Hitzacker;HQextrem;CRS3035RES100mN3336300E4393200;1.000000;3.4340;karte;https://www.umweltkarten-niedersachsen.de/Download_OE/HWSchutz/HWRMRL_Z2_Risikogebiete_HQextrem.zip;https://www.umweltkarten-niedersachsen.de/Download_OE/HWSchutz/HWRMRL_Z2_Wassertiefen_HQextrem.zip;2026-09-17
Hitzacker;HQextrem;CRS3035RES100mN3336300E4393300;1.000000;3.4872;karte;https://www.umweltkarten-niedersachsen.de/Download_OE/HWSchutz/HWRMRL_Z2_Risikogebiete_HQextrem.zip;https://www.umweltkarten-niedersachsen.de/Download_OE/HWSchutz/HWRMRL_Z2_Wassertiefen_HQextrem.zip;2026-09-17
Hitzacker;HQextrem;CRS3035RES100mN3336300E4393400;1.000000;3.5000;karte;https://www.umweltkarten-niedersachsen.de/Download_OE/HWSchutz/HWRMRL_Z2_Risikogebiete_HQextrem.zip;https://www.umweltkarten-niedersachsen.de/Download_OE/HWSchutz/HWRMRL_Z2_Wassertiefen_HQextrem.zip;2026-09-17
Hitzacker;HQextrem;CRS3035RES100mN3336300E4393500;1.000000;3.4547;karte;https://www.umweltkarten-niedersachsen.de/Download_OE/HWSchutz/HWRMRL_Z2_Risikogebiete_HQextrem.zip;https://www.umweltkarten-niedersachsen.de/Download_OE/HWSchutz/HWRMRL_Z2_Wassertiefen_HQextrem.zip;2026-09-17
Hitzacker;HQextrem;CRS3035RES100mN3336300E4393600;1.000000;3.3727;karte;https://www.umweltkarten-niedersachsen.de/Download_OE/HWSchutz/HWRMRL_Z2_Risikogebiete_HQextrem.zip;https://www.umweltkarten-niedersachsen.de/Download_OE/HWSchutz/HWRMRL_Z2_Wassertiefen_HQextrem.zip;2026-09-17
Hitzacker;HQextrem;CRS3035RES100mN3336300E4393700;1.000000;3.1015;karte;https://www.umweltkarten-niedersachsen.de/Download_OE/HWSchutz/HWRMRL_Z2_Risikogebiete_HQextrem.zip;https://www.umweltkarten-niedersachsen.de/Download_OE/HWSchutz/HWRMRL_Z2_Wassertiefen_HQextrem.zip;2026-09-17
Hitzacker;HQextrem;CRS3035RES100mN3336300E4393800;1.000000;3.3856;karte;https://www.umweltkarten-niedersachsen.de/Download_OE/HWSchutz/HWRMRL_Z2_Risikogebiete_HQextrem.zip;https://www.umweltkarten-niedersachsen.de/Download_OE/HWSchutz/HWRMRL_Z2_Wassertiefen_HQextrem.zip;2026-09-17
Hitzacker;HQextrem;CRS3035RES100mN3336300E4393900;1.000000;3.1652;karte;https://www.umweltkarten-niedersachsen.de/Download_OE/HWSchutz/HWRMRL_Z2_Risikogebiete_HQextrem.zip;https://www.umweltkarten-niedersachsen.de/Download_OE/HWSchutz/HWRMRL_Z2_Wassertiefen_HQextrem.zip;2026-09-17
Hitzacker;HQextrem;CRS3035RES100mN3336300E4394000;1.000000;3.1185;karte;https://www.umweltkarten-niedersachsen.de/Download_OE/HWSchutz/HWRMRL_Z2_Risikogebiete_HQextrem.zip;https://www.umweltkarten-niedersachsen.de/Download_OE/HWSchutz/HWRMRL_Z2_Wassertiefen_HQextrem.zip;2026-09-17
Hitzacker;HQextrem;CRS3035RES100mN3336300E4394100;1.000000;3.3427;karte;https://www.umweltkarten-niedersachsen.de/Download_OE/HWSchutz/HWRMRL_Z2_Risikogebiete_HQextrem.zip;https://www.umweltkarten-niedersachsen.de/Download_OE/HWSchutz/HWRMRL_Z2_Wassertiefen_HQextrem.zip;2026-09-17
Hitzacker;HQextrem;CRS3035RES100mN3336400E4391000;0.037607;0.2500;karte;https://www.umweltkarten-niedersachsen.de/Download_OE/HWSchutz/HWRMRL_Z2_Risikogebiete_HQextrem.zip;https://www.umweltkarten-niedersachsen.de/Download_OE/HWSchutz/HWRMRL_Z2_Wassertiefen_HQextrem.zip;2026-09-17
Hitzacker;HQextrem;CRS3035RES100mN3336400E4391100;1.000000;0.4985;karte;https://www.umweltkarten-niedersachsen.de/Download_OE/HWSchutz/HWRMRL_Z2_Risikogebiete_HQextrem.zip;https://www.umweltkarten-niedersachsen.de/Download_OE/HWSchutz/HWRMRL_Z2_Wassertiefen_HQextrem.zip;2026-09-17
Hitzacker;HQextrem;CRS3035RES100mN3336400E4391200;1.000000;1.9453;karte;https://www.umweltkarten-niedersachsen.de/Download_OE/HWSchutz/HWRMRL_Z2_Risikogebiete_HQextrem.zip;https://www.umweltkarten-niedersachsen.de/Download_OE/HWSchutz/HWRMRL_Z2_Wassertiefen_HQextrem.zip;2026-09-17
Hitzacker;HQextrem;CRS3035RES100mN3336400E4391300;1.000000;2.8225;karte;https://www.umweltkarten-niedersachsen.de/Download_OE/HWSchutz/HWRMRL_Z2_Risikogebiete_HQextrem.zip;https://www.umweltkarten-niedersachsen.de/Download_OE/HWSchutz/HWRMRL_Z2_Wassertiefen_HQextrem.zip;2026-09-17
Hitzacker;HQextrem;CRS3035RES100mN3336400E4391400;1.000000;3.1818;karte;https://www.umweltkarten-niedersachsen.de/Download_OE/HWSchutz/HWRMRL_Z2_Risikogebiete_HQextrem.zip;https://www.umweltkarten-niedersachsen.de/Download_OE/HWSchutz/HWRMRL_Z2_Wassertiefen_HQextrem.zip;2026-09-17
Hitzacker;HQextrem;CRS3035RES100mN3336400E4391500;1.000000;3.5000;karte;https://www.umweltkarten-niedersachsen.de/Download_OE/HWSchutz/HWRMRL_Z2_Risikogebiete_HQextrem.zip;https://www.umweltkarten-niedersachsen.de/Download_OE/HWSchutz/HWRMRL_Z2_Wassertiefen_HQextrem.zip;2026-09-17
Hitzacker;HQextrem;CRS3035RES100mN3336400E4391600;1.000000;3.5761;karte;https://www.umweltkarten-niedersachsen.de/Download_OE/HWSchutz/HWRMRL_Z2_Risikogebiete_HQextrem.zip;https://www.umweltkarten-niedersachsen.de/Download_OE/HWSchutz/HWRMRL_Z2_Wassertiefen_HQextrem.zip;2026-09-17
Hitzacker;HQextrem;CRS3035RES100mN3336400E4391700;1.000000;3.7595;karte;https://www.umweltkarten-niedersachsen.de/Download_OE/HWSchutz/HWRMRL_Z2_Risikogebiete_HQextrem.zip;https://www.umweltkarten-niedersachsen.de/Download_OE/HWSchutz/HWRMRL_Z2_Wassertiefen_HQextrem.zip;2026-09-17
Hitzacker;HQextrem;CRS3035RES100mN3336400E4391800;1.000000;4.0000;karte;https://www.umweltkarten-niedersachsen.de/Download_OE/HWSchutz/HWRMRL_Z2_Risikogebiete_HQextrem.zip;https://www.umweltkarten-niedersachsen.de/Download_OE/HWSchutz/HWRMRL_Z2_Wassertiefen_HQextrem.zip;2026-09-17
Hitzacker;HQextrem;CRS3035RES100mN3336400E4391900;1.000000;3.7049;karte;https://www.umweltkarten-niedersachsen.de/Download_OE/HWSchutz/HWRMRL_Z2_Risikogebiete_HQextrem.zip;https://www.umweltkarten-niedersachsen.de/Download_OE/HWSchutz/HWRMRL_Z2_Wassertiefen_HQextrem.zip;2026-09-17
Hitzacker;HQextrem;CRS3035RES100mN3336400E4392000;1.000000;2.8316;karte;https://www.umweltkarten-niedersachsen.de/Download_OE/HWSchutz/HWRMRL_Z2_Risikogebiete_HQextrem.zip;https://www.umweltkarten-niedersachsen.de/Download_OE/HWSchutz/HWRMRL_Z2_Wassertiefen_HQextrem.zip;2026-09-17
Hitzacker;HQextrem;CRS3035RES100mN3336400E4392100;1.000000;3.5000;karte;https://www.umweltkarten-niedersachsen.de/Download_OE/HWSchutz/HWRMRL_Z2_Risikogebiete_HQextrem.zip;https://www.umweltkarten-niedersachsen.de/Download_OE/HWSchutz/HWRMRL_Z2_Wassertiefen_HQextrem.zip;2026-09-17
Hitzacker;HQextrem;CRS3035RES100mN3336400E4392200;1.000000;3.5000;karte;https://www.umweltkarten-niedersachsen.de/Download_OE/HWSchutz/HWRMRL_Z2_Risikogebiete_HQextrem.zip;https://www.umweltkarten-niedersachsen.de/Download_OE/HWSchutz/HWRMRL_Z2_Wassertiefen_HQextrem.zip;2026-09-17
Hitzacker;HQextrem;CRS3035RES100mN3336400E4392300;1.000000;3.5000;karte;https://www.umweltkarten-niedersachsen.de/Download_OE/HWSchutz/HWRMRL_Z2_Risikogebiete_HQextrem.zip;https://www.umweltkarten-niedersachsen.de/Download_OE/HWSchutz/HWRMRL_Z2_Wassertiefen_HQextrem.zip;2026-09-17
Hitzacker;HQextrem;CRS3035RES100mN3336400E4392400;1.000000;3.5000;karte;https://www.umweltkarten-niedersachsen.de/Download_OE/HWSchutz/HWRMRL_Z2_Risikogebiete_HQextrem.zip;https://www.umweltkarten-niedersachsen.de/Download_OE/HWSchutz/HWRMRL_Z2_Wassertiefen_HQextrem.zip;2026-09-17
Hitzacker;HQextrem;CRS3035RES100mN3336400E4392500;1.000000;3.2508;karte;https://www.umweltkarten-niedersachsen.de/Download_OE/HWSchutz/HWRMRL_Z2_Risikogebiete_HQextrem.zip;https://www.umweltkarten-niedersachsen.de/Download_OE/HWSchutz/HWRMRL_Z2_Wassertiefen_HQextrem.zip;2026-09-17
Hitzacker;HQextrem;CRS3035RES100mN3336400E4392600;1.000000;3.0000;karte;https://www.umweltkarten-niedersachsen.de/Download_OE/HWSchutz/HWRMRL_Z2_Risikogebiete_HQextrem.zip;https://www.umweltkarten-niedersachsen.de/Download_OE/HWSchutz/HWRMRL_Z2_Wassertiefen_HQextrem.zip;2026-09-17
Hitzacker;HQextrem;CRS3035RES100mN3336400E4392700;1.000000;3.0000;karte;https://www.umweltkarten-niedersachsen.de/Download_OE/HWSchutz/HWRMRL_Z2_Risikogebiete_HQextrem.zip;https://www.umweltkarten-niedersachsen.de/Download_OE/HWSchutz/HWRMRL_Z2_Wassertiefen_HQextrem.zip;2026-09-17
Hitzacker;HQextrem;CRS3035RES100mN3336400E4392800;1.000000;3.0000;karte;https://www.umweltkarten-niedersachsen.de/Download_OE/HWSchutz/HWRMRL_Z2_Risikogebiete_HQextrem.zip;https://www.umweltkarten-niedersachsen.de/Download_OE/HWSchutz/HWRMRL_Z2_Wassertiefen_HQextrem.zip;2026-09-17
Hitzacker;HQextrem;CRS3035RES100mN3336400E4392900;1.000000;3.2010;karte;https://www.umweltkarten-niedersachsen.de/Download_OE/HWSchutz/HWRMRL_Z2_Risikogebiete_HQextrem.zip;https://www.umweltkarten-niedersachsen.de/Download_OE/HWSchutz/HWRMRL_Z2_Wassertiefen_HQextrem.zip;2026-09-17
Hitzacker;HQextrem;CRS3035RES100mN3336400E4393000;1.000000;3.4906;karte;https://www.umweltkarten-niedersachsen.de/Download_OE/HWSchutz/HWRMRL_Z2_Risikogebiete_HQextrem.zip;https://www.umweltkarten-niedersachsen.de/Download_OE/HWSchutz/HWRMRL_Z2_Wassertiefen_HQextrem.zip;2026-09-17
Hitzacker;HQextrem;CRS3035RES100mN3336400E4393100;1.000000;3.5000;karte;https://www.umweltkarten-niedersachsen.de/Download_OE/HWSchutz/HWRMRL_Z2_Risikogebiete_HQextrem.zip;https://www.umweltkarten-niedersachsen.de/Download_OE/HWSchutz/HWRMRL_Z2_Wassertiefen_HQextrem.zip;2026-09-17
Hitzacker;HQextrem;CRS3035RES100mN3336400E4393200;1.000000;3.4621;karte;https://www.umweltkarten-niedersachsen.de/Download_OE/HWSchutz/HWRMRL_Z2_Risikogebiete_HQextrem.zip;https://www.umweltkarten-niedersachsen.de/Download_OE/HWSchutz/HWRMRL_Z2_Wassertiefen_HQextrem.zip;2026-09-17
Hitzacker;HQextrem;CRS3035RES100mN3336400E4393300;1.000000;3.4991;karte;https://www.umweltkarten-niedersachsen.de/Download_OE/HWSchutz/HWRMRL_Z2_Risikogebiete_HQextrem.zip;https://www.umweltkarten-niedersachsen.de/Download_OE/HWSchutz/HWRMRL_Z2_Wassertiefen_HQextrem.zip;2026-09-17
Hitzacker;HQextrem;CRS3035RES100mN3336400E4393400;1.000000;3.5000;karte;https://www.umweltkarten-niedersachsen.de/Download_OE/HWSchutz/HWRMRL_Z2_Risikogebiete_HQextrem.zip;https://www.umweltkarten-niedersachsen.de/Download_OE/HWSchutz/HWRMRL_Z2_Wassertiefen_HQextrem.zip;2026-09-17
Hitzacker;HQextrem;CRS3035RES100mN3336400E4393500;1.000000;3.2419;karte;https://www.umweltkarten-niedersachsen.de/Download_OE/HWSchutz/HWRMRL_Z2_Risikogebiete_HQextrem.zip;https://www.umweltkarten-niedersachsen.de/Download_OE/HWSchutz/HWRMRL_Z2_Wassertiefen_HQextrem.zip;2026-09-17
Hitzacker;HQextrem;CRS3035RES100mN3336400E4393600;1.000000;3.1938;karte;https://www.umweltkarten-niedersachsen.de/Download_OE/HWSchutz/HWRMRL_Z2_Risikogebiete_HQextrem.zip;https://www.umweltkarten-niedersachsen.de/Download_OE/HWSchutz/HWRMRL_Z2_Wassertiefen_HQextrem.zip;2026-09-17
Hitzacker;HQextrem;CRS3035RES100mN3336400E4393700;1.000000;3.2270;karte;https://www.umweltkarten-niedersachsen.de/Download_OE/HWSchutz/HWRMRL_Z2_Risikogebiete_HQextrem.zip;https://www.umweltkarten-niedersachsen.de/Download_OE/HWSchutz/HWRMRL_Z2_Wassertiefen_HQextrem.zip;2026-09-17
Hitzacker;HQextrem;CRS3035RES100mN3336400E4393800;1.000000;3.4399;karte;https://www.umweltkarten-niedersachsen.de/Download_OE/HWSchutz/HWRMRL_Z2_Risikogebiete_HQextrem.zip;https://www.umweltkarten-niedersachsen.de/Download_OE/HWSchutz/HWRMRL_Z2_Wassertiefen_HQextrem.zip;2026-09-17
Hitzacker;HQextrem;CRS3035RES100mN3336400E4393900;1.000000;3.0344;karte;https://www.umweltkarten-niedersachsen.de/Download_OE/HWSchutz/HWRMRL_Z2_Risikogebiete_HQextrem.zip;https://www.umweltkarten-niedersachsen.de/Download_OE/HWSchutz/HWRMRL_Z2_Wassertiefen_HQextrem.zip;2026-09-17
Hitzacker;HQextrem;CRS3035RES100mN3336400E4394000;1.000000;3.1454;karte;https://www.umweltkarten-niedersachsen.de/Download_OE/HWSchutz/HWRMRL_Z2_Risikogebiete_HQextrem.zip;https://www.umweltkarten-niedersachsen.de/Download_OE/HWSchutz/HWRMRL_Z2_Wassertiefen_HQextrem.zip;2026-09-17
Hitzacker;HQextrem;CRS3035RES100mN3336400E4394100;1.000000;3.0801;karte;https://www.umweltkarten-niedersachsen.de/Download_OE/HWSchutz/HWRMRL_Z2_Risikogebiete_HQextrem.zip;https://www.umweltkarten-niedersachsen.de/Download_OE/HWSchutz/HWRMRL_Z2_Wassertiefen_HQextrem.zip;2026-09-17
Hitzacker;HQextrem;CRS3035RES100mN3336400E4394200;1.000000;3.1031;karte;https://www.umweltkarten-niedersachsen.de/Download_OE/HWSchutz/HWRMRL_Z2_Risikogebiete_HQextrem.zip;https://www.umweltkarten-niedersachsen.de/Download_OE/HWSchutz/HWRMRL_Z2_Wassertiefen_HQextrem.zip;2026-09-17
Hitzacker;HQextrem;CRS3035RES100mN3336500E4391000;0.344156;0.2500;karte;https://www.umweltkarten-niedersachsen.de/Download_OE/HWSchutz/HWRMRL_Z2_Risikogebiete_HQextrem.zip;https://www.umweltkarten-niedersachsen.de/Download_OE/HWSchutz/HWRMRL_Z2_Wassertiefen_HQextrem.zip;2026-09-17
Hitzacker;HQextrem;CRS3035RES100mN3336500E4391100;1.000000;0.9414;karte;https://www.umweltkarten-niedersachsen.de/Download_OE/HWSchutz/HWRMRL_Z2_Risikogebiete_HQextrem.zip;https://www.umweltkarten-niedersachsen.de/Download_OE/HWSchutz/HWRMRL_Z2_Wassertiefen_HQextrem.zip;2026-09-17
Hitzacker;HQextrem;CRS3035RES100mN3336500E4391200;1.000000;2.4780;karte;https://www.umweltkarten-niedersachsen.de/Download_OE/HWSchutz/HWRMRL_Z2_Risikogebiete_HQextrem.zip;https://www.umweltkarten-niedersachsen.de/Download_OE/HWSchutz/HWRMRL_Z2_Wassertiefen_HQextrem.zip;2026-09-17
Hitzacker;HQextrem;CRS3035RES100mN3336500E4391300;1.000000;3.0393;karte;https://www.umweltkarten-niedersachsen.de/Download_OE/HWSchutz/HWRMRL_Z2_Risikogebiete_HQextrem.zip;https://www.umweltkarten-niedersachsen.de/Download_OE/HWSchutz/HWRMRL_Z2_Wassertiefen_HQextrem.zip;2026-09-17
Hitzacker;HQextrem;CRS3035RES100mN3336500E4391400;1.000000;3.4668;karte;https://www.umweltkarten-niedersachsen.de/Download_OE/HWSchutz/HWRMRL_Z2_Risikogebiete_HQextrem.zip;https://www.umweltkarten-niedersachsen.de/Download_OE/HWSchutz/HWRMRL_Z2_Wassertiefen_HQextrem.zip;2026-09-17
Hitzacker;HQextrem;CRS3035RES100mN3336500E4391500;1.000000;3.5558;karte;https://www.umweltkarten-niedersachsen.de/Download_OE/HWSchutz/HWRMRL_Z2_Risikogebiete_HQextrem.zip;https://www.umweltkarten-niedersachsen.de/Download_OE/HWSchutz/HWRMRL_Z2_Wassertiefen_HQextrem.zip;2026-09-17
Hitzacker;HQextrem;CRS3035RES100mN3336500E4391600;1.000000;3.9416;karte;https://www.umweltkarten-niedersachsen.de/Download_OE/HWSchutz/HWRMRL_Z2_Risikogebiete_HQextrem.zip;https://www.umweltkarten-niedersachsen.de/Download_OE/HWSchutz/HWRMRL_Z2_Wassertiefen_HQextrem.zip;2026-09-17
Hitzacker;HQextrem;CRS3035RES100mN3336500E4391700;1.000000;4.0000;karte;https://www.umweltkarten-niedersachsen.de/Download_OE/HWSchutz/HWRMRL_Z2_Risikogebiete_HQextrem.zip;https://www.umweltkarten-niedersachsen.de/Download_OE/HWSchutz/HWRMRL_Z2_Wassertiefen_HQextrem.zip;2026-09-17
Hitzacker;HQextrem;CRS3035RES100mN3336500E4391800;1.000000;3.8309;karte;https://www.umweltkarten-niedersachsen.de/Download_OE/HWSchutz/HWRMRL_Z2_Risikogebiete_HQextrem.zip;https://www.umweltkarten-niedersachsen.de/Download_OE/HWSchutz/HWRMRL_Z2_Wassertiefen_HQextrem.zip;2026-09-17
Hitzacker;HQextrem;CRS3035RES100mN3336500E4391900;1.000000;3.4220;karte;https://www.umweltkarten-niedersachsen.de/Download_OE/HWSchutz/HWRMRL_Z2_Risikogebiete_HQextrem.zip;https://www.umweltkarten-niedersachsen.de/Download_OE/HWSchutz/HWRMRL_Z2_Wassertiefen_HQextrem.zip;2026-09-17
Hitzacker;HQextrem;CRS3035RES100mN3336500E4392000;1.000000;2.7893;karte;https://www.umweltkarten-niedersachsen.de/Download_OE/HWSchutz/HWRMRL_Z2_Risikogebiete_HQextrem.zip;https://www.umweltkarten-niedersachsen.de/Download_OE/HWSchutz/HWRMRL_Z2_Wassertiefen_HQextrem.zip;2026-09-17
Hitzacker;HQextrem;CRS3035RES100mN3336500E4392100;1.000000;3.5000;karte;https://www.umweltkarten-niedersachsen.de/Download_OE/HWSchutz/HWRMRL_Z2_Risikogebiete_HQextrem.zip;https://www.umweltkarten-niedersachsen.de/Download_OE/HWSchutz/HWRMRL_Z2_Wassertiefen_HQextrem.zip;2026-09-17
Hitzacker;HQextrem;CRS3035RES100mN3336500E4392200;1.000000;3.5000;karte;https://www.umweltkarten-niedersachsen.de/Download_OE/HWSchutz/HWRMRL_Z2_Risikogebiete_HQextrem.zip;https://www.umweltkarten-niedersachsen.de/Download_OE/HWSchutz/HWRMRL_Z2_Wassertiefen_HQextrem.zip;2026-09-17
Hitzacker;HQextrem;CRS3035RES100mN3336500E4392300;1.000000;3.5000;karte;https://www.umweltkarten-niedersachsen.de/Download_OE/HWSchutz/HWRMRL_Z2_Risikogebiete_HQextrem.zip;https://www.umweltkarten-niedersachsen.de/Download_OE/HWSchutz/HWRMRL_Z2_Wassertiefen_HQextrem.zip;2026-09-17
Hitzacker;HQextrem;CRS3035RES100mN3336500E4392400;1.000000;3.5000;karte;https://www.umweltkarten-niedersachsen.de/Download_OE/HWSchutz/HWRMRL_Z2_Risikogebiete_HQextrem.zip;https://www.umweltkarten-niedersachsen.de/Download_OE/HWSchutz/HWRMRL_Z2_Wassertiefen_HQextrem.zip;2026-09-17
Hitzacker;HQextrem;CRS3035RES100mN3336500E4392500;1.000000;3.2803;karte;https://www.umweltkarten-niedersachsen.de/Download_OE/HWSchutz/HWRMRL_Z2_Risikogebiete_HQextrem.zip;https://www.umweltkarten-niedersachsen.de/Download_OE/HWSchutz/HWRMRL_Z2_Wassertiefen_HQextrem.zip;2026-09-17
Hitzacker;HQextrem;CRS3035RES100mN3336500E4392600;1.000000;3.0000;karte;https://www.umweltkarten-niedersachsen.de/Download_OE/HWSchutz/HWRMRL_Z2_Risikogebiete_HQextrem.zip;https://www.umweltkarten-niedersachsen.de/Download_OE/HWSchutz/HWRMRL_Z2_Wassertiefen_HQextrem.zip;2026-09-17
Hitzacker;HQextrem;CRS3035RES100mN3336500E4392700;1.000000;3.0000;karte;https://www.umweltkarten-niedersachsen.de/Download_OE/HWSchutz/HWRMRL_Z2_Risikogebiete_HQextrem.zip;https://www.umweltkarten-niedersachsen.de/Download_OE/HWSchutz/HWRMRL_Z2_Wassertiefen_HQextrem.zip;2026-09-17
Hitzacker;HQextrem;CRS3035RES100mN3336500E4392800;1.000000;3.0469;karte;https://www.umweltkarten-niedersachsen.de/Download_OE/HWSchutz/HWRMRL_Z2_Risikogebiete_HQextrem.zip;https://www.umweltkarten-niedersachsen.de/Download_OE/HWSchutz/HWRMRL_Z2_Wassertiefen_HQextrem.zip;2026-09-17
Hitzacker;HQextrem;CRS3035RES100mN3336500E4392900;1.000000;3.4749;karte;https://www.umweltkarten-niedersachsen.de/Download_OE/HWSchutz/HWRMRL_Z2_Risikogebiete_HQextrem.zip;https://www.umweltkarten-niedersachsen.de/Download_OE/HWSchutz/HWRMRL_Z2_Wassertiefen_HQextrem.zip;2026-09-17
Hitzacker;HQextrem;CRS3035RES100mN3336500E4393000;1.000000;3.4988;karte;https://www.umweltkarten-niedersachsen.de/Download_OE/HWSchutz/HWRMRL_Z2_Risikogebiete_HQextrem.zip;https://www.umweltkarten-niedersachsen.de/Download_OE/HWSchutz/HWRMRL_Z2_Wassertiefen_HQextrem.zip;2026-09-17
Hitzacker;HQextrem;CRS3035RES100mN3336500E4393100;1.000000;3.4747;karte;https://www.umweltkarten-niedersachsen.de/Download_OE/HWSchutz/HWRMRL_Z2_Risikogebiete_HQextrem.zip;https://www.umweltkarten-niedersachsen.de/Download_OE/HWSchutz/HWRMRL_Z2_Wassertiefen_HQextrem.zip;2026-09-17
Hitzacker;HQextrem;CRS3035RES100mN3336500E4393200;1.000000;3.1906;karte;https://www.umweltkarten-niedersachsen.de/Download_OE/HWSchutz/HWRMRL_Z2_Risikogebiete_HQextrem.zip;https://www.umweltkarten-niedersachsen.de/Download_OE/HWSchutz/HWRMRL_Z2_Wassertiefen_HQextrem.zip;2026-09-17
Hitzacker;HQextrem;CRS3035RES100mN3336500E4393300;1.000000;3.1652;karte;https://www.umweltkarten-niedersachsen.de/Download_OE/HWSchutz/HWRMRL_Z2_Risikogebiete_HQextrem.zip;https://www.umweltkarten-niedersachsen.de/Download_OE/HWSchutz/HWRMRL_Z2_Wassertiefen_HQextrem.zip;2026-09-17
Hitzacker;HQextrem;CRS3035RES100mN3336500E4393400;1.000000;3.1668;karte;https://www.umweltkarten-niedersachsen.de/Download_OE/HWSchutz/HWRMRL_Z2_Risikogebiete_HQextrem.zip;https://www.umweltkarten-niedersachsen.de/Download_OE/HWSchutz/HWRMRL_Z2_Wassertiefen_HQextrem.zip;2026-09-17
Hitzacker;HQextrem;CRS3035RES100mN3336500E4393500;1.000000;3.1201;karte;https://www.umweltkarten-niedersachsen.de/Download_OE/HWSchutz/HWRMRL_Z2_Risikogebiete_HQextrem.zip;https://www.umweltkarten-niedersachsen.de/Download_OE/HWSchutz/HWRMRL_Z2_Wassertiefen_HQextrem.zip;2026-09-17
Hitzacker;HQextrem;CRS3035RES100mN3336500E4393600;1.000000;3.0142;karte;https://www.umweltkarten-niedersachsen.de/Download_OE/HWSchutz/HWRMRL_Z2_Risikogebiete_HQextrem.zip;https://www.umweltkarten-niedersachsen.de/Download_OE/HWSchutz/HWRMRL_Z2_Wassertiefen_HQextrem.zip;2026-09-17
Hitzacker;HQextrem;CRS3035RES100mN3336500E4393700;1.000000;3.0000;karte;https://www.umweltkarten-niedersachsen.de/Download_OE/HWSchutz/HWRMRL_Z2_Risikogebiete_HQextrem.zip;https://www.umweltkarten-niedersachsen.de/Download_OE/HWSchutz/HWRMRL_Z2_Wassertiefen_HQextrem.zip;2026-09-17
Hitzacker;HQextrem;CRS3035RES100mN3336500E4393800;1.000000;3.0012;karte;https://www.umweltkarten-niedersachsen.de/Download_OE/HWSchutz/HWRMRL_Z2_Risikogebiete_HQextrem.zip;https://www.umweltkarten-niedersachsen.de/Download_OE/HWSchutz/HWRMRL_Z2_Wassertiefen_HQextrem.zip;2026-09-17
Hitzacker;HQextrem;CRS3035RES100mN3336500E4393900;1.000000;3.0000;karte;https://www.umweltkarten-niedersachsen.de/Download_OE/HWSchutz/HWRMRL_Z2_Risikogebiete_HQextrem.zip;https://www.umweltkarten-niedersachsen.de/Download_OE/HWSchutz/HWRMRL_Z2_Wassertiefen_HQextrem.zip;2026-09-17
Hitzacker;HQextrem;CRS3035RES100mN3336500E4394000;1.000000;3.0000;karte;https://www.umweltkarten-niedersachsen.de/Download_OE/HWSchutz/HWRMRL_Z2_Risikogebiete_HQextrem.zip;https://www.umweltkarten-niedersachsen.de/Download_OE/HWSchutz/HWRMRL_Z2_Wassertiefen_HQextrem.zip;2026-09-17
Hitzacker;HQextrem;CRS3035RES100mN3336500E4394100;1.000000;3.0000;karte;https://www.umweltkarten-niedersachsen.de/Download_OE/HWSchutz/HWRMRL_Z2_Risikogebiete_HQextrem.zip;https://www.umweltkarten-niedersachsen.de/Download_OE/HWSchutz/HWRMRL_Z2_Wassertiefen_HQextrem.zip;2026-09-17
Hitzacker;HQextrem;CRS3035RES100mN3336600E4391000;0.757379;0.2530;karte;https://www.umweltkarten-niedersachsen.de/Download_OE/HWSchutz/HWRMRL_Z2_Risikogebiete_HQextrem.zip;https://www.umweltkarten-niedersachsen.de/Download_OE/HWSchutz/HWRMRL_Z2_Wassertiefen_HQextrem.zip;2026-09-17
Hitzacker;HQextrem;CRS3035RES100mN3336600E4391100;1.000000;0.8675;karte;https://www.umweltkarten-niedersachsen.de/Download_OE/HWSchutz/HWRMRL_Z2_Risikogebiete_HQextrem.zip;https://www.umweltkarten-niedersachsen.de/Download_OE/HWSchutz/HWRMRL_Z2_Wassertiefen_HQextrem.zip;2026-09-17
Hitzacker;HQextrem;CRS3035RES100mN3336600E4391200;1.000000;2.5347;karte;https://www.umweltkarten-niedersachsen.de/Download_OE/HWSchutz/HWRMRL_Z2_Risikogebiete_HQextrem.zip;https://www.umweltkarten-niedersachsen.de/Download_OE/HWSchutz/HWRMRL_Z2_Wassertiefen_HQextrem.zip;2026-09-17
Hitzacker;HQextrem;CRS3035RES100mN3336600E4391300;1.000000;3.3696;karte;https://www.umweltkarten-niedersachsen.de/Download_OE/HWSchutz/HWRMRL_Z2_Risikogebiete_HQextrem.zip;https://www.umweltkarten-niedersachsen.de/Download_OE/HWSchutz/HWRMRL_Z2_Wassertiefen_HQextrem.zip;2026-09-17
Hitzacker;HQextrem;CRS3035RES100mN3336600E4391400;1.000000;3.8461;karte;https://www.umweltkarten-niedersachsen.de/Download_OE/HWSchutz/HWRMRL_Z2_Risikogebiete_HQextrem.zip;https://www.umweltkarten-niedersachsen.de/Download_OE/HWSchutz/HWRMRL_Z2_Wassertiefen_HQextrem.zip;2026-09-17
Hitzacker;HQextrem;CRS3035RES100mN3336600E4391500;1.000000;3.9867;karte;https://www.umweltkarten-niedersachsen.de/Download_OE/HWSchutz/HWRMRL_Z2_Risikogebiete_HQextrem.zip;https://www.umweltkarten-niedersachsen.de/Download_OE/HWSchutz/HWRMRL_Z2_Wassertiefen_HQextrem.zip;2026-09-17
Hitzacker;HQextrem;CRS3035RES100mN3336600E4391600;1.000000;3.9934;karte;https://www.umweltkarten-niedersachsen.de/Download_OE/HWSchutz/HWRMRL_Z2_Risikogebiete_HQextrem.zip;https://www.umweltkarten-niedersachsen.de/Download_OE/HWSchutz/HWRMRL_Z2_Wassertiefen_HQextrem.zip;2026-09-17
Hitzacker;HQextrem;CRS3035RES100mN3336600E4391700;1.000000;3.7654;karte;https://www.umweltkarten-niedersachsen.de/Download_OE/HWSchutz/HWRMRL_Z2_Risikogebiete_HQextrem.zip;https://www.umweltkarten-niedersachsen.de/Download_OE/HWSchutz/HWRMRL_Z2_Wassertiefen_HQextrem.zip;2026-09-17
Hitzacker;HQextrem;CRS3035RES100mN3336600E4391800;1.000000;3.5006;karte;https://www.umweltkarten-niedersachsen.de/Download_OE/HWSchutz/HWRMRL_Z2_Risikogebiete_HQextrem.zip;https://www.umweltkarten-niedersachsen.de/Download_OE/HWSchutz/HWRMRL_Z2_Wassertiefen_HQextrem.zip;2026-09-17
Hitzacker;HQextrem;CRS3035RES100mN3336600E4391900;1.000000;2.9055;karte;https://www.umweltkarten-niedersachsen.de/Download_OE/HWSchutz/HWRMRL_Z2_Risikogebiete_HQextrem.zip;https://www.umweltkarten-niedersachsen.de/Download_OE/HWSchutz/HWRMRL_Z2_Wassertiefen_HQextrem.zip;2026-09-17
Hitzacker;HQextrem;CRS3035RES100mN3336600E4392000;1.000000;3.3671;karte;https://www.umweltkarten-niedersachsen.de/Download_OE/HWSchutz/HWRMRL_Z2_Risikogebiete_HQextrem.zip;https://www.umweltkarten-niedersachsen.de/Download_OE/HWSchutz/HWRMRL_Z2_Wassertiefen_HQextrem.zip;2026-09-17
Hitzacker;HQextrem;CRS3035RES100mN3336600E4392100;1.000000;3.5000;karte;https://www.umweltkarten-niedersachsen.de/Download_OE/HWSchutz/HWRMRL_Z2_Risikogebiete_HQextrem.zip;https://www.umweltkarten-niedersachsen.de/Download_OE/HWSchutz/HWRMRL_Z2_Wassertiefen_HQextrem.zip;2026-09-17
Hitzacker;HQextrem;CRS3035RES100mN3336600E4392200;1.000000;3.5000;karte;https://www.umweltkarten-niedersachsen.de/Download_OE/HWSchutz/HWRMRL_Z2_Risikogebiete_HQextrem.zip;https://www.umweltkarten-niedersachsen.de/Download_OE/HWSchutz/HWRMRL_Z2_Wassertiefen_HQextrem.zip;2026-09-17
Hitzacker;HQextrem;CRS3035RES100mN3336600E4392300;1.000000;3.4324;karte;https://www.umweltkarten-niedersachsen.de/Download_OE/HWSchutz/HWRMRL_Z2_Risikogebiete_HQextrem.zip;https://www.umweltkarten-niedersachsen.de/Download_OE/HWSchutz/HWRMRL_Z2_Wassertiefen_HQextrem.zip;2026-09-17
Hitzacker;HQextrem;CRS3035RES100mN3336600E4392400;1.000000;3.3694;karte;https://www.umweltkarten-niedersachsen.de/Download_OE/HWSchutz/HWRMRL_Z2_Risikogebiete_HQextrem.zip;https://www.umweltkarten-niedersachsen.de/Download_OE/HWSchutz/HWRMRL_Z2_Wassertiefen_HQextrem.zip;2026-09-17
Hitzacker;HQextrem;CRS3035RES100mN3336600E4392500;1.000000;3.0383;karte;https://www.umweltkarten-niedersachsen.de/Download_OE/HWSchutz/HWRMRL_Z2_Risikogebiete_HQextrem.zip;https://www.umweltkarten-niedersachsen.de/Download_OE/HWSchutz/HWRMRL_Z2_Wassertiefen_HQextrem.zip;2026-09-17
Hitzacker;HQextrem;CRS3035RES100mN3336600E4392600;1.000000;3.0000;karte;https://www.umweltkarten-niedersachsen.de/Download_OE/HWSchutz/HWRMRL_Z2_Risikogebiete_HQextrem.zip;https://www.umweltkarten-niedersachsen.de/Download_OE/HWSchutz/HWRMRL_Z2_Wassertiefen_HQextrem.zip;2026-09-17
Hitzacker;HQextrem;CRS3035RES100mN3336600E4392700;1.000000;3.0000;karte;https://www.umweltkarten-niedersachsen.de/Download_OE/HWSchutz/HWRMRL_Z2_Risikogebiete_HQextrem.zip;https://www.umweltkarten-niedersachsen.de/Download_OE/HWSchutz/HWRMRL_Z2_Wassertiefen_HQextrem.zip;2026-09-17
Hitzacker;HQextrem;CRS3035RES100mN3336600E4392800;1.000000;3.0000;karte;https://www.umweltkarten-niedersachsen.de/Download_OE/HWSchutz/HWRMRL_Z2_Risikogebiete_HQextrem.zip;https://www.umweltkarten-niedersachsen.de/Download_OE/HWSchutz/HWRMRL_Z2_Wassertiefen_HQextrem.zip;2026-09-17
Hitzacker;HQextrem;CRS3035RES100mN3336600E4392900;1.000000;3.2730;karte;https://www.umweltkarten-niedersachsen.de/Download_OE/HWSchutz/HWRMRL_Z2_Risikogebiete_HQextrem.zip;https://www.umweltkarten-niedersachsen.de/Download_OE/HWSchutz/HWRMRL_Z2_Wassertiefen_HQextrem.zip;2026-09-17
Hitzacker;HQextrem;CRS3035RES100mN3336600E4393000;1.000000;3.3600;karte;https://www.umweltkarten-niedersachsen.de/Download_OE/HWSchutz/HWRMRL_Z2_Risikogebiete_HQextrem.zip;https://www.umweltkarten-niedersachsen.de/Download_OE/HWSchutz/HWRMRL_Z2_Wassertiefen_HQextrem.zip;2026-09-17
Hitzacker;HQextrem;CRS3035RES100mN3336600E4393100;1.000000;3.0883;karte;https://www.umweltkarten-niedersachsen.de/Download_OE/HWSchutz/HWRMRL_Z2_Risikogebiete_HQextrem.zip;https://www.umweltkarten-niedersachsen.de/Download_OE/HWSchutz/HWRMRL_Z2_Wassertiefen_HQextrem.zip;2026-09-17
Hitzacker;HQextrem;CRS3035RES100mN3336600E4393200;1.000000;3.1827;karte;https://www.umweltkarten-niedersachsen.de/Download_OE/HWSchutz/HWRMRL_Z2_Risikogebiete_HQextrem.zip;https://www.umweltkarten-niedersachsen.de/Download_OE/HWSchutz/HWRMRL_Z2_Wassertiefen_HQextrem.zip;2026-09-17
Hitzacker;HQextrem;CRS3035RES100mN3336600E4393300;1.000000;3.2868;karte;https://www.umweltkarten-niedersachsen.de/Download_OE/HWSchutz/HWRMRL_Z2_Risikogebiete_HQextrem.zip;https://www.umweltkarten-niedersachsen.de/Download_OE/HWSchutz/HWRMRL_Z2_Wassertiefen_HQextrem.zip;2026-09-17
Hitzacker;HQextrem;CRS3035RES100mN3336600E4393400;1.000000;3.1209;karte;https://www.umweltkarten-niedersachsen.de/Download_OE/HWSchutz/HWRMRL_Z2_Risikogebiete_HQextrem.zip;https://www.umweltkarten-niedersachsen.de/Download_OE/HWSchutz/HWRMRL_Z2_Wassertiefen_HQextrem.zip;2026-09-17
Hitzacker;HQextrem;CRS3035RES100mN3336600E4393500;1.000000;3.0000;karte;https://www.umweltkarten-niedersachsen.de/Download_OE/HWSchutz/HWRMRL_Z2_Risikogebiete_HQextrem.zip;https://www.umweltkarten-niedersachsen.de/Download_OE/HWSchutz/HWRMRL_Z2_Wassertiefen_HQextrem.zip;2026-09-17
Hitzacker;HQextrem;CRS3035RES100mN3336600E4393600;1.000000;3.0000;karte;https://www.umweltkarten-niedersachsen.de/Download_OE/HWSchutz/HWRMRL_Z2_Risikogebiete_HQextrem.zip;https://www.umweltkarten-niedersachsen.de/Download_OE/HWSchutz/HWRMRL_Z2_Wassertiefen_HQextrem.zip;2026-09-17
Hitzacker;HQextrem;CRS3035RES100mN3336600E4393700;1.000000;2.8925;karte;https://www.umweltkarten-niedersachsen.de/Download_OE/HWSchutz/HWRMRL_Z2_Risikogebiete_HQextrem.zip;https://www.umweltkarten-niedersachsen.de/Download_OE/HWSchutz/HWRMRL_Z2_Wassertiefen_HQextrem.zip;2026-09-17
Hitzacker;HQextrem;CRS3035RES100mN3336600E4393800;1.000000;2.5727;karte;https://www.umweltkarten-niedersachsen.de/Download_OE/HWSchutz/HWRMRL_Z2_Risikogebiete_HQextrem.zip;https://www.umweltkarten-niedersachsen.de/Download_OE/HWSchutz/HWRMRL_Z2_Wassertiefen_HQextrem.zip;2026-09-17
Hitzacker;HQextrem;CRS3035RES100mN3336600E4393900;1.000000;2.8870;karte;https://www.umweltkarten-niedersachsen.de/Download_OE/HWSchutz/HWRMRL_Z2_Risikogebiete_HQextrem.zip;https://www.umweltkarten-niedersachsen.de/Download_OE/HWSchutz/HWRMRL_Z2_Wassertiefen_HQextrem.zip;2026-09-17
Hitzacker;HQextrem;CRS3035RES100mN3336600E4394000;1.000000;2.7061;karte;https://www.umweltkarten-niedersachsen.de/Download_OE/HWSchutz/HWRMRL_Z2_Risikogebiete_HQextrem.zip;https://www.umweltkarten-niedersachsen.de/Download_OE/HWSchutz/HWRMRL_Z2_Wassertiefen_HQextrem.zip;2026-09-17
Hitzacker;HQextrem;CRS3035RES100mN3336700E4391000;1.000000;0.5540;karte;https://www.umweltkarten-niedersachsen.de/Download_OE/HWSchutz/HWRMRL_Z2_Risikogebiete_HQextrem.zip;https://www.umweltkarten-niedersachsen.de/Download_OE/HWSchutz/HWRMRL_Z2_Wassertiefen_HQextrem.zip;2026-09-17
Hitzacker;HQextrem;CRS3035RES100mN3336700E4391100;1.000000;2.1422;karte;https://www.umweltkarten-niedersachsen.de/Download_OE/HWSchutz/HWRMRL_Z2_Risikogebiete_HQextrem.zip;https://www.umweltkarten-niedersachsen.de/Download_OE/HWSchutz/HWRMRL_Z2_Wassertiefen_HQextrem.zip;2026-09-17
Hitzacker;HQextrem;CRS3035RES100mN3336700E4391200;1.000000;2.9843;karte;https://www.umweltkarten-niedersachsen.de/Download_OE/HWSchutz/HWRMRL_Z2_Risikogebiete_HQextrem.zip;https://www.umweltkarten-niedersachsen.de/Download_OE/HWSchutz/HWRMRL_Z2_Wassertiefen_HQextrem.zip;2026-09-17
Hitzacker;HQextrem;CRS3035RES100mN3336700E4391300;1.000000;3.7061;karte;https://www.umweltkarten-niedersachsen.de/Download_OE/HWSchutz/HWRMRL_Z2_Risikogebiete_HQextrem.zip;https://www.umweltkarten-niedersachsen.de/Download_OE/HWSchutz/HWRMRL_Z2_Wassertiefen_HQextrem.zip;2026-09-17
Hitzacker;HQextrem;CRS3035RES100mN3336700E4391400;1.000000;3.9218;karte;https://www.umweltkarten-niedersachsen.de/Download_OE/HWSchutz/HWRMRL_Z2_Risikogebiete_HQextrem.zip;https://www.umweltkarten-niedersachsen.de/Download_OE/HWSchutz/HWRMRL_Z2_Wassertiefen_HQextrem.zip;2026-09-17
Hitzacker;HQextrem;CRS3035RES100mN3336700E4391500;1.000000;3.6636;karte;https://www.umweltkarten-niedersachsen.de/Download_OE/HWSchutz/HWRMRL_Z2_Risikogebiete_HQextrem.zip;https://www.umweltkarten-niedersachsen.de/Download_OE/HWSchutz/HWRMRL_Z2_Wassertiefen_HQextrem.zip;2026-09-17
Hitzacker;HQextrem;CRS3035RES100mN3336700E4391600;1.000000;3.6589;karte;https://www.umweltkarten-niedersachsen.de/Download_OE/HWSchutz/HWRMRL_Z2_Risikogebiete_HQextrem.zip;https://www.umweltkarten-niedersachsen.de/Download_OE/HWSchutz/HWRMRL_Z2_Wassertiefen_HQextrem.zip;2026-09-17
Hitzacker;HQextrem;CRS3035RES100mN3336700E4391700;1.000000;3.5000;karte;https://www.umweltkarten-niedersachsen.de/Download_OE/HWSchutz/HWRMRL_Z2_Risikogebiete_HQextrem.zip;https://www.umweltkarten-niedersachsen.de/Download_OE/HWSchutz/HWRMRL_Z2_Wassertiefen_HQextrem.zip;2026-09-17
Hitzacker;HQextrem;CRS3035RES100mN3336700E4391800;1.000000;3.5000;karte;https://www.umweltkarten-niedersachsen.de/Download_OE/HWSchutz/HWRMRL_Z2_Risikogebiete_HQextrem.zip;https://www.umweltkarten-niedersachsen.de/Download_OE/HWSchutz/HWRMRL_Z2_Wassertiefen_HQextrem.zip;2026-09-17
Hitzacker;HQextrem;CRS3035RES100mN3336700E4391900;1.000000;2.7685;karte;https://www.umweltkarten-niedersachsen.de/Download_OE/HWSchutz/HWRMRL_Z2_Risikogebiete_HQextrem.zip;https://www.umweltkarten-niedersachsen.de/Download_OE/HWSchutz/HWRMRL_Z2_Wassertiefen_HQextrem.zip;2026-09-17
Hitzacker;HQextrem;CRS3035RES100mN3336700E4392000;1.000000;3.5000;karte;https://www.umweltkarten-niedersachsen.de/Download_OE/HWSchutz/HWRMRL_Z2_Risikogebiete_HQextrem.zip;https://www.umweltkarten-niedersachsen.de/Download_OE/HWSchutz/HWRMRL_Z2_Wassertiefen_HQextrem.zip;2026-09-17
Hitzacker;HQextrem;CRS3035RES100mN3336700E4392100;1.000000;3.5000;karte;https://www.umweltkarten-niedersachsen.de/Download_OE/HWSchutz/HWRMRL_Z2_Risikogebiete_HQextrem.zip;https://www.umweltkarten-niedersachsen.de/Download_OE/HWSchutz/HWRMRL_Z2_Wassertiefen_HQextrem.zip;2026-09-17
Hitzacker;HQextrem;CRS3035RES100mN3336700E4392200;1.000000;3.4727;karte;https://www.umweltkarten-niedersachsen.de/Download_OE/HWSchutz/HWRMRL_Z2_Risikogebiete_HQextrem.zip;https://www.umweltkarten-niedersachsen.de/Download_OE/HWSchutz/HWRMRL_Z2_Wassertiefen_HQextrem.zip;2026-09-17
Hitzacker;HQextrem;CRS3035RES100mN3336700E4392300;1.000000;2.9910;karte;https://www.umweltkarten-niedersachsen.de/Download_OE/HWSchutz/HWRMRL_Z2_Risikogebiete_HQextrem.zip;https://www.umweltkarten-niedersachsen.de/Download_OE/HWSchutz/HWRMRL_Z2_Wassertiefen_HQextrem.zip;2026-09-17
Hitzacker;HQextrem;CRS3035RES100mN3336700E4392400;1.000000;2.0657;karte;https://www.umweltkarten-niedersachsen.de/Download_OE/HWSchutz/HWRMRL_Z2_Risikogebiete_HQextrem.zip;https://www.umweltkarten-niedersachsen.de/Download_OE/HWSchutz/HWRMRL_Z2_Wassertiefen_HQextrem.zip;2026-09-17
Hitzacker;HQextrem;CRS3035RES100mN3336700E4392500;1.000000;2.9514;karte;https://www.umweltkarten-niedersachsen.de/Download_OE/HWSchutz/HWRMRL_Z2_Risikogebiete_HQextrem.zip;https://www.umweltkarten-niedersachsen.de/Download_OE/HWSchutz/HWRMRL_Z2_Wassertiefen_HQextrem.zip;2026-09-17
Hitzacker;HQextrem;CRS3035RES100mN3336700E4392600;1.000000;3.1457;karte;https://www.umweltkarten-niedersachsen.de/Download_OE/HWSchutz/HWRMRL_Z2_Risikogebiete_HQextrem.zip;https://www.umweltkarten-niedersachsen.de/Download_OE/HWSchutz/HWRMRL_Z2_Wassertiefen_HQextrem.zip;2026-09-17
Hitzacker;HQextrem;CRS3035RES100mN3336700E4392700;1.000000;3.3076;karte;https://www.umweltkarten-niedersachsen.de/Download_OE/HWSchutz/HWRMRL_Z2_Risikogebiete_HQextrem.zip;https://www.umweltkarten-niedersachsen.de/Download_OE/HWSchutz/HWRMRL_Z2_Wassertiefen_HQextrem.zip;2026-09-17
Hitzacker;HQextrem;CRS3035RES100mN3336700E4392800;1.000000;3.2091;karte;https://www.umweltkarten-niedersachsen.de/Download_OE/HWSchutz/HWRMRL_Z2_Risikogebiete_HQextrem.zip;https://www.umweltkarten-niedersachsen.de/Download_OE/HWSchutz/HWRMRL_Z2_Wassertiefen_HQextrem.zip;2026-09-17
Hitzacker;HQextrem;CRS3035RES100mN3336700E4392900;1.000000;3.2764;karte;https://www.umweltkarten-niedersachsen.de/Download_OE/HWSchutz/HWRMRL_Z2_Risikogebiete_HQextrem.zip;https://www.umweltkarten-niedersachsen.de/Download_OE/HWSchutz/HWRMRL_Z2_Wassertiefen_HQextrem.zip;2026-09-17
Hitzacker;HQextrem;CRS3035RES100mN3336700E4393000;1.000000;3.1691;karte;https://www.umweltkarten-niedersachsen.de/Download_OE/HWSchutz/HWRMRL_Z2_Risikogebiete_HQextrem.zip;https://www.umweltkarten-niedersachsen.de/Download_OE/HWSchutz/HWRMRL_Z2_Wassertiefen_HQextrem.zip;2026-09-17
Hitzacker;HQextrem;CRS3035RES100mN3336700E4393100;1.000000;3.2372;karte;https://www.umweltkarten-niedersachsen.de/Download_OE/HWSchutz/HWRMRL_Z2_Risikogebiete_HQextrem.zip;https://www.umweltkarten-niedersachsen.de/Download_OE/HWSchutz/HWRMRL_Z2_Wassertiefen_HQextrem.zip;2026-09-17
Hitzacker;HQextrem;CRS3035RES100mN3336700E4393200;1.000000;3.4888;karte;https://www.umweltkarten-niedersachsen.de/Download_OE/HWSchutz/HWRMRL_Z2_Risikogebiete_HQextrem.zip;https://www.umweltkarten-niedersachsen.de/Download_OE/HWSchutz/HWRMRL_Z2_Wassertiefen_HQextrem.zip;2026-09-17
Hitzacker;HQextrem;CRS3035RES100mN3336800E4391000;1.000000;1.0262;karte;https://www.umweltkarten-niedersachsen.de/Download_OE/HWSchutz/HWRMRL_Z2_Risikogebiete_HQextrem.zip;https://www.umweltkarten-niedersachsen.de/Download_OE/HWSchutz/HWRMRL_Z2_Wassertiefen_HQextrem.zip;2026-09-17
Hitzacker;HQextrem;CRS3035RES100mN3336800E4391100;1.000000;2.5372;karte;https://www.umweltkarten-niedersachsen.de/Download_OE/HWSchutz/HWRMRL_Z2_Risikogebiete_HQextrem.zip;https://www.umweltkarten-niedersachsen.de/Download_OE/HWSchutz/HWRMRL_Z2_Wassertiefen_HQextrem.zip;2026-09-17
Hitzacker;HQextrem;CRS3035RES100mN3336800E4391200;1.000000;3.1833;karte;https://www.umweltkarten-niedersachsen.de/Download_OE/HWSchutz/HWRMRL_Z2_Risikogebiete_HQextrem.zip;https://www.umweltkarten-niedersachsen.de/Download_OE/HWSchutz/HWRMRL_Z2_Wassertiefen_HQextrem.zip;2026-09-17
Hitzacker;HQextrem;CRS3035RES100mN3336800E4391300;1.000000;3.8639;karte;https://www.umweltkarten-niedersachsen.de/Download_OE/HWSchutz/HWRMRL_Z2_Risikogebiete_HQextrem.zip;https://www.umweltkarten-niedersachsen.de/Download_OE/HWSchutz/HWRMRL_Z2_Wassertiefen_HQextrem.zip;2026-09-17
Hitzacker;HQextrem;CRS3035RES100mN3336800E4391400;1.000000;3.5328;karte;https://www.umweltkarten-niedersachsen.de/Download_OE/HWSchutz/HWRMRL_Z2_Risikogebiete_HQextrem.zip;https://www.umweltkarten-niedersachsen.de/Download_OE/HWSchutz/HWRMRL_Z2_Wassertiefen_HQextrem.zip;2026-09-17
Hitzacker;HQextrem;CRS3035RES100mN3336800E4391500;1.000000;3.2640;karte;https://www.umweltkarten-niedersachsen.de/Download_OE/HWSchutz/HWRMRL_Z2_Risikogebiete_HQextrem.zip;https://www.umweltkarten-niedersachsen.de/Download_OE/HWSchutz/HWRMRL_Z2_Wassertiefen_HQextrem.zip;2026-09-17
Hitzacker;HQextrem;CRS3035RES100mN3336800E4391600;1.000000;3.3341;karte;https://www.umweltkarten-niedersachsen.de/Download_OE/HWSchutz/HWRMRL_Z2_Risikogebiete_HQextrem.zip;https://www.umweltkarten-niedersachsen.de/Download_OE/HWSchutz/HWRMRL_Z2_Wassertiefen_HQextrem.zip;2026-09-17
Hitzacker;HQextrem;CRS3035RES100mN3336800E4391700;1.000000;3.5500;karte;https://www.umweltkarten-niedersachsen.de/Download_OE/HWSchutz/HWRMRL_Z2_Risikogebiete_HQextrem.zip;https://www.umweltkarten-niedersachsen.de/Download_OE/HWSchutz/HWRMRL_Z2_Wassertiefen_HQextrem.zip;2026-09-17
Hitzacker;HQextrem;CRS3035RES100mN3336800E4391800;1.000000;3.5000;karte;https://www.umweltkarten-niedersachsen.de/Download_OE/HWSchutz/HWRMRL_Z2_Risikogebiete_HQextrem.zip;https://www.umweltkarten-niedersachsen.de/Download_OE/HWSchutz/HWRMRL_Z2_Wassertiefen_HQextrem.zip;2026-09-17
Hitzacker;HQextrem;CRS3035RES100mN3336800E4391900;1.000000;2.8145;karte;https://www.umweltkarten-niedersachsen.de/Download_OE/HWSchutz/HWRMRL_Z2_Risikogebiete_HQextrem.zip;https://www.umweltkarten-niedersachsen.de/Download_OE/HWSchutz/HWRMRL_Z2_Wassertiefen_HQextrem.zip;2026-09-17
Hitzacker;HQextrem;CRS3035RES100mN3336800E4392000;1.000000;3.4881;karte;https://www.umweltkarten-niedersachsen.de/Download_OE/HWSchutz/HWRMRL_Z2_Risikogebiete_HQextrem.zip;https://www.umweltkarten-niedersachsen.de/Download_OE/HWSchutz/HWRMRL_Z2_Wassertiefen_HQextrem.zip;2026-09-17
Hitzacker;HQextrem;CRS3035RES100mN3336800E4392100;1.000000;3.2450;karte;https://www.umweltkarten-niedersachsen.de/Download_OE/HWSchutz/HWRMRL_Z2_Risikogebiete_HQextrem.zip;https://www.umweltkarten-niedersachsen.de/Download_OE/HWSchutz/HWRMRL_Z2_Wassertiefen_HQextrem.zip;2026-09-17
Hitzacker;HQextrem;CRS3035RES100mN3336800E4392200;1.000000;3.0865;karte;https://www.umweltkarten-niedersachsen.de/Download_OE/HWSchutz/HWRMRL_Z2_Risikogebiete_HQextrem.zip;https://www.umweltkarten-niedersachsen.de/Download_OE/HWSchutz/HWRMRL_Z2_Wassertiefen_HQextrem.zip;2026-09-17
Hitzacker;HQextrem;CRS3035RES100mN3336800E4392300;1.000000;1.9376;karte;https://www.umweltkarten-niedersachsen.de/Download_OE/HWSchutz/HWRMRL_Z2_Risikogebiete_HQextrem.zip;https://www.umweltkarten-niedersachsen.de/Download_OE/HWSchutz/HWRMRL_Z2_Wassertiefen_HQextrem.zip;2026-09-17
Hitzacker;HQextrem;CRS3035RES100mN3336800E4392400;1.000000;1.8038;karte;https://www.umweltkarten-niedersachsen.de/Download_OE/HWSchutz/HWRMRL_Z2_Risikogebiete_HQextrem.zip;https://www.umweltkarten-niedersachsen.de/Download_OE/HWSchutz/HWRMRL_Z2_Wassertiefen_HQextrem.zip;2026-09-17
Hitzacker;HQextrem;CRS3035RES100mN3336800E4392500;1.000000;3.2637;karte;https://www.umweltkarten-niedersachsen.de/Download_OE/HWSchutz/HWRMRL_Z2_Risikogebiete_HQextrem.zip;https://www.umweltkarten-niedersachsen.de/Download_OE/HWSchutz/HWRMRL_Z2_Wassertiefen_HQextrem.zip;2026-09-17
Hitzacker;HQextrem;CRS3035RES100mN3336800E4392600;1.000000;3.4888;karte;https://www.umweltkarten-niedersachsen.de/Download_OE/HWSchutz/HWRMRL_Z2_Risikogebiete_HQextrem.zip;https://www.umweltkarten-niedersachsen.de/Download_OE/HWSchutz/HWRMRL_Z2_Wassertiefen_HQextrem.zip;2026-09-17
Hitzacker;HQextrem;CRS3035RES100mN3336800E4392700;1.000000;3.3697;karte;https://www.umweltkarten-niedersachsen.de/Download_OE/HWSchutz/HWRMRL_Z2_Risikogebiete_HQextrem.zip;https://www.umweltkarten-niedersachsen.de/Download_OE/HWSchutz/HWRMRL_Z2_Wassertiefen_HQextrem.zip;2026-09-17
Hitzacker;HQextrem;CRS3035RES100mN3336800E4392800;1.000000;3.2709;karte;https://www.umweltkarten-niedersachsen.de/Download_OE/HWSchutz/HWRMRL_Z2_Risikogebiete_HQextrem.zip;https://www.umweltkarten-niedersachsen.de/Download_OE/HWSchutz/HWRMRL_Z2_Wassertiefen_HQextrem.zip;2026-09-17
Hitzacker;HQextrem;CRS3035RES100mN3336800E4392900;1.000000;3.0397;karte;https://www.umweltkarten-niedersachsen.de/Download_OE/HWSchutz/HWRMRL_Z2_Risikogebiete_HQextrem.zip;https://www.umweltkarten-niedersachsen.de/Download_OE/HWSchutz/HWRMRL_Z2_Wassertiefen_HQextrem.zip;2026-09-17
Hitzacker;HQextrem;CRS3035RES100mN3336800E4393000;1.000000;3.0000;karte;https://www.umweltkarten-niedersachsen.de/Download_OE/HWSchutz/HWRMRL_Z2_Risikogebiete_HQextrem.zip;https://www.umweltkarten-niedersachsen.de/Download_OE/HWSchutz/HWRMRL_Z2_Wassertiefen_HQextrem.zip;2026-09-17
Hitzacker;HQextrem;CRS3035RES100mN3336800E4393100;1.000000;3.1768;karte;https://www.umweltkarten-niedersachsen.de/Download_OE/HWSchutz/HWRMRL_Z2_Risikogebiete_HQextrem.zip;https://www.umweltkarten-niedersachsen.de/Download_OE/HWSchutz/HWRMRL_Z2_Wassertiefen_HQextrem.zip;2026-09-17
Hitzacker;HQextrem;CRS3035RES100mN3336900E4390900;0.019218;0.2500;karte;https://www.umweltkarten-niedersachsen.de/Download_OE/HWSchutz/HWRMRL_Z2_Risikogebiete_HQextrem.zip;https://www.umweltkarten-niedersachsen.de/Download_OE/HWSchutz/HWRMRL_Z2_Wassertiefen_HQextrem.zip;2026-09-17
Hitzacker;HQextrem;CRS3035RES100mN3336900E4391000;1.000000;0.6369;karte;https://www.umweltkarten-niedersachsen.de/Download_OE/HWSchutz/HWRMRL_Z2_Risikogebiete_HQextrem.zip;https://www.umweltkarten-niedersachsen.de/Download_OE/HWSchutz/HWRMRL_Z2_Wassertiefen_HQextrem.zip;2026-09-17
Hitzacker;HQextrem;CRS3035RES100mN3336900E4391100;1.000000;2.0846;karte;https://www.umweltkarten-niedersachsen.de/Download_OE/HWSchutz/HWRMRL_Z2_Risikogebiete_HQextrem.zip;https://www.umweltkarten-niedersachsen.de/Download_OE/HWSchutz/HWRMRL_Z2_Wassertiefen_HQextrem.zip;2026-09-17
Hitzacker;HQextrem;CRS3035RES100mN3336900E4391200;1.000000;3.2831;karte;https://www.umweltkarten-niedersachsen.de/Download_OE/HWSchutz/HWRMRL_Z2_Risikogebiete_HQextrem.zip;https://www.umweltkarten-niedersachsen.de/Download_OE/HWSchutz/HWRMRL_Z2_Wassertiefen_HQextrem.zip;2026-09-17
Hitzacker;HQextrem;CRS3035RES100mN3336900E4391300;1.000000;3.8975;karte;https://www.umweltkarten-niedersachsen.de/Download_OE/HWSchutz/HWRMRL_Z2_Risikogebiete_HQextrem.zip;https://www.umweltkarten-niedersachsen.de/Download_OE/HWSchutz/HWRMRL_Z2_Wassertiefen_HQextrem.zip;2026-09-17
Hitzacker;HQextrem;CRS3035RES100mN3336900E4391400;1.000000;3.5000;karte;https://www.umweltkarten-niedersachsen.de/Download_OE/HWSchutz/HWRMRL_Z2_Risikogebiete_HQextrem.zip;https://www.umweltkarten-niedersachsen.de/Download_OE/HWSchutz/HWRMRL_Z2_Wassertiefen_HQextrem.zip;2026-09-17
Hitzacker;HQextrem;CRS3035RES100mN3336900E4391500;1.000000;3.5000;karte;https://www.umweltkarten-niedersachsen.de/Download_OE/HWSchutz/HWRMRL_Z2_Risikogebiete_HQextrem.zip;https://www.umweltkarten-niedersachsen.de/Download_OE/HWSchutz/HWRMRL_Z2_Wassertiefen_HQextrem.zip;2026-09-17
Hitzacker;HQextrem;CRS3035RES100mN3336900E4391600;1.000000;3.2369;karte;https://www.umweltkarten-niedersachsen.de/Download_OE/HWSchutz/HWRMRL_Z2_Risikogebiete_HQextrem.zip;https://www.umweltkarten-niedersachsen.de/Download_OE/HWSchutz/HWRMRL_Z2_Wassertiefen_HQextrem.zip;2026-09-17
Hitzacker;HQextrem;CRS3035RES100mN3336900E4391700;1.000000;3.4129;karte;https://www.umweltkarten-niedersachsen.de/Download_OE/HWSchutz/HWRMRL_Z2_Risikogebiete_HQextrem.zip;https://www.umweltkarten-niedersachsen.de/Download_OE/HWSchutz/HWRMRL_Z2_Wassertiefen_HQextrem.zip;2026-09-17
Hitzacker;HQextrem;CRS3035RES100mN3336900E4391800;1.000000;3.5538;karte;https://www.umweltkarten-niedersachsen.de/Download_OE/HWSchutz/HWRMRL_Z2_Risikogebiete_HQextrem.zip;https://www.umweltkarten-niedersachsen.de/Download_OE/HWSchutz/HWRMRL_Z2_Wassertiefen_HQextrem.zip;2026-09-17
Hitzacker;HQextrem;CRS3035RES100mN3336900E4391900;1.000000;2.8921;karte;https://www.umweltkarten-niedersachsen.de/Download_OE/HWSchutz/HWRMRL_Z2_Risikogebiete_HQextrem.zip;https://www.umweltkarten-niedersachsen.de/Download_OE/HWSchutz/HWRMRL_Z2_Wassertiefen_HQextrem.zip;2026-09-17
Hitzacker;HQextrem;CRS3035RES100mN3336900E4392000;1.000000;3.0842;karte;https://www.umweltkarten-niedersachsen.de/Download_OE/HWSchutz/HWRMRL_Z2_Risikogebiete_HQextrem.zip;https://www.umweltkarten-niedersachsen.de/Download_OE/HWSchutz/HWRMRL_Z2_Wassertiefen_HQextrem.zip;2026-09-17
Hitzacker;HQextrem;CRS3035RES100mN3336900E4392100;1.000000;3.0120;karte;https://www.umweltkarten-niedersachsen.de/Download_OE/HWSchutz/HWRMRL_Z2_Risikogebiete_HQextrem.zip;https://www.umweltkarten-niedersachsen.de/Download_OE/HWSchutz/HWRMRL_Z2_Wassertiefen_HQextrem.zip;2026-09-17
Hitzacker;HQextrem;CRS3035RES100mN3336900E4392200;1.000000;3.0000;karte;https://www.umweltkarten-niedersachsen.de/Download_OE/HWSchutz/HWRMRL_Z2_Risikogebiete_HQextrem.zip;https://www.umweltkarten-niedersachsen.de/Download_OE/HWSchutz/HWRMRL_Z2_Wassertiefen_HQextrem.zip;2026-09-17
Hitzacker;HQextrem;CRS3035RES100mN3336900E4392300;1.000000;2.9990;karte;https://www.umweltkarten-niedersachsen.de/Download_OE/HWSchutz/HWRMRL_Z2_Risikogebiete_HQextrem.zip;https://www.umweltkarten-niedersachsen.de/Download_OE/HWSchutz/HWRMRL_Z2_Wassertiefen_HQextrem.zip;2026-09-17
Hitzacker;HQextrem;CRS3035RES100mN3336900E4392400;1.000000;3.0549;karte;https://www.umweltkarten-niedersachsen.de/Download_OE/HWSchutz/HWRMRL_Z2_Risikogebiete_HQextrem.zip;https://www.umweltkarten-niedersachsen.de/Download_OE/HWSchutz/HWRMRL_Z2_Wassertiefen_HQextrem.zip;2026-09-17
Hitzacker;HQextrem;CRS3035RES100mN3336900E4392500;1.000000;3.1314;karte;https://www.umweltkarten-niedersachsen.de/Download_OE/HWSchutz/HWRMRL_Z2_Risikogebiete_HQextrem.zip;https://www.umweltkarten-niedersachsen.de/Download_OE/HWSchutz/HWRMRL_Z2_Wassertiefen_HQextrem.zip;2026-09-17
Hitzacker;HQextrem;CRS3035RES100mN3336900E4392600;1.000000;3.3639;karte;https://www.umweltkarten-niedersachsen.de/Download_OE/HWSchutz/HWRMRL_Z2_Risikogebiete_HQextrem.zip;https://www.umweltkarten-niedersachsen.de/Download_OE/HWSchutz/HWRMRL_Z2_Wassertiefen_HQextrem.zip;2026-09-17
Hitzacker;HQextrem;CRS3035RES100mN3336900E4392700;1.000000;3.0755;karte;https://www.umweltkarten-niedersachsen.de/Download_OE/HWSchutz/HWRMRL_Z2_Risikogebiete_HQextrem.zip;https://www.umweltkarten-niedersachsen.de/Download_OE/HWSchutz/HWRMRL_Z2_Wassertiefen_HQextrem.zip;2026-09-17
Hitzacker;HQextrem;CRS3035RES100mN3336900E4392800;1.000000;3.0000;karte;https://www.umweltkarten-niedersachsen.de/Download_OE/HWSchutz/HWRMRL_Z2_Risikogebiete_HQextrem.zip;https://www.umweltkarten-niedersachsen.de/Download_OE/HWSchutz/HWRMRL_Z2_Wassertiefen_HQextrem.zip;2026-09-17
Hitzacker;HQextrem;CRS3035RES100mN3336900E4392900;1.000000;3.0075;karte;https://www.umweltkarten-niedersachsen.de/Download_OE/HWSchutz/HWRMRL_Z2_Risikogebiete_HQextrem.zip;https://www.umweltkarten-niedersachsen.de/Download_OE/HWSchutz/HWRMRL_Z2_Wassertiefen_HQextrem.zip;2026-09-17
Hitzacker;HQextrem;CRS3035RES100mN3336900E4393000;1.000000;3.0000;karte;https://www.umweltkarten-niedersachsen.de/Download_OE/HWSchutz/HWRMRL_Z2_Risikogebiete_HQextrem.zip;https://www.umweltkarten-niedersachsen.de/Download_OE/HWSchutz/HWRMRL_Z2_Wassertiefen_HQextrem.zip;2026-09-17
Hitzacker;HQextrem;CRS3035RES100mN3337000E4391000;1.000000;0.4516;karte;https://www.umweltkarten-niedersachsen.de/Download_OE/HWSchutz/HWRMRL_Z2_Risikogebiete_HQextrem.zip;https://www.umweltkarten-niedersachsen.de/Download_OE/HWSchutz/HWRMRL_Z2_Wassertiefen_HQextrem.zip;2026-09-17
Hitzacker;HQextrem;CRS3035RES100mN3337000E4391100;1.000000;1.8874;karte;https://www.umweltkarten-niedersachsen.de/Download_OE/HWSchutz/HWRMRL_Z2_Risikogebiete_HQextrem.zip;https://www.umweltkarten-niedersachsen.de/Download_OE/HWSchutz/HWRMRL_Z2_Wassertiefen_HQextrem.zip;2026-09-17
Hitzacker;HQextrem;CRS3035RES100mN3337000E4391200;1.000000;3.4967;karte;https://www.umweltkarten-niedersachsen.de/Download_OE/HWSchutz/HWRMRL_Z2_Risikogebiete_HQextrem.zip;https://www.umweltkarten-niedersachsen.de/Download_OE/HWSchutz/HWRMRL_Z2_Wassertiefen_HQextrem.zip;2026-09-17
Hitzacker;HQextrem;CRS3035RES100mN3337000E4391300;1.000000;3.7680;karte;https://www.umweltkarten-niedersachsen.de/Download_OE/HWSchutz/HWRMRL_Z2_Risikogebiete_HQextrem.zip;https://www.umweltkarten-niedersachsen.de/Download_OE/HWSchutz/HWRMRL_Z2_Wassertiefen_HQextrem.zip;2026-09-17
Hitzacker;HQextrem;CRS3035RES100mN3337000E4391400;1.000000;3.5000;karte;https://www.umweltkarten-niedersachsen.de/Download_OE/HWSchutz/HWRMRL_Z2_Risikogebiete_HQextrem.zip;https://www.umweltkarten-niedersachsen.de/Download_OE/HWSchutz/HWRMRL_Z2_Wassertiefen_HQextrem.zip;2026-09-17
Hitzacker;HQextrem;CRS3035RES100mN3337000E4391500;1.000000;3.5000;karte;https://www.umweltkarten-niedersachsen.de/Download_OE/HWSchutz/HWRMRL_Z2_Risikogebiete_HQextrem.zip;https://www.umweltkarten-niedersachsen.de/Download_OE/HWSchutz/HWRMRL_Z2_Wassertiefen_HQextrem.zip;2026-09-17
Hitzacker;HQextrem;CRS3035RES100mN3337000E4391600;1.000000;3.4149;karte;https://www.umweltkarten-niedersachsen.de/Download_OE/HWSchutz/HWRMRL_Z2_Risikogebiete_HQextrem.zip;https://www.umweltkarten-niedersachsen.de/Download_OE/HWSchutz/HWRMRL_Z2_Wassertiefen_HQextrem.zip;2026-09-17
Hitzacker;HQextrem;CRS3035RES100mN3337000E4391700;1.000000;3.0417;karte;https://www.umweltkarten-niedersachsen.de/Download_OE/HWSchutz/HWRMRL_Z2_Risikogebiete_HQextrem.zip;https://www.umweltkarten-niedersachsen.de/Download_OE/HWSchutz/HWRMRL_Z2_Wassertiefen_HQextrem.zip;2026-09-17
Hitzacker;HQextrem;CRS3035RES100mN3337000E4391800;1.000000;3.1416;karte;https://www.umweltkarten-niedersachsen.de/Download_OE/HWSchutz/HWRMRL_Z2_Risikogebiete_HQextrem.zip;https://www.umweltkarten-niedersachsen.de/Download_OE/HWSchutz/HWRMRL_Z2_Wassertiefen_HQextrem.zip;2026-09-17
Hitzacker;HQextrem;CRS3035RES100mN3337000E4391900;1.000000;3.3601;karte;https://www.umweltkarten-niedersachsen.de/Download_OE/HWSchutz/HWRMRL_Z2_Risikogebiete_HQextrem.zip;https://www.umweltkarten-niedersachsen.de/Download_OE/HWSchutz/HWRMRL_Z2_Wassertiefen_HQextrem.zip;2026-09-17
Hitzacker;HQextrem;CRS3035RES100mN3337000E4392000;1.000000;2.5273;karte;https://www.umweltkarten-niedersachsen.de/Download_OE/HWSchutz/HWRMRL_Z2_Risikogebiete_HQextrem.zip;https://www.umweltkarten-niedersachsen.de/Download_OE/HWSchutz/HWRMRL_Z2_Wassertiefen_HQextrem.zip;2026-09-17
Hitzacker;HQextrem;CRS3035RES100mN3337000E4392100;1.000000;2.6799;karte;https://www.umweltkarten-niedersachsen.de/Download_OE/HWSchutz/HWRMRL_Z2_Risikogebiete_HQextrem.zip;https://www.umweltkarten-niedersachsen.de/Download_OE/HWSchutz/HWRMRL_Z2_Wassertiefen_HQextrem.zip;2026-09-17
Hitzacker;HQextrem;CRS3035RES100mN3337000E4392200;1.000000;3.0000;karte;https://www.umweltkarten-niedersachsen.de/Download_OE/HWSchutz/HWRMRL_Z2_Risikogebiete_HQextrem.zip;https://www.umweltkarten-niedersachsen.de/Download_OE/HWSchutz/HWRMRL_Z2_Wassertiefen_HQextrem.zip;2026-09-17
Hitzacker;HQextrem;CRS3035RES100mN3337000E4392300;1.000000;3.0000;karte;https://www.umweltkarten-niedersachsen.de/Download_OE/HWSchutz/HWRMRL_Z2_Risikogebiete_HQextrem.zip;https://www.umweltkarten-niedersachsen.de/Download_OE/HWSchutz/HWRMRL_Z2_Wassertiefen_HQextrem.zip;2026-09-17
Hitzacker;HQextrem;CRS3035RES100mN3337000E4392400;1.000000;3.0000;karte;https://www.umweltkarten-niedersachsen.de/Download_OE/HWSchutz/HWRMRL_Z2_Risikogebiete_HQextrem.zip;https://www.umweltkarten-niedersachsen.de/Download_OE/HWSchutz/HWRMRL_Z2_Wassertiefen_HQextrem.zip;2026-09-17
Hitzacker;HQextrem;CRS3035RES100mN3337000E4392500;1.000000;3.0041;karte;https://www.umweltkarten-niedersachsen.de/Download_OE/HWSchutz/HWRMRL_Z2_Risikogebiete_HQextrem.zip;https://www.umweltkarten-niedersachsen.de/Download_OE/HWSchutz/HWRMRL_Z2_Wassertiefen_HQextrem.zip;2026-09-17
Hitzacker;HQextrem;CRS3035RES100mN3337000E4392600;1.000000;3.0249;karte;https://www.umweltkarten-niedersachsen.de/Download_OE/HWSchutz/HWRMRL_Z2_Risikogebiete_HQextrem.zip;https://www.umweltkarten-niedersachsen.de/Download_OE/HWSchutz/HWRMRL_Z2_Wassertiefen_HQextrem.zip;2026-09-17
Hitzacker;HQextrem;CRS3035RES100mN3337000E4392700;1.000000;3.0000;karte;https://www.umweltkarten-niedersachsen.de/Download_OE/HWSchutz/HWRMRL_Z2_Risikogebiete_HQextrem.zip;https://www.umweltkarten-niedersachsen.de/Download_OE/HWSchutz/HWRMRL_Z2_Wassertiefen_HQextrem.zip;2026-09-17
Hitzacker;HQextrem;CRS3035RES100mN3337000E4392800;1.000000;3.0050;karte;https://www.umweltkarten-niedersachsen.de/Download_OE/HWSchutz/HWRMRL_Z2_Risikogebiete_HQextrem.zip;https://www.umweltkarten-niedersachsen.de/Download_OE/HWSchutz/HWRMRL_Z2_Wassertiefen_HQextrem.zip;2026-09-17
Hitzacker;HQextrem;CRS3035RES100mN3337000E4392900;1.000000;3.0000;karte;https://www.umweltkarten-niedersachsen.de/Download_OE/HWSchutz/HWRMRL_Z2_Risikogebiete_HQextrem.zip;https://www.umweltkarten-niedersachsen.de/Download_OE/HWSchutz/HWRMRL_Z2_Wassertiefen_HQextrem.zip;2026-09-17
Hitzacker;HQextrem;CRS3035RES100mN3337000E4393000;1.000000;3.0000;karte;https://www.umweltkarten-niedersachsen.de/Download_OE/HWSchutz/HWRMRL_Z2_Risikogebiete_HQextrem.zip;https://www.umweltkarten-niedersachsen.de/Download_OE/HWSchutz/HWRMRL_Z2_Wassertiefen_HQextrem.zip;2026-09-17
Hitzacker;HQextrem;CRS3035RES100mN3337000E4393100;1.000000;2.7841;karte;https://www.umweltkarten-niedersachsen.de/Download_OE/HWSchutz/HWRMRL_Z2_Risikogebiete_HQextrem.zip;https://www.umweltkarten-niedersachsen.de/Download_OE/HWSchutz/HWRMRL_Z2_Wassertiefen_HQextrem.zip;2026-09-17
Hitzacker;HQextrem;CRS3035RES100mN3337000E4393200;1.000000;2.4864;karte;https://www.umweltkarten-niedersachsen.de/Download_OE/HWSchutz/HWRMRL_Z2_Risikogebiete_HQextrem.zip;https://www.umweltkarten-niedersachsen.de/Download_OE/HWSchutz/HWRMRL_Z2_Wassertiefen_HQextrem.zip;2026-09-17
Hitzacker;HQextrem;CRS3035RES100mN3337000E4393300;1.000000;2.2496;karte;https://www.umweltkarten-niedersachsen.de/Download_OE/HWSchutz/HWRMRL_Z2_Risikogebiete_HQextrem.zip;https://www.umweltkarten-niedersachsen.de/Download_OE/HWSchutz/HWRMRL_Z2_Wassertiefen_HQextrem.zip;2026-09-17
Hitzacker;HQextrem;CRS3035RES100mN3337100E4390900;0.082968;0.2516;karte;https://www.umweltkarten-niedersachsen.de/Download_OE/HWSchutz/HWRMRL_Z2_Risikogebiete_HQextrem.zip;https://www.umweltkarten-niedersachsen.de/Download_OE/HWSchutz/HWRMRL_Z2_Wassertiefen_HQextrem.zip;2026-09-17
Hitzacker;HQextrem;CRS3035RES100mN3337100E4391000;1.000000;1.7005;karte;https://www.umweltkarten-niedersachsen.de/Download_OE/HWSchutz/HWRMRL_Z2_Risikogebiete_HQextrem.zip;https://www.umweltkarten-niedersachsen.de/Download_OE/HWSchutz/HWRMRL_Z2_Wassertiefen_HQextrem.zip;2026-09-17
Hitzacker;HQextrem;CRS3035RES100mN3337100E4391100;1.000000;3.2585;karte;https://www.umweltkarten-niedersachsen.de/Download_OE/HWSchutz/HWRMRL_Z2_Risikogebiete_HQextrem.zip;https://www.umweltkarten-niedersachsen.de/Download_OE/HWSchutz/HWRMRL_Z2_Wassertiefen_HQextrem.zip;2026-09-17
Hitzacker;HQextrem;CRS3035RES100mN3337100E4391200;1.000000;3.7212;karte;https://www.umweltkarten-niedersachsen.de/Download_OE/HWSchutz/HWRMRL_Z2_Risikogebiete_HQextrem.zip;https://www.umweltkarten-niedersachsen.de/Download_OE/HWSchutz/HWRMRL_Z2_Wassertiefen_HQextrem.zip;2026-09-17
Hitzacker;HQextrem;CRS3035RES100mN3337100E4391300;1.000000;3.5145;karte;https://www.umweltkarten-niedersachsen.de/Download_OE/HWSchutz/HWRMRL_Z2_Risikogebiete_HQextrem.zip;https://www.umweltkarten-niedersachsen.de/Download_OE/HWSchutz/HWRMRL_Z2_Wassertiefen_HQextrem.zip;2026-09-17
Hitzacker;HQextrem;CRS3035RES100mN3337100E4391400;1.000000;3.4955;karte;https://www.umweltkarten-niedersachsen.de/Download_OE/HWSchutz/HWRMRL_Z2_Risikogebiete_HQextrem.zip;https://www.umweltkarten-niedersachsen.de/Download_OE/HWSchutz/HWRMRL_Z2_Wassertiefen_HQextrem.zip;2026-09-17
Hitzacker;HQextrem;CRS3035RES100mN3337100E4391500;1.000000;3.3161;karte;https://www.umweltkarten-niedersachsen.de/Download_OE/HWSchutz/HWRMRL_Z2_Risikogebiete_HQextrem.zip;https://www.umweltkarten-niedersachsen.de/Download_OE/HWSchutz/HWRMRL_Z2_Wassertiefen_HQextrem.zip;2026-09-17
Hitzacker;HQextrem;CRS3035RES100mN3337100E4391600;1.000000;3.5000;karte;https://www.umweltkarten-niedersachsen.de/Download_OE/HWSchutz/HWRMRL_Z2_Risikogebiete_HQextrem.zip;https://www.umweltkarten-niedersachsen.de/Download_OE/HWSchutz/HWRMRL_Z2_Wassertiefen_HQextrem.zip;2026-09-17
Hitzacker;HQextrem;CRS3035RES100mN3337100E4391700;1.000000;3.4936;karte;https://www.umweltkarten-niedersachsen.de/Download_OE/HWSchutz/HWRMRL_Z2_Risikogebiete_HQextrem.zip;https://www.umweltkarten-niedersachsen.de/Download_OE/HWSchutz/HWRMRL_Z2_Wassertiefen_HQextrem.zip;2026-09-17
Hitzacker;HQextrem;CRS3035RES100mN3337100E4391800;1.000000;3.0741;karte;https://www.umweltkarten-niedersachsen.de/Download_OE/HWSchutz/HWRMRL_Z2_Risikogebiete_HQextrem.zip;https://www.umweltkarten-niedersachsen.de/Download_OE/HWSchutz/HWRMRL_Z2_Wassertiefen_HQextrem.zip;2026-09-17
Hitzacker;HQextrem;CRS3035RES100mN3337100E4391900;1.000000;3.2644;karte;https://www.umweltkarten-niedersachsen.de/Download_OE/HWSchutz/HWRMRL_Z2_Risikogebiete_HQextrem.zip;https://www.umweltkarten-niedersachsen.de/Download_OE/HWSchutz/HWRMRL_Z2_Wassertiefen_HQextrem.zip;2026-09-17
Hitzacker;HQextrem;CRS3035RES100mN3337100E4392000;1.000000;3.2265;karte;https://www.umweltkarten-niedersachsen.de/Download_OE/HWSchutz/HWRMRL_Z2_Risikogebiete_HQextrem.zip;https://www.umweltkarten-niedersachsen.de/Download_OE/HWSchutz/HWRMRL_Z2_Wassertiefen_HQextrem.zip;2026-09-17
Hitzacker;HQextrem;CRS3035RES100mN3337100E4392100;1.000000;2.7617;karte;https://www.umweltkarten-niedersachsen.de/Download_OE/HWSchutz/HWRMRL_Z2_Risikogebiete_HQextrem.zip;https://www.umweltkarten-niedersachsen.de/Download_OE/HWSchutz/HWRMRL_Z2_Wassertiefen_HQextrem.zip;2026-09-17
Hitzacker;HQextrem;CRS3035RES100mN3337100E4392200;1.000000;2.4214;karte;https://www.umweltkarten-niedersachsen.de/Download_OE/HWSchutz/HWRMRL_Z2_Risikogebiete_HQextrem.zip;https://www.umweltkarten-niedersachsen.de/Download_OE/HWSchutz/HWRMRL_Z2_Wassertiefen_HQextrem.zip;2026-09-17
Hitzacker;HQextrem;CRS3035RES100mN3337100E4392300;1.000000;2.6957;karte;https://www.umweltkarten-niedersachsen.de/Download_OE/HWSchutz/HWRMRL_Z2_Risikogebiete_HQextrem.zip;https://www.umweltkarten-niedersachsen.de/Download_OE/HWSchutz/HWRMRL_Z2_Wassertiefen_HQextrem.zip;2026-09-17
Hitzacker;HQextrem;CRS3035RES100mN3337100E4392400;1.000000;2.9874;karte;https://www.umweltkarten-niedersachsen.de/Download_OE/HWSchutz/HWRMRL_Z2_Risikogebiete_HQextrem.zip;https://www.umweltkarten-niedersachsen.de/Download_OE/HWSchutz/HWRMRL_Z2_Wassertiefen_HQextrem.zip;2026-09-17
Hitzacker;HQextrem;CRS3035RES100mN3337100E4392500;1.000000;3.0000;karte;https://www.umweltkarten-niedersachsen.de/Download_OE/HWSchutz/HWRMRL_Z2_Risikogebiete_HQextrem.zip;https://www.umweltkarten-niedersachsen.de/Download_OE/HWSchutz/HWRMRL_Z2_Wassertiefen_HQextrem.zip;2026-09-17
Hitzacker;HQextrem;CRS3035RES100mN3337100E4392600;1.000000;3.0201;karte;https://www.umweltkarten-niedersachsen.de/Download_OE/HWSchutz/HWRMRL_Z2_Risikogebiete_HQextrem.zip;https://www.umweltkarten-niedersachsen.de/Download_OE/HWSchutz/HWRMRL_Z2_Wassertiefen_HQextrem.zip;2026-09-17
Hitzacker;HQextrem;CRS3035RES100mN3337100E4392700;1.000000;3.0000;karte;https://www.umweltkarten-niedersachsen.de/Download_OE/HWSchutz/HWRMRL_Z2_Risikogebiete_HQextrem.zip;https://www.umweltkarten-niedersachsen.de/Download_OE/HWSchutz/HWRMRL_Z2_Wassertiefen_HQextrem.zip;2026-09-17
Hitzacker;HQextrem;CRS3035RES100mN3337100E4392800;1.000000;3.0025;karte;https://www.umweltkarten-niedersachsen.de/Download_OE/HWSchutz/HWRMRL_Z2_Risikogebiete_HQextrem.zip;https://www.umweltkarten-niedersachsen.de/Download_OE/HWSchutz/HWRMRL_Z2_Wassertiefen_HQextrem.zip;2026-09-17
Hitzacker;HQextrem;CRS3035RES100mN3337100E4392900;1.000000;2.9911;karte;https://www.umweltkarten-niedersachsen.de/Download_OE/HWSchutz/HWRMRL_Z2_Risikogebiete_HQextrem.zip;https://www.umweltkarten-niedersachsen.de/Download_OE/HWSchutz/HWRMRL_Z2_Wassertiefen_HQextrem.zip;2026-09-17
Hitzacker;HQextrem;CRS3035RES100mN3337100E4393000;1.000000;2.4719;karte;https://www.umweltkarten-niedersachsen.de/Download_OE/HWSchutz/HWRMRL_Z2_Risikogebiete_HQextrem.zip;https://www.umweltkarten-niedersachsen.de/Download_OE/HWSchutz/HWRMRL_Z2_Wassertiefen_HQextrem.zip;2026-09-17
Hitzacker;HQextrem;CRS3035RES100mN3337100E4393100;1.000000;1.4704;karte;https://www.umweltkarten-niedersachsen.de/Download_OE/HWSchutz/HWRMRL_Z2_Risikogebiete_HQextrem.zip;https://www.umweltkarten-niedersachsen.de/Download_OE/HWSchutz/HWRMRL_Z2_Wassertiefen_HQextrem.zip;2026-09-17
Hitzacker;HQextrem;CRS3035RES100mN3337100E4393200;1.000000;1.2203;karte;https://www.umweltkarten-niedersachsen.de/Download_OE/HWSchutz/HWRMRL_Z2_Risikogebiete_HQextrem.zip;https://www.umweltkarten-niedersachsen.de/Download_OE/HWSchutz/HWRMRL_Z2_Wassertiefen_HQextrem.zip;2026-09-17
Hitzacker;HQextrem;CRS3035RES100mN3337100E4393300;1.000000;2.6660;karte;https://www.umweltkarten-niedersachsen.de/Download_OE/HWSchutz/HWRMRL_Z2_Risikogebiete_HQextrem.zip;https://www.umweltkarten-niedersachsen.de/Download_OE/HWSchutz/HWRMRL_Z2_Wassertiefen_HQextrem.zip;2026-09-17
Hitzacker;HQextrem;CRS3035RES100mN3337200E4390900;0.869151;0.3875;karte;https://www.umweltkarten-niedersachsen.de/Download_OE/HWSchutz/HWRMRL_Z2_Risikogebiete_HQextrem.zip;https://www.umweltkarten-niedersachsen.de/Download_OE/HWSchutz/HWRMRL_Z2_Wassertiefen_HQextrem.zip;2026-09-17
Hitzacker;HQextrem;CRS3035RES100mN3337200E4391000;1.000000;2.8778;karte;https://www.umweltkarten-niedersachsen.de/Download_OE/HWSchutz/HWRMRL_Z2_Risikogebiete_HQextrem.zip;https://www.umweltkarten-niedersachsen.de/Download_OE/HWSchutz/HWRMRL_Z2_Wassertiefen_HQextrem.zip;2026-09-17
Hitzacker;HQextrem;CRS3035RES100mN3337200E4391100;1.000000;3.4283;karte;https://www.umweltkarten-niedersachsen.de/Download_OE/HWSchutz/HWRMRL_Z2_Risikogebiete_HQextrem.zip;https://www.umweltkarten-niedersachsen.de/Download_OE/HWSchutz/HWRMRL_Z2_Wassertiefen_HQextrem.zip;2026-09-17
Hitzacker;HQextrem;CRS3035RES100mN3337200E4391200;1.000000;3.8168;karte;https://www.umweltkarten-niedersachsen.de/Download_OE/HWSchutz/HWRMRL_Z2_Risikogebiete_HQextrem.zip;https://www.umweltkarten-niedersachsen.de/Download_OE/HWSchutz/HWRMRL_Z2_Wassertiefen_HQextrem.zip;2026-09-17
Hitzacker;HQextrem;CRS3035RES100mN3337200E4391300;1.000000;3.3231;karte;https://www.umweltkarten-niedersachsen.de/Download_OE/HWSchutz/HWRMRL_Z2_Risikogebiete_HQextrem.zip;https://www.umweltkarten-niedersachsen.de/Download_OE/HWSchutz/HWRMRL_Z2_Wassertiefen_HQextrem.zip;2026-09-17
Hitzacker;HQextrem;CRS3035RES100mN3337200E4391400;1.000000;3.4289;karte;https://www.umweltkarten-niedersachsen.de/Download_OE/HWSchutz/HWRMRL_Z2_Risikogebiete_HQextrem.zip;https://www.umweltkarten-niedersachsen.de/Download_OE/HWSchutz/HWRMRL_Z2_Wassertiefen_HQextrem.zip;2026-09-17
Hitzacker;HQextrem;CRS3035RES100mN3337200E4391500;1.000000;3.2072;karte;https://www.umweltkarten-niedersachsen.de/Download_OE/HWSchutz/HWRMRL_Z2_Risikogebiete_HQextrem.zip;https://www.umweltkarten-niedersachsen.de/Download_OE/HWSchutz/HWRMRL_Z2_Wassertiefen_HQextrem.zip;2026-09-17
Hitzacker;HQextrem;CRS3035RES100mN3337200E4391600;1.000000;3.4273;karte;https://www.umweltkarten-niedersachsen.de/Download_OE/HWSchutz/HWRMRL_Z2_Risikogebiete_HQextrem.zip;https://www.umweltkarten-niedersachsen.de/Download_OE/HWSchutz/HWRMRL_Z2_Wassertiefen_HQextrem.zip;2026-09-17
Hitzacker;HQextrem;CRS3035RES100mN3337200E4391700;1.000000;3.4992;karte;https://www.umweltkarten-niedersachsen.de/Download_OE/HWSchutz/HWRMRL_Z2_Risikogebiete_HQextrem.zip;https://www.umweltkarten-niedersachsen.de/Download_OE/HWSchutz/HWRMRL_Z2_Wassertiefen_HQextrem.zip;2026-09-17
Hitzacker;HQextrem;CRS3035RES100mN3337200E4391800;1.000000;3.0722;karte;https://www.umweltkarten-niedersachsen.de/Download_OE/HWSchutz/HWRMRL_Z2_Risikogebiete_HQextrem.zip;https://www.umweltkarten-niedersachsen.de/Download_OE/HWSchutz/HWRMRL_Z2_Wassertiefen_HQextrem.zip;2026-09-17
Hitzacker;HQextrem;CRS3035RES100mN3337200E4391900;1.000000;3.2077;karte;https://www.umweltkarten-niedersachsen.de/Download_OE/HWSchutz/HWRMRL_Z2_Risikogebiete_HQextrem.zip;https://www.umweltkarten-niedersachsen.de/Download_OE/HWSchutz/HWRMRL_Z2_Wassertiefen_HQextrem.zip;2026-09-17
Hitzacker;HQextrem;CRS3035RES100mN3337200E4392000;1.000000;3.1339;karte;https://www.umweltkarten-niedersachsen.de/Download_OE/HWSchutz/HWRMRL_Z2_Risikogebiete_HQextrem.zip;https://www.umweltkarten-niedersachsen.de/Download_OE/HWSchutz/HWRMRL_Z2_Wassertiefen_HQextrem.zip;2026-09-17
Hitzacker;HQextrem;CRS3035RES100mN3337200E4392100;1.000000;3.0000;karte;https://www.umweltkarten-niedersachsen.de/Download_OE/HWSchutz/HWRMRL_Z2_Risikogebiete_HQextrem.zip;https://www.umweltkarten-niedersachsen.de/Download_OE/HWSchutz/HWRMRL_Z2_Wassertiefen_HQextrem.zip;2026-09-17
Hitzacker;HQextrem;CRS3035RES100mN3337200E4392200;1.000000;3.0000;karte;https://www.umweltkarten-niedersachsen.de/Download_OE/HWSchutz/HWRMRL_Z2_Risikogebiete_HQextrem.zip;https://www.umweltkarten-niedersachsen.de/Download_OE/HWSchutz/HWRMRL_Z2_Wassertiefen_HQextrem.zip;2026-09-17
Hitzacker;HQextrem;CRS3035RES100mN3337200E4392300;1.000000;2.8610;karte;https://www.umweltkarten-niedersachsen.de/Download_OE/HWSchutz/HWRMRL_Z2_Risikogebiete_HQextrem.zip;https://www.umweltkarten-niedersachsen.de/Download_OE/HWSchutz/HWRMRL_Z2_Wassertiefen_HQextrem.zip;2026-09-17
Hitzacker;HQextrem;CRS3035RES100mN3337200E4392400;1.000000;2.5686;karte;https://www.umweltkarten-niedersachsen.de/Download_OE/HWSchutz/HWRMRL_Z2_Risikogebiete_HQextrem.zip;https://www.umweltkarten-niedersachsen.de/Download_OE/HWSchutz/HWRMRL_Z2_Wassertiefen_HQextrem.zip;2026-09-17
Hitzacker;HQextrem;CRS3035RES100mN3337200E4392500;1.000000;2.5605;karte;https://www.umweltkarten-niedersachsen.de/Download_OE/HWSchutz/HWRMRL_Z2_Risikogebiete_HQextrem.zip;https://www.umweltkarten-niedersachsen.de/Download_OE/HWSchutz/HWRMRL_Z2_Wassertiefen_HQextrem.zip;2026-09-17
Hitzacker;HQextrem;CRS3035RES100mN3337200E4392600;1.000000;2.8199;karte;https://www.umweltkarten-niedersachsen.de/Download_OE/HWSchutz/HWRMRL_Z2_Risikogebiete_HQextrem.zip;https://www.umweltkarten-niedersachsen.de/Download_OE/HWSchutz/HWRMRL_Z2_Wassertiefen_HQextrem.zip;2026-09-17
Hitzacker;HQextrem;CRS3035RES100mN3337200E4392700;1.000000;2.7112;karte;https://www.umweltkarten-niedersachsen.de/Download_OE/HWSchutz/HWRMRL_Z2_Risikogebiete_HQextrem.zip;https://www.umweltkarten-niedersachsen.de/Download_OE/HWSchutz/HWRMRL_Z2_Wassertiefen_HQextrem.zip;2026-09-17
Hitzacker;HQextrem;CRS3035RES100mN3337200E4392800;1.000000;2.9995;karte;https://www.umweltkarten-niedersachsen.de/Download_OE/HWSchutz/HWRMRL_Z2_Risikogebiete_HQextrem.zip;https://www.umweltkarten-niedersachsen.de/Download_OE/HWSchutz/HWRMRL_Z2_Wassertiefen_HQextrem.zip;2026-09-17
Hitzacker;HQextrem;CRS3035RES100mN3337200E4392900;1.000000;3.1162;karte;https://www.umweltkarten-niedersachsen.de/Download_OE/HWSchutz/HWRMRL_Z2_Risikogebiete_HQextrem.zip;https://www.umweltkarten-niedersachsen.de/Download_OE/HWSchutz/HWRMRL_Z2_Wassertiefen_HQextrem.zip;2026-09-17
Hitzacker;HQextrem;CRS3035RES100mN3337200E4393000;1.000000;2.5902;karte;https://www.umweltkarten-niedersachsen.de/Download_OE/HWSchutz/HWRMRL_Z2_Risikogebiete_HQextrem.zip;https://www.umweltkarten-niedersachsen.de/Download_OE/HWSchutz/HWRMRL_Z2_Wassertiefen_HQextrem.zip;2026-09-17
Hitzacker;HQextrem;CRS3035RES100mN3337200E4393100;1.000000;2.7286;karte;https://www.umweltkarten-niedersachsen.de/Download_OE/HWSchutz/HWRMRL_Z2_Risikogebiete_HQextrem.zip;https://www.umweltkarten-niedersachsen.de/Download_OE/HWSchutz/HWRMRL_Z2_Wassertiefen_HQextrem.zip;2026-09-17
Hitzacker;HQextrem;CRS3035RES100mN3337200E4393200;1.000000;3.1112;karte;https://www.umweltkarten-niedersachsen.de/Download_OE/HWSchutz/HWRMRL_Z2_Risikogebiete_HQextrem.zip;https://www.umweltkarten-niedersachsen.de/Download_OE/HWSchutz/HWRMRL_Z2_Wassertiefen_HQextrem.zip;2026-09-17
Hitzacker;HQextrem;CRS3035RES100mN3337200E4393300;1.000000;3.9457;karte;https://www.umweltkarten-niedersachsen.de/Download_OE/HWSchutz/HWRMRL_Z2_Risikogebiete_HQextrem.zip;https://www.umweltkarten-niedersachsen.de/Download_OE/HWSchutz/HWRMRL_Z2_Wassertiefen_HQextrem.zip;2026-09-17
Hitzacker;HQextrem;CRS3035RES100mN3337200E4393400;1.000000;3.9830;karte;https://www.umweltkarten-niedersachsen.de/Download_OE/HWSchutz/HWRMRL_Z2_Risikogebiete_HQextrem.zip;https://www.umweltkarten-niedersachsen.de/Download_OE/HWSchutz/HWRMRL_Z2_Wassertiefen_HQextrem.zip;2026-09-17
Hitzacker;HQextrem;CRS3035RES100mN3337300E4390800;0.062042;0.2638;karte;https://www.umweltkarten-niedersachsen.de/Download_OE/HWSchutz/HWRMRL_Z2_Risikogebiete_HQextrem.zip;https://www.umweltkarten-niedersachsen.de/Download_OE/HWSchutz/HWRMRL_Z2_Wassertiefen_HQextrem.zip;2026-09-17
Hitzacker;HQextrem;CRS3035RES100mN3337300E4390900;1.000000;1.6756;karte;https://www.umweltkarten-niedersachsen.de/Download_OE/HWSchutz/HWRMRL_Z2_Risikogebiete_HQextrem.zip;https://www.umweltkarten-niedersachsen.de/Download_OE/HWSchutz/HWRMRL_Z2_Wassertiefen_HQextrem.zip;2026-09-17
Hitzacker;HQextrem;CRS3035RES100mN3337300E4391000;1.000000;3.5129;karte;https://www.umweltkarten-niedersachsen.de/Download_OE/HWSchutz/HWRMRL_Z2_Risikogebiete_HQextrem.zip;https://www.umweltkarten-niedersachsen.de/Download_OE/HWSchutz/HWRMRL_Z2_Wassertiefen_HQextrem.zip;2026-09-17
Hitzacker;HQextrem;CRS3035RES100mN3337300E4391100;1.000000;3.7262;karte;https://www.umweltkarten-niedersachsen.de/Download_OE/HWSchutz/HWRMRL_Z2_Risikogebiete_HQextrem.zip;https://www.umweltkarten-niedersachsen.de/Download_OE/HWSchutz/HWRMRL_Z2_Wassertiefen_HQextrem.zip;2026-09-17
Hitzacker;HQextrem;CRS3035RES100mN3337300E4391200;1.000000;3.6845;karte;https://www.umweltkarten-niedersachsen.de/Download_OE/HWSchutz/HWRMRL_Z2_Risikogebiete_HQextrem.zip;https://www.umweltkarten-niedersachsen.de/Download_OE/HWSchutz/HWRMRL_Z2_Wassertiefen_HQextrem.zip;2026-09-17
Hitzacker;HQextrem;CRS3035RES100mN3337300E4391300;1.000000;3.2111;karte;https://www.umweltkarten-niedersachsen.de/Download_OE/HWSchutz/HWRMRL_Z2_Risikogebiete_HQextrem.zip;https://www.umweltkarten-niedersachsen.de/Download_OE/HWSchutz/HWRMRL_Z2_Wassertiefen_HQextrem.zip;2026-09-17
Hitzacker;HQextrem;CRS3035RES100mN3337300E4391400;1.000000;3.1559;karte;https://www.umweltkarten-niedersachsen.de/Download_OE/HWSchutz/HWRMRL_Z2_Risikogebiete_HQextrem.zip;https://www.umweltkarten-niedersachsen.de/Download_OE/HWSchutz/HWRMRL_Z2_Wassertiefen_HQextrem.zip;2026-09-17
Hitzacker;HQextrem;CRS3035RES100mN3337300E4391500;1.000000;3.4302;karte;https://www.umweltkarten-niedersachsen.de/Download_OE/HWSchutz/HWRMRL_Z2_Risikogebiete_HQextrem.zip;https://www.umweltkarten-niedersachsen.de/Download_OE/HWSchutz/HWRMRL_Z2_Wassertiefen_HQextrem.zip;2026-09-17
Hitzacker;HQextrem;CRS3035RES100mN3337300E4391600;1.000000;3.4653;karte;https://www.umweltkarten-niedersachsen.de/Download_OE/HWSchutz/HWRMRL_Z2_Risikogebiete_HQextrem.zip;https://www.umweltkarten-niedersachsen.de/Download_OE/HWSchutz/HWRMRL_Z2_Wassertiefen_HQextrem.zip;2026-09-17
Hitzacker;HQextrem;CRS3035RES100mN3337300E4391700;1.000000;3.2608;karte;https://www.umweltkarten-niedersachsen.de/Download_OE/HWSchutz/HWRMRL_Z2_Risikogebiete_HQextrem.zip;https://www.umweltkarten-niedersachsen.de/Download_OE/HWSchutz/HWRMRL_Z2_Wassertiefen_HQextrem.zip;2026-09-17
Hitzacker;HQextrem;CRS3035RES100mN3337300E4391800;1.000000;3.0013;karte;https://www.umweltkarten-niedersachsen.de/Download_OE/HWSchutz/HWRMRL_Z2_Risikogebiete_HQextrem.zip;https://www.umweltkarten-niedersachsen.de/Download_OE/HWSchutz/HWRMRL_Z2_Wassertiefen_HQextrem.zip;2026-09-17
Hitzacker;HQextrem;CRS3035RES100mN3337300E4391900;1.000000;3.1588;karte;https://www.umweltkarten-niedersachsen.de/Download_OE/HWSchutz/HWRMRL_Z2_Risikogebiete_HQextrem.zip;https://www.umweltkarten-niedersachsen.de/Download_OE/HWSchutz/HWRMRL_Z2_Wassertiefen_HQextrem.zip;2026-09-17
Hitzacker;HQextrem;CRS3035RES100mN3337300E4392000;1.000000;3.0220;karte;https://www.umweltkarten-niedersachsen.de/Download_OE/HWSchutz/HWRMRL_Z2_Risikogebiete_HQextrem.zip;https://www.umweltkarten-niedersachsen.de/Download_OE/HWSchutz/HWRMRL_Z2_Wassertiefen_HQextrem.zip;2026-09-17
Hitzacker;HQextrem;CRS3035RES100mN3337300E4392100;1.000000;3.0000;karte;https://www.umweltkarten-niedersachsen.de/Download_OE/HWSchutz/HWRMRL_Z2_Risikogebiete_HQextrem.zip;https://www.umweltkarten-niedersachsen.de/Download_OE/HWSchutz/HWRMRL_Z2_Wassertiefen_HQextrem.zip;2026-09-17
Hitzacker;HQextrem;CRS3035RES100mN3337300E4392200;1.000000;3.0000;karte;https://www.umweltkarten-niedersachsen.de/Download_OE/HWSchutz/HWRMRL_Z2_Risikogebiete_HQextrem.zip;https://www.umweltkarten-niedersachsen.de/Download_OE/HWSchutz/HWRMRL_Z2_Wassertiefen_HQextrem.zip;2026-09-17
Hitzacker;HQextrem;CRS3035RES100mN3337300E4392300;1.000000;3.0000;karte;https://www.umweltkarten-niedersachsen.de/Download_OE/HWSchutz/HWRMRL_Z2_Risikogebiete_HQextrem.zip;https://www.umweltkarten-niedersachsen.de/Download_OE/HWSchutz/HWRMRL_Z2_Wassertiefen_HQextrem.zip;2026-09-17
Hitzacker;HQextrem;CRS3035RES100mN3337300E4392400;1.000000;3.0000;karte;https://www.umweltkarten-niedersachsen.de/Download_OE/HWSchutz/HWRMRL_Z2_Risikogebiete_HQextrem.zip;https://www.umweltkarten-niedersachsen.de/Download_OE/HWSchutz/HWRMRL_Z2_Wassertiefen_HQextrem.zip;2026-09-17
Hitzacker;HQextrem;CRS3035RES100mN3337300E4392500;1.000000;2.6336;karte;https://www.umweltkarten-niedersachsen.de/Download_OE/HWSchutz/HWRMRL_Z2_Risikogebiete_HQextrem.zip;https://www.umweltkarten-niedersachsen.de/Download_OE/HWSchutz/HWRMRL_Z2_Wassertiefen_HQextrem.zip;2026-09-17
Hitzacker;HQextrem;CRS3035RES100mN3337300E4392600;1.000000;2.9789;karte;https://www.umweltkarten-niedersachsen.de/Download_OE/HWSchutz/HWRMRL_Z2_Risikogebiete_HQextrem.zip;https://www.umweltkarten-niedersachsen.de/Download_OE/HWSchutz/HWRMRL_Z2_Wassertiefen_HQextrem.zip;2026-09-17
Hitzacker;HQextrem;CRS3035RES100mN3337300E4392700;1.000000;3.4943;karte;https://www.umweltkarten-niedersachsen.de/Download_OE/HWSchutz/HWRMRL_Z2_Risikogebiete_HQextrem.zip;https://www.umweltkarten-niedersachsen.de/Download_OE/HWSchutz/HWRMRL_Z2_Wassertiefen_HQextrem.zip;2026-09-17
Hitzacker;HQextrem;CRS3035RES100mN3337300E4392800;1.000000;3.5102;karte;https://www.umweltkarten-niedersachsen.de/Download_OE/HWSchutz/HWRMRL_Z2_Risikogebiete_HQextrem.zip;https://www.umweltkarten-niedersachsen.de/Download_OE/HWSchutz/HWRMRL_Z2_Wassertiefen_HQextrem.zip;2026-09-17
Hitzacker;HQextrem;CRS3035RES100mN3337300E4392900;1.000000;3.5416;karte;https://www.umweltkarten-niedersachsen.de/Download_OE/HWSchutz/HWRMRL_Z2_Risikogebiete_HQextrem.zip;https://www.umweltkarten-niedersachsen.de/Download_OE/HWSchutz/HWRMRL_Z2_Wassertiefen_HQextrem.zip;2026-09-17
Hitzacker;HQextrem;CRS3035RES100mN3337300E4393000;1.000000;3.6109;karte;https://www.umweltkarten-niedersachsen.de/Download_OE/HWSchutz/HWRMRL_Z2_Risikogebiete_HQextrem.zip;https://www.umweltkarten-niedersachsen.de/Download_OE/HWSchutz/HWRMRL_Z2_Wassertiefen_HQextrem.zip;2026-09-17
Hitzacker;HQextrem;CRS3035RES100mN3337300E4393100;1.000000;3.8829;karte;https://www.umweltkarten-niedersachsen.de/Download_OE/HWSchutz/HWRMRL_Z2_Risikogebiete_HQextrem.zip;https://www.umweltkarten-niedersachsen.de/Download_OE/HWSchutz/HWRMRL_Z2_Wassertiefen_HQextrem.zip;2026-09-17
Hitzacker;HQextrem;CRS3035RES100mN3337300E4393200;1.000000;3.9782;karte;https://www.umweltkarten-niedersachsen.de/Download_OE/HWSchutz/HWRMRL_Z2_Risikogebiete_HQextrem.zip;https://www.umweltkarten-niedersachsen.de/Download_OE/HWSchutz/HWRMRL_Z2_Wassertiefen_HQextrem.zip;2026-09-17
Hitzacker;HQextrem;CRS3035RES100mN3337300E4393300;1.000000;4.0000;karte;https://www.umweltkarten-niedersachsen.de/Download_OE/HWSchutz/HWRMRL_Z2_Risikogebiete_HQextrem.zip;https://www.umweltkarten-niedersachsen.de/Download_OE/HWSchutz/HWRMRL_Z2_Wassertiefen_HQextrem.zip;2026-09-17
Hitzacker;HQextrem;CRS3035RES100mN3337400E4390800;0.827318;0.9526;karte;https://www.umweltkarten-niedersachsen.de/Download_OE/HWSchutz/HWRMRL_Z2_Risikogebiete_HQextrem.zip;https://www.umweltkarten-niedersachsen.de/Download_OE/HWSchutz/HWRMRL_Z2_Wassertiefen_HQextrem.zip;2026-09-17
Hitzacker;HQextrem;CRS3035RES100mN3337400E4390900;1.000000;2.8197;karte;https://www.umweltkarten-niedersachsen.de/Download_OE/HWSchutz/HWRMRL_Z2_Risikogebiete_HQextrem.zip;https://www.umweltkarten-niedersachsen.de/Download_OE/HWSchutz/HWRMRL_Z2_Wassertiefen_HQextrem.zip;2026-09-17
Hitzacker;HQextrem;CRS3035RES100mN3337400E4391000;1.000000;3.7581;karte;https://www.umweltkarten-niedersachsen.de/Download_OE/HWSchutz/HWRMRL_Z2_Risikogebiete_HQextrem.zip;https://www.umweltkarten-niedersachsen.de/Download_OE/HWSchutz/HWRMRL_Z2_Wassertiefen_HQextrem.zip;2026-09-17
Hitzacker;HQextrem;CRS3035RES100mN3337400E4391100;1.000000;3.6536;karte;https://www.umweltkarten-niedersachsen.de/Download_OE/HWSchutz/HWRMRL_Z2_Risikogebiete_HQextrem.zip;https://www.umweltkarten-niedersachsen.de/Download_OE/HWSchutz/HWRMRL_Z2_Wassertiefen_HQextrem.zip;2026-09-17
Hitzacker;HQextrem;CRS3035RES100mN3337400E4391200;1.000000;3.5000;karte;https://www.umweltkarten-niedersachsen.de/Download_OE/HWSchutz/HWRMRL_Z2_Risikogebiete_HQextrem.zip;https://www.umweltkarten-niedersachsen.de/Download_OE/HWSchutz/HWRMRL_Z2_Wassertiefen_HQextrem.zip;2026-09-17
Hitzacker;HQextrem;CRS3035RES100mN3337400E4391300;1.000000;3.4798;karte;https://www.umweltkarten-niedersachsen.de/Download_OE/HWSchutz/HWRMRL_Z2_Risikogebiete_HQextrem.zip;https://www.umweltkarten-niedersachsen.de/Download_OE/HWSchutz/HWRMRL_Z2_Wassertiefen_HQextrem.zip;2026-09-17
Hitzacker;HQextrem;CRS3035RES100mN3337400E4391400;1.000000;3.1503;karte;https://www.umweltkarten-niedersachsen.de/Download_OE/HWSchutz/HWRMRL_Z2_Risikogebiete_HQextrem.zip;https://www.umweltkarten-niedersachsen.de/Download_OE/HWSchutz/HWRMRL_Z2_Wassertiefen_HQextrem.zip;2026-09-17
Hitzacker;HQextrem;CRS3035RES100mN3337400E4391500;1.000000;3.2654;karte;https://www.umweltkarten-niedersachsen.de/Download_OE/HWSchutz/HWRMRL_Z2_Risikogebiete_HQextrem.zip;https://www.umweltkarten-niedersachsen.de/Download_OE/HWSchutz/HWRMRL_Z2_Wassertiefen_HQextrem.zip;2026-09-17
Hitzacker;HQextrem;CRS3035RES100mN3337400E4391600;1.000000;3.0654;karte;https://www.umweltkarten-niedersachsen.de/Download_OE/HWSchutz/HWRMRL_Z2_Risikogebiete_HQextrem.zip;https://www.umweltkarten-niedersachsen.de/Download_OE/HWSchutz/HWRMRL_Z2_Wassertiefen_HQextrem.zip;2026-09-17
Hitzacker;HQextrem;CRS3035RES100mN3337400E4391700;1.000000;3.1248;karte;https://www.umweltkarten-niedersachsen.de/Download_OE/HWSchutz/HWRMRL_Z2_Risikogebiete_HQextrem.zip;https://www.umweltkarten-niedersachsen.de/Download_OE/HWSchutz/HWRMRL_Z2_Wassertiefen_HQextrem.zip;2026-09-17
Hitzacker;HQextrem;CRS3035RES100mN3337400E4391800;1.000000;3.0000;karte;https://www.umweltkarten-niedersachsen.de/Download_OE/HWSchutz/HWRMRL_Z2_Risikogebiete_HQextrem.zip;https://www.umweltkarten-niedersachsen.de/Download_OE/HWSchutz/HWRMRL_Z2_Wassertiefen_HQextrem.zip;2026-09-17
Hitzacker;HQextrem;CRS3035RES100mN3337400E4391900;1.000000;3.0000;karte;https://www.umweltkarten-niedersachsen.de/Download_OE/HWSchutz/HWRMRL_Z2_Risikogebiete_HQextrem.zip;https://www.umweltkarten-niedersachsen.de/Download_OE/HWSchutz/HWRMRL_Z2_Wassertiefen_HQextrem.zip;2026-09-17
Hitzacker;HQextrem;CRS3035RES100mN3337400E4392000;1.000000;3.0000;karte;https://www.umweltkarten-niedersachsen.de/Download_OE/HWSchutz/HWRMRL_Z2_Risikogebiete_HQextrem.zip;https://www.umweltkarten-niedersachsen.de/Download_OE/HWSchutz/HWRMRL_Z2_Wassertiefen_HQextrem.zip;2026-09-17
Hitzacker;HQextrem;CRS3035RES100mN3337400E4392100;1.000000;2.9866;karte;https://www.umweltkarten-niedersachsen.de/Download_OE/HWSchutz/HWRMRL_Z2_Risikogebiete_HQextrem.zip;https://www.umweltkarten-niedersachsen.de/Download_OE/HWSchutz/HWRMRL_Z2_Wassertiefen_HQextrem.zip;2026-09-17
Hitzacker;HQextrem;CRS3035RES100mN3337400E4392200;1.000000;3.0000;karte;https://www.umweltkarten-niedersachsen.de/Download_OE/HWSchutz/HWRMRL_Z2_Risikogebiete_HQextrem.zip;https://www.umweltkarten-niedersachsen.de/Download_OE/HWSchutz/HWRMRL_Z2_Wassertiefen_HQextrem.zip;2026-09-17
Hitzacker;HQextrem;CRS3035RES100mN3337400E4392300;1.000000;2.9961;karte;https://www.umweltkarten-niedersachsen.de/Download_OE/HWSchutz/HWRMRL_Z2_Risikogebiete_HQextrem.zip;https://www.umweltkarten-niedersachsen.de/Download_OE/HWSchutz/HWRMRL_Z2_Wassertiefen_HQextrem.zip;2026-09-17
Hitzacker;HQextrem;CRS3035RES100mN3337400E4392400;1.000000;2.7102;karte;https://www.umweltkarten-niedersachsen.de/Download_OE/HWSchutz/HWRMRL_Z2_Risikogebiete_HQextrem.zip;https://www.umweltkarten-niedersachsen.de/Download_OE/HWSchutz/HWRMRL_Z2_Wassertiefen_HQextrem.zip;2026-09-17
Hitzacker;HQextrem;CRS3035RES100mN3337400E4392500;1.000000;3.4026;karte;https://www.umweltkarten-niedersachsen.de/Download_OE/HWSchutz/HWRMRL_Z2_Risikogebiete_HQextrem.zip;https://www.umweltkarten-niedersachsen.de/Download_OE/HWSchutz/HWRMRL_Z2_Wassertiefen_HQextrem.zip;2026-09-17
Hitzacker;HQextrem;CRS3035RES100mN3337400E4392600;1.000000;3.4162;karte;https://www.umweltkarten-niedersachsen.de/Download_OE/HWSchutz/HWRMRL_Z2_Risikogebiete_HQextrem.zip;https://www.umweltkarten-niedersachsen.de/Download_OE/HWSchutz/HWRMRL_Z2_Wassertiefen_HQextrem.zip;2026-09-17
Hitzacker;HQextrem;CRS3035RES100mN3337400E4392700;1.000000;3.5238;karte;https://www.umweltkarten-niedersachsen.de/Download_OE/HWSchutz/HWRMRL_Z2_Risikogebiete_HQextrem.zip;https://www.umweltkarten-niedersachsen.de/Download_OE/HWSchutz/HWRMRL_Z2_Wassertiefen_HQextrem.zip;2026-09-17
Hitzacker;HQextrem;CRS3035RES100mN3337400E4392800;1.000000;3.6893;karte;https://www.umweltkarten-niedersachsen.de/Download_OE/HWSchutz/HWRMRL_Z2_Risikogebiete_HQextrem.zip;https://www.umweltkarten-niedersachsen.de/Download_OE/HWSchutz/HWRMRL_Z2_Wassertiefen_HQextrem.zip;2026-09-17
Hitzacker;HQextrem;CRS3035RES100mN3337400E4392900;1.000000;3.8906;karte;https://www.umweltkarten-niedersachsen.de/Download_OE/HWSchutz/HWRMRL_Z2_Risikogebiete_HQextrem.zip;https://www.umweltkarten-niedersachsen.de/Download_OE/HWSchutz/HWRMRL_Z2_Wassertiefen_HQextrem.zip;2026-09-17
Hitzacker;HQextrem;CRS3035RES100mN3337400E4393000;1.000000;4.0000;karte;https://www.umweltkarten-niedersachsen.de/Download_OE/HWSchutz/HWRMRL_Z2_Risikogebiete_HQextrem.zip;https://www.umweltkarten-niedersachsen.de/Download_OE/HWSchutz/HWRMRL_Z2_Wassertiefen_HQextrem.zip;2026-09-17
Hitzacker;HQextrem;CRS3035RES100mN3337400E4393100;1.000000;4.0000;karte;https://www.umweltkarten-niedersachsen.de/Download_OE/HWSchutz/HWRMRL_Z2_Risikogebiete_HQextrem.zip;https://www.umweltkarten-niedersachsen.de/Download_OE/HWSchutz/HWRMRL_Z2_Wassertiefen_HQextrem.zip;2026-09-17
Hitzacker;HQextrem;CRS3035RES100mN3337500E4390700;0.282497;0.6246;karte;https://www.umweltkarten-niedersachsen.de/Download_OE/HWSchutz/HWRMRL_Z2_Risikogebiete_HQextrem.zip;https://www.umweltkarten-niedersachsen.de/Download_OE/HWSchutz/HWRMRL_Z2_Wassertiefen_HQextrem.zip;2026-09-17
Hitzacker;HQextrem;CRS3035RES100mN3337500E4390800;1.000000;1.9175;karte;https://www.umweltkarten-niedersachsen.de/Download_OE/HWSchutz/HWRMRL_Z2_Risikogebiete_HQextrem.zip;https://www.umweltkarten-niedersachsen.de/Download_OE/HWSchutz/HWRMRL_Z2_Wassertiefen_HQextrem.zip;2026-09-17
Hitzacker;HQextrem;CRS3035RES100mN3337500E4390900;1.000000;3.7964;karte;https://www.umweltkarten-niedersachsen.de/Download_OE/HWSchutz/HWRMRL_Z2_Risikogebiete_HQextrem.zip;https://www.umweltkarten-niedersachsen.de/Download_OE/HWSchutz/HWRMRL_Z2_Wassertiefen_HQextrem.zip;2026-09-17
Hitzacker;HQextrem;CRS3035RES100mN3337500E4391000;1.000000;3.9955;karte;https://www.umweltkarten-niedersachsen.de/Download_OE/HWSchutz/HWRMRL_Z2_Risikogebiete_HQextrem.zip;https://www.umweltkarten-niedersachsen.de/Download_OE/HWSchutz/HWRMRL_Z2_Wassertiefen_HQextrem.zip;2026-09-17
Hitzacker;HQextrem;CRS3035RES100mN3337500E4391100;1.000000;3.8700;karte;https://www.umweltkarten-niedersachsen.de/Download_OE/HWSchutz/HWRMRL_Z2_Risikogebiete_HQextrem.zip;https://www.umweltkarten-niedersachsen.de/Download_OE/HWSchutz/HWRMRL_Z2_Wassertiefen_HQextrem.zip;2026-09-17
Hitzacker;HQextrem;CRS3035RES100mN3337500E4391200;1.000000;3.5817;karte;https://www.umweltkarten-niedersachsen.de/Download_OE/HWSchutz/HWRMRL_Z2_Risikogebiete_HQextrem.zip;https://www.umweltkarten-niedersachsen.de/Download_OE/HWSchutz/HWRMRL_Z2_Wassertiefen_HQextrem.zip;2026-09-17
Hitzacker;HQextrem;CRS3035RES100mN3337500E4391300;1.000000;3.4335;karte;https://www.umweltkarten-niedersachsen.de/Download_OE/HWSchutz/HWRMRL_Z2_Risikogebiete_HQextrem.zip;https://www.umweltkarten-niedersachsen.de/Download_OE/HWSchutz/HWRMRL_Z2_Wassertiefen_HQextrem.zip;2026-09-17
Hitzacker;HQextrem;CRS3035RES100mN3337500E4391400;1.000000;3.2663;karte;https://www.umweltkarten-niedersachsen.de/Download_OE/HWSchutz/HWRMRL_Z2_Risikogebiete_HQextrem.zip;https://www.umweltkarten-niedersachsen.de/Download_OE/HWSchutz/HWRMRL_Z2_Wassertiefen_HQextrem.zip;2026-09-17
Hitzacker;HQextrem;CRS3035RES100mN3337500E4391500;1.000000;3.0916;karte;https://www.umweltkarten-niedersachsen.de/Download_OE/HWSchutz/HWRMRL_Z2_Risikogebiete_HQextrem.zip;https://www.umweltkarten-niedersachsen.de/Download_OE/HWSchutz/HWRMRL_Z2_Wassertiefen_HQextrem.zip;2026-09-17
Hitzacker;HQextrem;CRS3035RES100mN3337500E4391600;1.000000;3.1999;karte;https://www.umweltkarten-niedersachsen.de/Download_OE/HWSchutz/HWRMRL_Z2_Risikogebiete_HQextrem.zip;https://www.umweltkarten-niedersachsen.de/Download_OE/HWSchutz/HWRMRL_Z2_Wassertiefen_HQextrem.zip;2026-09-17
Hitzacker;HQextrem;CRS3035RES100mN3337500E4391700;1.000000;3.0010;karte;https://www.umweltkarten-niedersachsen.de/Download_OE/HWSchutz/HWRMRL_Z2_Risikogebiete_HQextrem.zip;https://www.umweltkarten-niedersachsen.de/Download_OE/HWSchutz/HWRMRL_Z2_Wassertiefen_HQextrem.zip;2026-09-17
Hitzacker;HQextrem;CRS3035RES100mN3337500E4391800;1.000000;3.0000;karte;https://www.umweltkarten-niedersachsen.de/Download_OE/HWSchutz/HWRMRL_Z2_Risikogebiete_HQextrem.zip;https://www.umweltkarten-niedersachsen.de/Download_OE/HWSchutz/HWRMRL_Z2_Wassertiefen_HQextrem.zip;2026-09-17
Hitzacker;HQextrem;CRS3035RES100mN3337500E4391900;1.000000;3.0000;karte;https://www.umweltkarten-niedersachsen.de/Download_OE/HWSchutz/HWRMRL_Z2_Risikogebiete_HQextrem.zip;https://www.umweltkarten-niedersachsen.de/Download_OE/HWSchutz/HWRMRL_Z2_Wassertiefen_HQextrem.zip;2026-09-17
Hitzacker;HQextrem;CRS3035RES100mN3337500E4392000;1.000000;3.0000;karte;https://www.umweltkarten-niedersachsen.de/Download_OE/HWSchutz/HWRMRL_Z2_Risikogebiete_HQextrem.zip;https://www.umweltkarten-niedersachsen.de/Download_OE/HWSchutz/HWRMRL_Z2_Wassertiefen_HQextrem.zip;2026-09-17
Hitzacker;HQextrem;CRS3035RES100mN3337500E4392100;1.000000;3.0000;karte;https://www.umweltkarten-niedersachsen.de/Download_OE/HWSchutz/HWRMRL_Z2_Risikogebiete_HQextrem.zip;https://www.umweltkarten-niedersachsen.de/Download_OE/HWSchutz/HWRMRL_Z2_Wassertiefen_HQextrem.zip;2026-09-17
Hitzacker;HQextrem;CRS3035RES100mN3337500E4392200;1.000000;3.0000;karte;https://www.umweltkarten-niedersachsen.de/Download_OE/HWSchutz/HWRMRL_Z2_Risikogebiete_HQextrem.zip;https://www.umweltkarten-niedersachsen.de/Download_OE/HWSchutz/HWRMRL_Z2_Wassertiefen_HQextrem.zip;2026-09-17
Hitzacker;HQextrem;CRS3035RES100mN3337500E4392300;1.000000;2.7488;karte;https://www.umweltkarten-niedersachsen.de/Download_OE/HWSchutz/HWRMRL_Z2_Risikogebiete_HQextrem.zip;https://www.umweltkarten-niedersachsen.de/Download_OE/HWSchutz/HWRMRL_Z2_Wassertiefen_HQextrem.zip;2026-09-17
Hitzacker;HQextrem;CRS3035RES100mN3337500E4392400;1.000000;3.4508;karte;https://www.umweltkarten-niedersachsen.de/Download_OE/HWSchutz/HWRMRL_Z2_Risikogebiete_HQextrem.zip;https://www.umweltkarten-niedersachsen.de/Download_OE/HWSchutz/HWRMRL_Z2_Wassertiefen_HQextrem.zip;2026-09-17
Hitzacker;HQextrem;CRS3035RES100mN3337500E4392500;1.000000;3.5080;karte;https://www.umweltkarten-niedersachsen.de/Download_OE/HWSchutz/HWRMRL_Z2_Risikogebiete_HQextrem.zip;https://www.umweltkarten-niedersachsen.de/Download_OE/HWSchutz/HWRMRL_Z2_Wassertiefen_HQextrem.zip;2026-09-17
Hitzacker;HQextrem;CRS3035RES100mN3337500E4392600;1.000000;3.6930;karte;https://www.umweltkarten-niedersachsen.de/Download_OE/HWSchutz/HWRMRL_Z2_Risikogebiete_HQextrem.zip;https://www.umweltkarten-niedersachsen.de/Download_OE/HWSchutz/HWRMRL_Z2_Wassertiefen_HQextrem.zip;2026-09-17
Hitzacker;HQextrem;CRS3035RES100mN3337500E4392700;1.000000;3.8221;karte;https://www.umweltkarten-niedersachsen.de/Download_OE/HWSchutz/HWRMRL_Z2_Risikogebiete_HQextrem.zip;https://www.umweltkarten-niedersachsen.de/Download_OE/HWSchutz/HWRMRL_Z2_Wassertiefen_HQextrem.zip;2026-09-17
Hitzacker;HQextrem;CRS3035RES100mN3337500E4392800;1.000000;3.9748;karte;https://www.umweltkarten-niedersachsen.de/Download_OE/HWSchutz/HWRMRL_Z2_Risikogebiete_HQextrem.zip;https://www.umweltkarten-niedersachsen.de/Download_OE/HWSchutz/HWRMRL_Z2_Wassertiefen_HQextrem.zip;2026-09-17
Hitzacker;HQextrem;CRS3035RES100mN3337500E4392900;1.000000;4.0000;karte;https://www.umweltkarten-niedersachsen.de/Download_OE/HWSchutz/HWRMRL_Z2_Risikogebiete_HQextrem.zip;https://www.umweltkarten-niedersachsen.de/Download_OE/HWSchutz/HWRMRL_Z2_Wassertiefen_HQextrem.zip;2026-09-17
Hitzacker;HQextrem;CRS3035RES100mN3337600E4390500;0.159429;0.2500;karte;https://www.umweltkarten-niedersachsen.de/Download_OE/HWSchutz/HWRMRL_Z2_Risikogebiete_HQextrem.zip;https://www.umweltkarten-niedersachsen.de/Download_OE/HWSchutz/HWRMRL_Z2_Wassertiefen_HQextrem.zip;2026-09-17
Hitzacker;HQextrem;CRS3035RES100mN3337600E4390600;1.000000;0.7376;karte;https://www.umweltkarten-niedersachsen.de/Download_OE/HWSchutz/HWRMRL_Z2_Risikogebiete_HQextrem.zip;https://www.umweltkarten-niedersachsen.de/Download_OE/HWSchutz/HWRMRL_Z2_Wassertiefen_HQextrem.zip;2026-09-17
Hitzacker;HQextrem;CRS3035RES100mN3337600E4390700;1.000000;1.8060;karte;https://www.umweltkarten-niedersachsen.de/Download_OE/HWSchutz/HWRMRL_Z2_Risikogebiete_HQextrem.zip;https://www.umweltkarten-niedersachsen.de/Download_OE/HWSchutz/HWRMRL_Z2_Wassertiefen_HQextrem.zip;2026-09-17
Hitzacker;HQextrem;CRS3035RES100mN3337600E4390800;1.000000;2.8753;karte;https://www.umweltkarten-niedersachsen.de/Download_OE/HWSchutz/HWRMRL_Z2_Risikogebiete_HQextrem.zip;https://www.umweltkarten-niedersachsen.de/Download_OE/HWSchutz/HWRMRL_Z2_Wassertiefen_HQextrem.zip;2026-09-17
Hitzacker;HQextrem;CRS3035RES100mN3337600E4390900;1.000000;3.6376;karte;https://www.umweltkarten-niedersachsen.de/Download_OE/HWSchutz/HWRMRL_Z2_Risikogebiete_HQextrem.zip;https://www.umweltkarten-niedersachsen.de/Download_OE/HWSchutz/HWRMRL_Z2_Wassertiefen_HQextrem.zip;2026-09-17
Hitzacker;HQextrem;CRS3035RES100mN3337600E4391000;1.000000;3.9997;karte;https://www.umweltkarten-niedersachsen.de/Download_OE/HWSchutz/HWRMRL_Z2_Risikogebiete_HQextrem.zip;https://www.umweltkarten-niedersachsen.de/Download_OE/HWSchutz/HWRMRL_Z2_Wassertiefen_HQextrem.zip;2026-09-17
Hitzacker;HQextrem;CRS3035RES100mN3337600E4391100;1.000000;4.0000;karte;https://www.umweltkarten-niedersachsen.de/Download_OE/HWSchutz/HWRMRL_Z2_Risikogebiete_HQextrem.zip;https://www.umweltkarten-niedersachsen.de/Download_OE/HWSchutz/HWRMRL_Z2_Wassertiefen_HQextrem.zip;2026-09-17
Hitzacker;HQextrem;CRS3035RES100mN3337600E4391200;1.000000;3.9827;karte;https://www.umweltkarten-niedersachsen.de/Download_OE/HWSchutz/HWRMRL_Z2_Risikogebiete_HQextrem.zip;https://www.umweltkarten-niedersachsen.de/Download_OE/HWSchutz/HWRMRL_Z2_Wassertiefen_HQextrem.zip;2026-09-17
Hitzacker;HQextrem;CRS3035RES100mN3337600E4391300;1.000000;3.7784;karte;https://www.umweltkarten-niedersachsen.de/Download_OE/HWSchutz/HWRMRL_Z2_Risikogebiete_HQextrem.zip;https://www.umweltkarten-niedersachsen.de/Download_OE/HWSchutz/HWRMRL_Z2_Wassertiefen_HQextrem.zip;2026-09-17
Hitzacker;HQextrem;CRS3035RES100mN3337600E4391400;1.000000;3.9727;karte;https://www.umweltkarten-niedersachsen.de/Download_OE/HWSchutz/HWRMRL_Z2_Risikogebiete_HQextrem.zip;https://www.umweltkarten-niedersachsen.de/Download_OE/HWSchutz/HWRMRL_Z2_Wassertiefen_HQextrem.zip;2026-09-17
Hitzacker;HQextrem;CRS3035RES100mN3337600E4391500;1.000000;3.7667;karte;https://www.umweltkarten-niedersachsen.de/Download_OE/HWSchutz/HWRMRL_Z2_Risikogebiete_HQextrem.zip;https://www.umweltkarten-niedersachsen.de/Download_OE/HWSchutz/HWRMRL_Z2_Wassertiefen_HQextrem.zip;2026-09-17
Hitzacker;HQextrem;CRS3035RES100mN3337600E4391600;1.000000;3.3351;karte;https://www.umweltkarten-niedersachsen.de/Download_OE/HWSchutz/HWRMRL_Z2_Risikogebiete_HQextrem.zip;https://www.umweltkarten-niedersachsen.de/Download_OE/HWSchutz/HWRMRL_Z2_Wassertiefen_HQextrem.zip;2026-09-17
Hitzacker;HQextrem;CRS3035RES100mN3337600E4391700;1.000000;3.0496;karte;https://www.umweltkarten-niedersachsen.de/Download_OE/HWSchutz/HWRMRL_Z2_Risikogebiete_HQextrem.zip;https://www.umweltkarten-niedersachsen.de/Download_OE/HWSchutz/HWRMRL_Z2_Wassertiefen_HQextrem.zip;2026-09-17
Hitzacker;HQextrem;CRS3035RES100mN3337600E4391800;1.000000;3.0000;karte;https://www.umweltkarten-niedersachsen.de/Download_OE/HWSchutz/HWRMRL_Z2_Risikogebiete_HQextrem.zip;https://www.umweltkarten-niedersachsen.de/Download_OE/HWSchutz/HWRMRL_Z2_Wassertiefen_HQextrem.zip;2026-09-17
Hitzacker;HQextrem;CRS3035RES100mN3337600E4391900;1.000000;3.0000;karte;https://www.umweltkarten-niedersachsen.de/Download_OE/HWSchutz/HWRMRL_Z2_Risikogebiete_HQextrem.zip;https://www.umweltkarten-niedersachsen.de/Download_OE/HWSchutz/HWRMRL_Z2_Wassertiefen_HQextrem.zip;2026-09-17
Hitzacker;HQextrem;CRS3035RES100mN3337600E4392000;1.000000;3.0015;karte;https://www.umweltkarten-niedersachsen.de/Download_OE/HWSchutz/HWRMRL_Z2_Risikogebiete_HQextrem.zip;https://www.umweltkarten-niedersachsen.de/Download_OE/HWSchutz/HWRMRL_Z2_Wassertiefen_HQextrem.zip;2026-09-17
Hitzacker;HQextrem;CRS3035RES100mN3337600E4392100;1.000000;3.0000;karte;https://www.umweltkarten-niedersachsen.de/Download_OE/HWSchutz/HWRMRL_Z2_Risikogebiete_HQextrem.zip;https://www.umweltkarten-niedersachsen.de/Download_OE/HWSchutz/HWRMRL_Z2_Wassertiefen_HQextrem.zip;2026-09-17
Hitzacker;HQextrem;CRS3035RES100mN3337600E4392200;1.000000;2.9110;karte;https://www.umweltkarten-niedersachsen.de/Download_OE/HWSchutz/HWRMRL_Z2_Risikogebiete_HQextrem.zip;https://www.umweltkarten-niedersachsen.de/Download_OE/HWSchutz/HWRMRL_Z2_Wassertiefen_HQextrem.zip;2026-09-17
Hitzacker;HQextrem;CRS3035RES100mN3337600E4392300;1.000000;3.1650;karte;https://www.umweltkarten-niedersachsen.de/Download_OE/HWSchutz/HWRMRL_Z2_Risikogebiete_HQextrem.zip;https://www.umweltkarten-niedersachsen.de/Download_OE/HWSchutz/HWRMRL_Z2_Wassertiefen_HQextrem.zip;2026-09-17
Hitzacker;HQextrem;CRS3035RES100mN3337600E4392400;1.000000;3.6094;karte;https://www.umweltkarten-niedersachsen.de/Download_OE/HWSchutz/HWRMRL_Z2_Risikogebiete_HQextrem.zip;https://www.umweltkarten-niedersachsen.de/Download_OE/HWSchutz/HWRMRL_Z2_Wassertiefen_HQextrem.zip;2026-09-17
Hitzacker;HQextrem;CRS3035RES100mN3337600E4392500;1.000000;3.7395;karte;https://www.umweltkarten-niedersachsen.de/Download_OE/HWSchutz/HWRMRL_Z2_Risikogebiete_HQextrem.zip;https://www.umweltkarten-niedersachsen.de/Download_OE/HWSchutz/HWRMRL_Z2_Wassertiefen_HQextrem.zip;2026-09-17
Hitzacker;HQextrem;CRS3035RES100mN3337600E4392600;1.000000;3.7925;karte;https://www.umweltkarten-niedersachsen.de/Download_OE/HWSchutz/HWRMRL_Z2_Risikogebiete_HQextrem.zip;https://www.umweltkarten-niedersachsen.de/Download_OE/HWSchutz/HWRMRL_Z2_Wassertiefen_HQextrem.zip;2026-09-17
Hitzacker;HQextrem;CRS3035RES100mN3337600E4392700;1.000000;4.0000;karte;https://www.umweltkarten-niedersachsen.de/Download_OE/HWSchutz/HWRMRL_Z2_Risikogebiete_HQextrem.zip;https://www.umweltkarten-niedersachsen.de/Download_OE/HWSchutz/HWRMRL_Z2_Wassertiefen_HQextrem.zip;2026-09-17
Hitzacker;HQextrem;CRS3035RES100mN3337600E4392800;1.000000;4.0000;karte;https://www.umweltkarten-niedersachsen.de/Download_OE/HWSchutz/HWRMRL_Z2_Risikogebiete_HQextrem.zip;https://www.umweltkarten-niedersachsen.de/Download_OE/HWSchutz/HWRMRL_Z2_Wassertiefen_HQextrem.zip;2026-09-17
Hitzacker;HQextrem;CRS3035RES100mN3337700E4390500;0.055565;0.2500;karte;https://www.umweltkarten-niedersachsen.de/Download_OE/HWSchutz/HWRMRL_Z2_Risikogebiete_HQextrem.zip;https://www.umweltkarten-niedersachsen.de/Download_OE/HWSchutz/HWRMRL_Z2_Wassertiefen_HQextrem.zip;2026-09-17
Hitzacker;HQextrem;CRS3035RES100mN3337700E4390600;0.238261;0.2835;karte;https://www.umweltkarten-niedersachsen.de/Download_OE/HWSchutz/HWRMRL_Z2_Risikogebiete_HQextrem.zip;https://www.umweltkarten-niedersachsen.de/Download_OE/HWSchutz/HWRMRL_Z2_Wassertiefen_HQextrem.zip;2026-09-17
Hitzacker;HQextrem;CRS3035RES100mN3337700E4390700;1.000000;0.4947;karte;https://www.umweltkarten-niedersachsen.de/Download_OE/HWSchutz/HWRMRL_Z2_Risikogebiete_HQextrem.zip;https://www.umweltkarten-niedersachsen.de/Download_OE/HWSchutz/HWRMRL_Z2_Wassertiefen_HQextrem.zip;2026-09-17
Hitzacker;HQextrem;CRS3035RES100mN3337700E4390800;1.000000;1.8344;karte;https://www.umweltkarten-niedersachsen.de/Download_OE/HWSchutz/HWRMRL_Z2_Risikogebiete_HQextrem.zip;https://www.umweltkarten-niedersachsen.de/Download_OE/HWSchutz/HWRMRL_Z2_Wassertiefen_HQextrem.zip;2026-09-17
Hitzacker;HQextrem;CRS3035RES100mN3337700E4390900;1.000000;2.8688;karte;https://www.umweltkarten-niedersachsen.de/Download_OE/HWSchutz/HWRMRL_Z2_Risikogebiete_HQextrem.zip;https://www.umweltkarten-niedersachsen.de/Download_OE/HWSchutz/HWRMRL_Z2_Wassertiefen_HQextrem.zip;2026-09-17
Hitzacker;HQextrem;CRS3035RES100mN3337700E4391000;1.000000;3.8258;karte;https://www.umweltkarten-niedersachsen.de/Download_OE/HWSchutz/HWRMRL_Z2_Risikogebiete_HQextrem.zip;https://www.umweltkarten-niedersachsen.de/Download_OE/HWSchutz/HWRMRL_Z2_Wassertiefen_HQextrem.zip;2026-09-17
Hitzacker;HQextrem;CRS3035RES100mN3337700E4391100;1.000000;4.0000;karte;https://www.umweltkarten-niedersachsen.de/Download_OE/HWSchutz/HWRMRL_Z2_Risikogebiete_HQextrem.zip;https://www.umweltkarten-niedersachsen.de/Download_OE/HWSchutz/HWRMRL_Z2_Wassertiefen_HQextrem.zip;2026-09-17
Hitzacker;HQextrem;CRS3035RES100mN3337700E4391200;1.000000;4.0000;karte;https://www.umweltkarten-niedersachsen.de/Download_OE/HWSchutz/HWRMRL_Z2_Risikogebiete_HQextrem.zip;https://www.umweltkarten-niedersachsen.de/Download_OE/HWSchutz/HWRMRL_Z2_Wassertiefen_HQextrem.zip;2026-09-17
Hitzacker;HQextrem;CRS3035RES100mN3337700E4391300;1.000000;4.0000;karte;https://www.umweltkarten-niedersachsen.de/Download_OE/HWSchutz/HWRMRL_Z2_Risikogebiete_HQextrem.zip;https://www.umweltkarten-niedersachsen.de/Download_OE/HWSchutz/HWRMRL_Z2_Wassertiefen_HQextrem.zip;2026-09-17
Hitzacker;HQextrem;CRS3035RES100mN3337700E4391400;1.000000;4.0000;karte;https://www.umweltkarten-niedersachsen.de/Download_OE/HWSchutz/HWRMRL_Z2_Risikogebiete_HQextrem.zip;https://www.umweltkarten-niedersachsen.de/Download_OE/HWSchutz/HWRMRL_Z2_Wassertiefen_HQextrem.zip;2026-09-17
Hitzacker;HQextrem;CRS3035RES100mN3337700E4391500;1.000000;3.4736;karte;https://www.umweltkarten-niedersachsen.de/Download_OE/HWSchutz/HWRMRL_Z2_Risikogebiete_HQextrem.zip;https://www.umweltkarten-niedersachsen.de/Download_OE/HWSchutz/HWRMRL_Z2_Wassertiefen_HQextrem.zip;2026-09-17
Hitzacker;HQextrem;CRS3035RES100mN3337700E4391600;1.000000;2.9075;karte;https://www.umweltkarten-niedersachsen.de/Download_OE/HWSchutz/HWRMRL_Z2_Risikogebiete_HQextrem.zip;https://www.umweltkarten-niedersachsen.de/Download_OE/HWSchutz/HWRMRL_Z2_Wassertiefen_HQextrem.zip;2026-09-17
Hitzacker;HQextrem;CRS3035RES100mN3337700E4391700;1.000000;3.0724;karte;https://www.umweltkarten-niedersachsen.de/Download_OE/HWSchutz/HWRMRL_Z2_Risikogebiete_HQextrem.zip;https://www.umweltkarten-niedersachsen.de/Download_OE/HWSchutz/HWRMRL_Z2_Wassertiefen_HQextrem.zip;2026-09-17
Hitzacker;HQextrem;CRS3035RES100mN3337700E4391800;1.000000;3.0059;karte;https://www.umweltkarten-niedersachsen.de/Download_OE/HWSchutz/HWRMRL_Z2_Risikogebiete_HQextrem.zip;https://www.umweltkarten-niedersachsen.de/Download_OE/HWSchutz/HWRMRL_Z2_Wassertiefen_HQextrem.zip;2026-09-17
Hitzacker;HQextrem;CRS3035RES100mN3337700E4391900;1.000000;3.0566;karte;https://www.umweltkarten-niedersachsen.de/Download_OE/HWSchutz/HWRMRL_Z2_Risikogebiete_HQextrem.zip;https://www.umweltkarten-niedersachsen.de/Download_OE/HWSchutz/HWRMRL_Z2_Wassertiefen_HQextrem.zip;2026-09-17
Hitzacker;HQextrem;CRS3035RES100mN3337700E4392000;1.000000;3.0235;karte;https://www.umweltkarten-niedersachsen.de/Download_OE/HWSchutz/HWRMRL_Z2_Risikogebiete_HQextrem.zip;https://www.umweltkarten-niedersachsen.de/Download_OE/HWSchutz/HWRMRL_Z2_Wassertiefen_HQextrem.zip;2026-09-17
Hitzacker;HQextrem;CRS3035RES100mN3337700E4392100;1.000000;3.0013;karte;https://www.umweltkarten-niedersachsen.de/Download_OE/HWSchutz/HWRMRL_Z2_Risikogebiete_HQextrem.zip;https://www.umweltkarten-niedersachsen.de/Download_OE/HWSchutz/HWRMRL_Z2_Wassertiefen_HQextrem.zip;2026-09-17
Hitzacker;HQextrem;CRS3035RES100mN3337700E4392200;1.000000;2.8200;karte;https://www.umweltkarten-niedersachsen.de/Download_OE/HWSchutz/HWRMRL_Z2_Risikogebiete_HQextrem.zip;https://www.umweltkarten-niedersachsen.de/Download_OE/HWSchutz/HWRMRL_Z2_Wassertiefen_HQextrem.zip;2026-09-17
Hitzacker;HQextrem;CRS3035RES100mN3337700E4392300;1.000000;3.7009;karte;https://www.umweltkarten-niedersachsen.de/Download_OE/HWSchutz/HWRMRL_Z2_Risikogebiete_HQextrem.zip;https://www.umweltkarten-niedersachsen.de/Download_OE/HWSchutz/HWRMRL_Z2_Wassertiefen_HQextrem.zip;2026-09-17
Hitzacker;HQextrem;CRS3035RES100mN3337700E4392400;1.000000;3.7346;karte;https://www.umweltkarten-niedersachsen.de/Download_OE/HWSchutz/HWRMRL_Z2_Risikogebiete_HQextrem.zip;https://www.umweltkarten-niedersachsen.de/Download_OE/HWSchutz/HWRMRL_Z2_Wassertiefen_HQextrem.zip;2026-09-17
Hitzacker;HQextrem;CRS3035RES100mN3337700E4392500;1.000000;3.8579;karte;https://www.umweltkarten-niedersachsen.de/Download_OE/HWSchutz/HWRMRL_Z2_Risikogebiete_HQextrem.zip;https://www.umweltkarten-niedersachsen.de/Download_OE/HWSchutz/HWRMRL_Z2_Wassertiefen_HQextrem.zip;2026-09-17
Hitzacker;HQextrem;CRS3035RES100mN3337700E4392600;1.000000;4.0000;karte;https://www.umweltkarten-niedersachsen.de/Download_OE/HWSchutz/HWRMRL_Z2_Risikogebiete_HQextrem.zip;https://www.umweltkarten-niedersachsen.de/Download_OE/HWSchutz/HWRMRL_Z2_Wassertiefen_HQextrem.zip;2026-09-17
Hitzacker;HQextrem;CRS3035RES100mN3337700E4392700;1.000000;4.0000;karte;https://www.umweltkarten-niedersachsen.de/Download_OE/HWSchutz/HWRMRL_Z2_Risikogebiete_HQextrem.zip;https://www.umweltkarten-niedersachsen.de/Download_OE/HWSchutz/HWRMRL_Z2_Wassertiefen_HQextrem.zip;2026-09-17
Hitzacker;HQextrem;CRS3035RES100mN3337800E4390700;1.000000;0.4016;karte;https://www.umweltkarten-niedersachsen.de/Download_OE/HWSchutz/HWRMRL_Z2_Risikogebiete_HQextrem.zip;https://www.umweltkarten-niedersachsen.de/Download_OE/HWSchutz/HWRMRL_Z2_Wassertiefen_HQextrem.zip;2026-09-17
Hitzacker;HQextrem;CRS3035RES100mN3337800E4390800;1.000000;1.6590;karte;https://www.umweltkarten-niedersachsen.de/Download_OE/HWSchutz/HWRMRL_Z2_Risikogebiete_HQextrem.zip;https://www.umweltkarten-niedersachsen.de/Download_OE/HWSchutz/HWRMRL_Z2_Wassertiefen_HQextrem.zip;2026-09-17
Hitzacker;HQextrem;CRS3035RES100mN3337800E4390900;1.000000;2.8797;karte;https://www.umweltkarten-niedersachsen.de/Download_OE/HWSchutz/HWRMRL_Z2_Risikogebiete_HQextrem.zip;https://www.umweltkarten-niedersachsen.de/Download_OE/HWSchutz/HWRMRL_Z2_Wassertiefen_HQextrem.zip;2026-09-17
Hitzacker;HQextrem;CRS3035RES100mN3337800E4391000;1.000000;3.1002;karte;https://www.umweltkarten-niedersachsen.de/Download_OE/HWSchutz/HWRMRL_Z2_Risikogebiete_HQextrem.zip;https://www.umweltkarten-niedersachsen.de/Download_OE/HWSchutz/HWRMRL_Z2_Wassertiefen_HQextrem.zip;2026-09-17
Hitzacker;HQextrem;CRS3035RES100mN3337800E4391100;1.000000;3.8886;karte;https://www.umweltkarten-niedersachsen.de/Download_OE/HWSchutz/HWRMRL_Z2_Risikogebiete_HQextrem.zip;https://www.umweltkarten-niedersachsen.de/Download_OE/HWSchutz/HWRMRL_Z2_Wassertiefen_HQextrem.zip;2026-09-17
Hitzacker;HQextrem;CRS3035RES100mN3337800E4391200;1.000000;4.0000;karte;https://www.umweltkarten-niedersachsen.de/Download_OE/HWSchutz/HWRMRL_Z2_Risikogebiete_HQextrem.zip;https://www.umweltkarten-niedersachsen.de/Download_OE/HWSchutz/HWRMRL_Z2_Wassertiefen_HQextrem.zip;2026-09-17
Hitzacker;HQextrem;CRS3035RES100mN3337800E4391300;1.000000;4.0000;karte;https://www.umweltkarten-niedersachsen.de/Download_OE/HWSchutz/HWRMRL_Z2_Risikogebiete_HQextrem.zip;https://www.umweltkarten-niedersachsen.de/Download_OE/HWSchutz/HWRMRL_Z2_Wassertiefen_HQextrem.zip;2026-09-17
Hitzacker;HQextrem;CRS3035RES100mN3337800E4391400;1.000000;3.9470;karte;https://www.umweltkarten-niedersachsen.de/Download_OE/HWSchutz/HWRMRL_Z2_Risikogebiete_HQextrem.zip;https://www.umweltkarten-niedersachsen.de/Download_OE/HWSchutz/HWRMRL_Z2_Wassertiefen_HQextrem.zip;2026-09-17
Hitzacker;HQextrem;CRS3035RES100mN3337800E4391500;1.000000;3.3212;karte;https://www.umweltkarten-niedersachsen.de/Download_OE/HWSchutz/HWRMRL_Z2_Risikogebiete_HQextrem.zip;https://www.umweltkarten-niedersachsen.de/Download_OE/HWSchutz/HWRMRL_Z2_Wassertiefen_HQextrem.zip;2026-09-17
Hitzacker;HQextrem;CRS3035RES100mN3337800E4391600;1.000000;3.0169;karte;https://www.umweltkarten-niedersachsen.de/Download_OE/HWSchutz/HWRMRL_Z2_Risikogebiete_HQextrem.zip;https://www.umweltkarten-niedersachsen.de/Download_OE/HWSchutz/HWRMRL_Z2_Wassertiefen_HQextrem.zip;2026-09-17
Hitzacker;HQextrem;CRS3035RES100mN3337800E4391700;1.000000;3.0000;karte;https://www.umweltkarten-niedersachsen.de/Download_OE/HWSchutz/HWRMRL_Z2_Risikogebiete_HQextrem.zip;https://www.umweltkarten-niedersachsen.de/Download_OE/HWSchutz/HWRMRL_Z2_Wassertiefen_HQextrem.zip;2026-09-17
Hitzacker;HQextrem;CRS3035RES100mN3337800E4391800;1.000000;3.0000;karte;https://www.umweltkarten-niedersachsen.de/Download_OE/HWSchutz/HWRMRL_Z2_Risikogebiete_HQextrem.zip;https://www.umweltkarten-niedersachsen.de/Download_OE/HWSchutz/HWRMRL_Z2_Wassertiefen_HQextrem.zip;2026-09-17
Hitzacker;HQextrem;CRS3035RES100mN3337800E4391900;1.000000;3.0000;karte;https://www.umweltkarten-niedersachsen.de/Download_OE/HWSchutz/HWRMRL_Z2_Risikogebiete_HQextrem.zip;https://www.umweltkarten-niedersachsen.de/Download_OE/HWSchutz/HWRMRL_Z2_Wassertiefen_HQextrem.zip;2026-09-17
Hitzacker;HQextrem;CRS3035RES100mN3337800E4392000;1.000000;3.0000;karte;https://www.umweltkarten-niedersachsen.de/Download_OE/HWSchutz/HWRMRL_Z2_Risikogebiete_HQextrem.zip;https://www.umweltkarten-niedersachsen.de/Download_OE/HWSchutz/HWRMRL_Z2_Wassertiefen_HQextrem.zip;2026-09-17
Hitzacker;HQextrem;CRS3035RES100mN3337800E4392100;1.000000;2.8470;karte;https://www.umweltkarten-niedersachsen.de/Download_OE/HWSchutz/HWRMRL_Z2_Risikogebiete_HQextrem.zip;https://www.umweltkarten-niedersachsen.de/Download_OE/HWSchutz/HWRMRL_Z2_Wassertiefen_HQextrem.zip;2026-09-17
Hitzacker;HQextrem;CRS3035RES100mN3337800E4392200;1.000000;3.4833;karte;https://www.umweltkarten-niedersachsen.de/Download_OE/HWSchutz/HWRMRL_Z2_Risikogebiete_HQextrem.zip;https://www.umweltkarten-niedersachsen.de/Download_OE/HWSchutz/HWRMRL_Z2_Wassertiefen_HQextrem.zip;2026-09-17
Hitzacker;HQextrem;CRS3035RES100mN3337800E4392300;1.000000;3.7295;karte;https://www.umweltkarten-niedersachsen.de/Download_OE/HWSchutz/HWRMRL_Z2_Risikogebiete_HQextrem.zip;https://www.umweltkarten-niedersachsen.de/Download_OE/HWSchutz/HWRMRL_Z2_Wassertiefen_HQextrem.zip;2026-09-17
Hitzacker;HQextrem;CRS3035RES100mN3337800E4392400;1.000000;3.7602;karte;https://www.umweltkarten-niedersachsen.de/Download_OE/HWSchutz/HWRMRL_Z2_Risikogebiete_HQextrem.zip;https://www.umweltkarten-niedersachsen.de/Download_OE/HWSchutz/HWRMRL_Z2_Wassertiefen_HQextrem.zip;2026-09-17
Hitzacker;HQextrem;CRS3035RES100mN3337800E4392500;1.000000;4.0000;karte;https://www.umweltkarten-niedersachsen.de/Download_OE/HWSchutz/HWRMRL_Z2_Risikogebiete_HQextrem.zip;https://www.umweltkarten-niedersachsen.de/Download_OE/HWSchutz/HWRMRL_Z2_Wassertiefen_HQextrem.zip;2026-09-17
Hitzacker;HQextrem;CRS3035RES100mN3337900E4390700;1.000000;0.2963;karte;https://www.umweltkarten-niedersachsen.de/Download_OE/HWSchutz/HWRMRL_Z2_Risikogebiete_HQextrem.zip;https://www.umweltkarten-niedersachsen.de/Download_OE/HWSchutz/HWRMRL_Z2_Wassertiefen_HQextrem.zip;2026-09-17
Hitzacker;HQextrem;CRS3035RES100mN3337900E4390800;1.000000;1.5723;karte;https://www.umweltkarten-niedersachsen.de/Download_OE/HWSchutz/HWRMRL_Z2_Risikogebiete_HQextrem.zip;https://www.umweltkarten-niedersachsen.de/Download_OE/HWSchutz/HWRMRL_Z2_Wassertiefen_HQextrem.zip;2026-09-17
Hitzacker;HQextrem;CRS3035RES100mN3337900E4390900;1.000000;2.8682;karte;https://www.umweltkarten-niedersachsen.de/Download_OE/HWSchutz/HWRMRL_Z2_Risikogebiete_HQextrem.zip;https://www.umweltkarten-niedersachsen.de/Download_OE/HWSchutz/HWRMRL_Z2_Wassertiefen_HQextrem.zip;2026-09-17
Hitzacker;HQextrem;CRS3035RES100mN3337900E4391000;1.000000;3.2496;karte;https://www.umweltkarten-niedersachsen.de/Download_OE/HWSchutz/HWRMRL_Z2_Risikogebiete_HQextrem.zip;https://www.umweltkarten-niedersachsen.de/Download_OE/HWSchutz/HWRMRL_Z2_Wassertiefen_HQextrem.zip;2026-09-17
Hitzacker;HQextrem;CRS3035RES100mN3337900E4391100;1.000000;3.3380;karte;https://www.umweltkarten-niedersachsen.de/Download_OE/HWSchutz/HWRMRL_Z2_Risikogebiete_HQextrem.zip;https://www.umweltkarten-niedersachsen.de/Download_OE/HWSchutz/HWRMRL_Z2_Wassertiefen_HQextrem.zip;2026-09-17
Hitzacker;HQextrem;CRS3035RES100mN3337900E4391200;1.000000;3.9477;karte;https://www.umweltkarten-niedersachsen.de/Download_OE/HWSchutz/HWRMRL_Z2_Risikogebiete_HQextrem.zip;https://www.umweltkarten-niedersachsen.de/Download_OE/HWSchutz/HWRMRL_Z2_Wassertiefen_HQextrem.zip;2026-09-17
Hitzacker;HQextrem;CRS3035RES100mN3337900E4391300;1.000000;3.9393;karte;https://www.umweltkarten-niedersachsen.de/Download_OE/HWSchutz/HWRMRL_Z2_Risikogebiete_HQextrem.zip;https://www.umweltkarten-niedersachsen.de/Download_OE/HWSchutz/HWRMRL_Z2_Wassertiefen_HQextrem.zip;2026-09-17
Hitzacker;HQextrem;CRS3035RES100mN3337900E4391400;1.000000;3.7006;karte;https://www.umweltkarten-niedersachsen.de/Download_OE/HWSchutz/HWRMRL_Z2_Risikogebiete_HQextrem.zip;https://www.umweltkarten-niedersachsen.de/Download_OE/HWSchutz/HWRMRL_Z2_Wassertiefen_HQextrem.zip;2026-09-17
Hitzacker;HQextrem;CRS3035RES100mN3337900E4391500;1.000000;3.0731;karte;https://www.umweltkarten-niedersachsen.de/Download_OE/HWSchutz/HWRMRL_Z2_Risikogebiete_HQextrem.zip;https://www.umweltkarten-niedersachsen.de/Download_OE/HWSchutz/HWRMRL_Z2_Wassertiefen_HQextrem.zip;2026-09-17
Hitzacker;HQextrem;CRS3035RES100mN3337900E4391600;1.000000;3.0010;karte;https://www.umweltkarten-niedersachsen.de/Download_OE/HWSchutz/HWRMRL_Z2_Risikogebiete_HQextrem.zip;https://www.umweltkarten-niedersachsen.de/Download_OE/HWSchutz/HWRMRL_Z2_Wassertiefen_HQextrem.zip;2026-09-17
Hitzacker;HQextrem;CRS3035RES100mN3337900E4391700;1.000000;3.0190;karte;https://www.umweltkarten-niedersachsen.de/Download_OE/HWSchutz/HWRMRL_Z2_Risikogebiete_HQextrem.zip;https://www.umweltkarten-niedersachsen.de/Download_OE/HWSchutz/HWRMRL_Z2_Wassertiefen_HQextrem.zip;2026-09-17
Hitzacker;HQextrem;CRS3035RES100mN3337900E4391800;1.000000;3.0025;karte;https://www.umweltkarten-niedersachsen.de/Download_OE/HWSchutz/HWRMRL_Z2_Risikogebiete_HQextrem.zip;https://www.umweltkarten-niedersachsen.de/Download_OE/HWSchutz/HWRMRL_Z2_Wassertiefen_HQextrem.zip;2026-09-17
Hitzacker;HQextrem;CRS3035RES100mN3337900E4391900;1.000000;3.0000;karte;https://www.umweltkarten-niedersachsen.de/Download_OE/HWSchutz/HWRMRL_Z2_Risikogebiete_HQextrem.zip;https://www.umweltkarten-niedersachsen.de/Download_OE/HWSchutz/HWRMRL_Z2_Wassertiefen_HQextrem.zip;2026-09-17
Hitzacker;HQextrem;CRS3035RES100mN3337900E4392000;1.000000;2.9859;karte;https://www.umweltkarten-niedersachsen.de/Download_OE/HWSchutz/HWRMRL_Z2_Risikogebiete_HQextrem.zip;https://www.umweltkarten-niedersachsen.de/Download_OE/HWSchutz/HWRMRL_Z2_Wassertiefen_HQextrem.zip;2026-09-17
Hitzacker;HQextrem;CRS3035RES100mN3337900E4392100;1.000000;3.0122;karte;https://www.umweltkarten-niedersachsen.de/Download_OE/HWSchutz/HWRMRL_Z2_Risikogebiete_HQextrem.zip;https://www.umweltkarten-niedersachsen.de/Download_OE/HWSchutz/HWRMRL_Z2_Wassertiefen_HQextrem.zip;2026-09-17
Hitzacker;HQextrem;CRS3035RES100mN3337900E4392200;1.000000;3.7433;karte;https://www.umweltkarten-niedersachsen.de/Download_OE/HWSchutz/HWRMRL_Z2_Risikogebiete_HQextrem.zip;https://www.umweltkarten-niedersachsen.de/Download_OE/HWSchutz/HWRMRL_Z2_Wassertiefen_HQextrem.zip;2026-09-17
Hitzacker;HQextrem;CRS3035RES100mN3337900E4392300;1.000000;3.8885;karte;https://www.umweltkarten-niedersachsen.de/Download_OE/HWSchutz/HWRMRL_Z2_Risikogebiete_HQextrem.zip;https://www.umweltkarten-niedersachsen.de/Download_OE/HWSchutz/HWRMRL_Z2_Wassertiefen_HQextrem.zip;2026-09-17
Hitzacker;HQextrem;CRS3035RES100mN3337900E4392400;1.000000;4.0000;karte;https://www.umweltkarten-niedersachsen.de/Download_OE/HWSchutz/HWRMRL_Z2_Risikogebiete_HQextrem.zip;https://www.umweltkarten-niedersachsen.de/Download_OE/HWSchutz/HWRMRL_Z2_Wassertiefen_HQextrem.zip;2026-09-17
Hitzacker;HQextrem;CRS3035RES100mN3338000E4390400;0.342982;0.4279;karte;https://www.umweltkarten-niedersachsen.de/Download_OE/HWSchutz/HWRMRL_Z2_Risikogebiete_HQextrem.zip;https://www.umweltkarten-niedersachsen.de/Download_OE/HWSchutz/HWRMRL_Z2_Wassertiefen_HQextrem.zip;2026-09-17
Hitzacker;HQextrem;CRS3035RES100mN3338000E4390500;1.000000;0.8050;karte;https://www.umweltkarten-niedersachsen.de/Download_OE/HWSchutz/HWRMRL_Z2_Risikogebiete_HQextrem.zip;https://www.umweltkarten-niedersachsen.de/Download_OE/HWSchutz/HWRMRL_Z2_Wassertiefen_HQextrem.zip;2026-09-17
Hitzacker;HQextrem;CRS3035RES100mN3338000E4390600;1.000000;1.1649;karte;https://www.umweltkarten-niedersachsen.de/Download_OE/HWSchutz/HWRMRL_Z2_Risikogebiete_HQextrem.zip;https://www.umweltkarten-niedersachsen.de/Download_OE/HWSchutz/HWRMRL_Z2_Wassertiefen_HQextrem.zip;2026-09-17
Hitzacker;HQextrem;CRS3035RES100mN3338000E4390700;1.000000;1.2503;karte;https://www.umweltkarten-niedersachsen.de/Download_OE/HWSchutz/HWRMRL_Z2_Risikogebiete_HQextrem.zip;https://www.umweltkarten-niedersachsen.de/Download_OE/HWSchutz/HWRMRL_Z2_Wassertiefen_HQextrem.zip;2026-09-17
Hitzacker;HQextrem;CRS3035RES100mN3338000E4390800;1.000000;1.8214;karte;https://www.umweltkarten-niedersachsen.de/Download_OE/HWSchutz/HWRMRL_Z2_Risikogebiete_HQextrem.zip;https://www.umweltkarten-niedersachsen.de/Download_OE/HWSchutz/HWRMRL_Z2_Wassertiefen_HQextrem.zip;2026-09-17
Hitzacker;HQextrem;CRS3035RES100mN3338000E4390900;1.000000;3.2713;karte;https://www.umweltkarten-niedersachsen.de/Download_OE/HWSchutz/HWRMRL_Z2_Risikogebiete_HQextrem.zip;https://www.umweltkarten-niedersachsen.de/Download_OE/HWSchutz/HWRMRL_Z2_Wassertiefen_HQextrem.zip;2026-09-17
Hitzacker;HQextrem;CRS3035RES100mN3338000E4391000;1.000000;3.2975;karte;https://www.umweltkarten-niedersachsen.de/Download_OE/HWSchutz/HWRMRL_Z2_Risikogebiete_HQextrem.zip;https://www.umweltkarten-niedersachsen.de/Download_OE/HWSchutz/HWRMRL_Z2_Wassertiefen_HQextrem.zip;2026-09-17
Hitzacker;HQextrem;CRS3035RES100mN3338000E4391100;1.000000;3.2251;karte;https://www.umweltkarten-niedersachsen.de/Download_OE/HWSchutz/HWRMRL_Z2_Risikogebiete_HQextrem.zip;https://www.umweltkarten-niedersachsen.de/Download_OE/HWSchutz/HWRMRL_Z2_Wassertiefen_HQextrem.zip;2026-09-17
Hitzacker;HQextrem;CRS3035RES100mN3338000E4391200;1.000000;3.8545;karte;https://www.umweltkarten-niedersachsen.de/Download_OE/HWSchutz/HWRMRL_Z2_Risikogebiete_HQextrem.zip;https://www.umweltkarten-niedersachsen.de/Download_OE/HWSchutz/HWRMRL_Z2_Wassertiefen_HQextrem.zip;2026-09-17
Hitzacker;HQextrem;CRS3035RES100mN3338000E4391300;1.000000;3.7763;karte;https://www.umweltkarten-niedersachsen.de/Download_OE/HWSchutz/HWRMRL_Z2_Risikogebiete_HQextrem.zip;https://www.umweltkarten-niedersachsen.de/Download_OE/HWSchutz/HWRMRL_Z2_Wassertiefen_HQextrem.zip;2026-09-17
Hitzacker;HQextrem;CRS3035RES100mN3338000E4391400;1.000000;3.0295;karte;https://www.umweltkarten-niedersachsen.de/Download_OE/HWSchutz/HWRMRL_Z2_Risikogebiete_HQextrem.zip;https://www.umweltkarten-niedersachsen.de/Download_OE/HWSchutz/HWRMRL_Z2_Wassertiefen_HQextrem.zip;2026-09-17
Hitzacker;HQextrem;CRS3035RES100mN3338000E4391500;1.000000;3.0020;karte;https://www.umweltkarten-niedersachsen.de/Download_OE/HWSchutz/HWRMRL_Z2_Risikogebiete_HQextrem.zip;https://www.umweltkarten-niedersachsen.de/Download_OE/HWSchutz/HWRMRL_Z2_Wassertiefen_HQextrem.zip;2026-09-17
Hitzacker;HQextrem;CRS3035RES100mN3338000E4391600;1.000000;3.0483;karte;https://www.umweltkarten-niedersachsen.de/Download_OE/HWSchutz/HWRMRL_Z2_Risikogebiete_HQextrem.zip;https://www.umweltkarten-niedersachsen.de/Download_OE/HWSchutz/HWRMRL_Z2_Wassertiefen_HQextrem.zip;2026-09-17
Hitzacker;HQextrem;CRS3035RES100mN3338000E4391700;1.000000;3.0000;karte;https://www.umweltkarten-niedersachsen.de/Download_OE/HWSchutz/HWRMRL_Z2_Risikogebiete_HQextrem.zip;https://www.umweltkarten-niedersachsen.de/Download_OE/HWSchutz/HWRMRL_Z2_Wassertiefen_HQextrem.zip;2026-09-17
Hitzacker;HQextrem;CRS3035RES100mN3338000E4391800;1.000000;3.0000;karte;https://www.umweltkarten-niedersachsen.de/Download_OE/HWSchutz/HWRMRL_Z2_Risikogebiete_HQextrem.zip;https://www.umweltkarten-niedersachsen.de/Download_OE/HWSchutz/HWRMRL_Z2_Wassertiefen_HQextrem.zip;2026-09-17
Hitzacker;HQextrem;CRS3035RES100mN3338000E4391900;1.000000;2.8559;karte;https://www.umweltkarten-niedersachsen.de/Download_OE/HWSchutz/HWRMRL_Z2_Risikogebiete_HQextrem.zip;https://www.umweltkarten-niedersachsen.de/Download_OE/HWSchutz/HWRMRL_Z2_Wassertiefen_HQextrem.zip;2026-09-17
Hitzacker;HQextrem;CRS3035RES100mN3338000E4392000;1.000000;2.4735;karte;https://www.umweltkarten-niedersachsen.de/Download_OE/HWSchutz/HWRMRL_Z2_Risikogebiete_HQextrem.zip;https://www.umweltkarten-niedersachsen.de/Download_OE/HWSchutz/HWRMRL_Z2_Wassertiefen_HQextrem.zip;2026-09-17
Hitzacker;HQextrem;CRS3035RES100mN3338000E4392100;1.000000;3.8662;karte;https://www.umweltkarten-niedersachsen.de/Download_OE/HWSchutz/HWRMRL_Z2_Risikogebiete_HQextrem.zip;https://www.umweltkarten-niedersachsen.de/Download_OE/HWSchutz/HWRMRL_Z2_Wassertiefen_HQextrem.zip;2026-09-17
Hitzacker;HQextrem;CRS3035RES100mN3338000E4392200;1.000000;3.9724;karte;https://www.umweltkarten-niedersachsen.de/Download_OE/HWSchutz/HWRMRL_Z2_Risikogebiete_HQextrem.zip;https://www.umweltkarten-niedersachsen.de/Download_OE/HWSchutz/HWRMRL_Z2_Wassertiefen_HQextrem.zip;2026-09-17
Hitzacker;HQextrem;CRS3035RES100mN3338000E4392300;1.000000;4.0000;karte;https://www.umweltkarten-niedersachsen.de/Download_OE/HWSchutz/HWRMRL_Z2_Risikogebiete_HQextrem.zip;https://www.umweltkarten-niedersachsen.de/Download_OE/HWSchutz/HWRMRL_Z2_Wassertiefen_HQextrem.zip;2026-09-17
Hitzacker;HQextrem;CRS3035RES100mN3338100E4390300;0.502517;0.8470;karte;https://www.umweltkarten-niedersachsen.de/Download_OE/HWSchutz/HWRMRL_Z2_Risikogebiete_HQextrem.zip;https://www.umweltkarten-niedersachsen.de/Download_OE/HWSchutz/HWRMRL_Z2_Wassertiefen_HQextrem.zip;2026-09-17
Hitzacker;HQextrem;CRS3035RES100mN3338100E4390400;1.000000;1.5886;karte;https://www.umweltkarten-niedersachsen.de/Download_OE/HWSchutz/HWRMRL_Z2_Risikogebiete_HQextrem.zip;https://www.umweltkarten-niedersachsen.de/Download_OE/HWSchutz/HWRMRL_Z2_Wassertiefen_HQextrem.zip;2026-09-17
Hitzacker;HQextrem;CRS3035RES100mN3338100E4390500;1.000000;1.7805;karte;https://www.umweltkarten-niedersachsen.de/Download_OE/HWSchutz/HWRMRL_Z2_Risikogebiete_HQextrem.zip;https://www.umweltkarten-niedersachsen.de/Download_OE/HWSchutz/HWRMRL_Z2_Wassertiefen_HQextrem.zip;2026-09-17
Hitzacker;HQextrem;CRS3035RES100mN3338100E4390600;1.000000;1.7849;karte;https://www.umweltkarten-niedersachsen.de/Download_OE/HWSchutz/HWRMRL_Z2_Risikogebiete_HQextrem.zip;https://www.umweltkarten-niedersachsen.de/Download_OE/HWSchutz/HWRMRL_Z2_Wassertiefen_HQextrem.zip;2026-09-17
Hitzacker;HQextrem;CRS3035RES100mN3338100E4390700;1.000000;1.2837;karte;https://www.umweltkarten-niedersachsen.de/Download_OE/HWSchutz/HWRMRL_Z2_Risikogebiete_HQextrem.zip;https://www.umweltkarten-niedersachsen.de/Download_OE/HWSchutz/HWRMRL_Z2_Wassertiefen_HQextrem.zip;2026-09-17
Hitzacker;HQextrem;CRS3035RES100mN3338100E4390800;1.000000;1.4727;karte;https://www.umweltkarten-niedersachsen.de/Download_OE/HWSchutz/HWRMRL_Z2_Risikogebiete_HQextrem.zip;https://www.umweltkarten-niedersachsen.de/Download_OE/HWSchutz/HWRMRL_Z2_Wassertiefen_HQextrem.zip;2026-09-17
Hitzacker;HQextrem;CRS3035RES100mN3338100E4390900;1.000000;2.6235;karte;https://www.umweltkarten-niedersachsen.de/Download_OE/HWSchutz/HWRMRL_Z2_Risikogebiete_HQextrem.zip;https://www.umweltkarten-niedersachsen.de/Download_OE/HWSchutz/HWRMRL_Z2_Wassertiefen_HQextrem.zip;2026-09-17
Hitzacker;HQextrem;CRS3035RES100mN3338100E4391000;1.000000;2.2954;karte;https://www.umweltkarten-niedersachsen.de/Download_OE/HWSchutz/HWRMRL_Z2_Risikogebiete_HQextrem.zip;https://www.umweltkarten-niedersachsen.de/Download_OE/HWSchutz/HWRMRL_Z2_Wassertiefen_HQextrem.zip;2026-09-17
Hitzacker;HQextrem;CRS3035RES100mN3338100E4391100;1.000000;1.9149;karte;https://www.umweltkarten-niedersachsen.de/Download_OE/HWSchutz/HWRMRL_Z2_Risikogebiete_HQextrem.zip;https://www.umweltkarten-niedersachsen.de/Download_OE/HWSchutz/HWRMRL_Z2_Wassertiefen_HQextrem.zip;2026-09-17
Hitzacker;HQextrem;CRS3035RES100mN3338100E4391200;1.000000;3.6276;karte;https://www.umweltkarten-niedersachsen.de/Download_OE/HWSchutz/HWRMRL_Z2_Risikogebiete_HQextrem.zip;https://www.umweltkarten-niedersachsen.de/Download_OE/HWSchutz/HWRMRL_Z2_Wassertiefen_HQextrem.zip;2026-09-17
Hitzacker;HQextrem;CRS3035RES100mN3338100E4391300;1.000000;3.8367;karte;https://www.umweltkarten-niedersachsen.de/Download_OE/HWSchutz/HWRMRL_Z2_Risikogebiete_HQextrem.zip;https://www.umweltkarten-niedersachsen.de/Download_OE/HWSchutz/HWRMRL_Z2_Wassertiefen_HQextrem.zip;2026-09-17
Hitzacker;HQextrem;CRS3035RES100mN3338100E4391400;1.000000;3.4748;karte;https://www.umweltkarten-niedersachsen.de/Download_OE/HWSchutz/HWRMRL_Z2_Risikogebiete_HQextrem.zip;https://www.umweltkarten-niedersachsen.de/Download_OE/HWSchutz/HWRMRL_Z2_Wassertiefen_HQextrem.zip;2026-09-17
Hitzacker;HQextrem;CRS3035RES100mN3338100E4391500;1.000000;3.1166;karte;https://www.umweltkarten-niedersachsen.de/Download_OE/HWSchutz/HWRMRL_Z2_Risikogebiete_HQextrem.zip;https://www.umweltkarten-niedersachsen.de/Download_OE/HWSchutz/HWRMRL_Z2_Wassertiefen_HQextrem.zip;2026-09-17
Hitzacker;HQextrem;CRS3035RES100mN3338100E4391600;1.000000;3.0400;karte;https://www.umweltkarten-niedersachsen.de/Download_OE/HWSchutz/HWRMRL_Z2_Risikogebiete_HQextrem.zip;https://www.umweltkarten-niedersachsen.de/Download_OE/HWSchutz/HWRMRL_Z2_Wassertiefen_HQextrem.zip;2026-09-17
Hitzacker;HQextrem;CRS3035RES100mN3338100E4391700;1.000000;3.0000;karte;https://www.umweltkarten-niedersachsen.de/Download_OE/HWSchutz/HWRMRL_Z2_Risikogebiete_HQextrem.zip;https://www.umweltkarten-niedersachsen.de/Download_OE/HWSchutz/HWRMRL_Z2_Wassertiefen_HQextrem.zip;2026-09-17
Hitzacker;HQextrem;CRS3035RES100mN3338100E4391800;1.000000;2.7783;karte;https://www.umweltkarten-niedersachsen.de/Download_OE/HWSchutz/HWRMRL_Z2_Risikogebiete_HQextrem.zip;https://www.umweltkarten-niedersachsen.de/Download_OE/HWSchutz/HWRMRL_Z2_Wassertiefen_HQextrem.zip;2026-09-17
Hitzacker;HQextrem;CRS3035RES100mN3338100E4391900;1.000000;2.1317;karte;https://www.umweltkarten-niedersachsen.de/Download_OE/HWSchutz/HWRMRL_Z2_Risikogebiete_HQextrem.zip;https://www.umweltkarten-niedersachsen.de/Download_OE/HWSchutz/HWRMRL_Z2_Wassertiefen_HQextrem.zip;2026-09-17
Hitzacker;HQextrem;CRS3035RES100mN3338100E4392000;1.000000;3.5951;karte;https://www.umweltkarten-niedersachsen.de/Download_OE/HWSchutz/HWRMRL_Z2_Risikogebiete_HQextrem.zip;https://www.umweltkarten-niedersachsen.de/Download_OE/HWSchutz/HWRMRL_Z2_Wassertiefen_HQextrem.zip;2026-09-17
Hitzacker;HQextrem;CRS3035RES100mN3338100E4392100;1.000000;3.9332;karte;https://www.umweltkarten-niedersachsen.de/Download_OE/HWSchutz/HWRMRL_Z2_Risikogebiete_HQextrem.zip;https://www.umweltkarten-niedersachsen.de/Download_OE/HWSchutz/HWRMRL_Z2_Wassertiefen_HQextrem.zip;2026-09-17
Hitzacker;HQextrem;CRS3035RES100mN3338100E4392200;1.000000;3.9956;karte;https://www.umweltkarten-niedersachsen.de/Download_OE/HWSchutz/HWRMRL_Z2_Risikogebiete_HQextrem.zip;https://www.umweltkarten-niedersachsen.de/Download_OE/HWSchutz/HWRMRL_Z2_Wassertiefen_HQextrem.zip;2026-09-17
Hitzacker;HQextrem;CRS3035RES100mN3338200E4390100;0.009170;0.2500;karte;https://www.umweltkarten-niedersachsen.de/Download_OE/HWSchutz/HWRMRL_Z2_Risikogebiete_HQextrem.zip;https://www.umweltkarten-niedersachsen.de/Download_OE/HWSchutz/HWRMRL_Z2_Wassertiefen_HQextrem.zip;2026-09-17
Hitzacker;HQextrem;CRS3035RES100mN3338200E4390200;0.878027;0.6326;karte;https://www.umweltkarten-niedersachsen.de/Download_OE/HWSchutz/HWRMRL_Z2_Risikogebiete_HQextrem.zip;https://www.umweltkarten-niedersachsen.de/Download_OE/HWSchutz/HWRMRL_Z2_Wassertiefen_HQextrem.zip;2026-09-17
Hitzacker;HQextrem;CRS3035RES100mN3338200E4390300;1.000000;0.7644;karte;https://www.umweltkarten-niedersachsen.de/Download_OE/HWSchutz/HWRMRL_Z2_Risikogebiete_HQextrem.zip;https://www.umweltkarten-niedersachsen.de/Download_OE/HWSchutz/HWRMRL_Z2_Wassertiefen_HQextrem.zip;2026-09-17
Hitzacker;HQextrem;CRS3035RES100mN3338200E4390400;1.000000;0.6327;karte;https://www.umweltkarten-niedersachsen.de/Download_OE/HWSchutz/HWRMRL_Z2_Risikogebiete_HQextrem.zip;https://www.umweltkarten-niedersachsen.de/Download_OE/HWSchutz/HWRMRL_Z2_Wassertiefen_HQextrem.zip;2026-09-17
Hitzacker;HQextrem;CRS3035RES100mN3338200E4390500;1.000000;0.3994;karte;https://www.umweltkarten-niedersachsen.de/Download_OE/HWSchutz/HWRMRL_Z2_Risikogebiete_HQextrem.zip;https://www.umweltkarten-niedersachsen.de/Download_OE/HWSchutz/HWRMRL_Z2_Wassertiefen_HQextrem.zip;2026-09-17
Hitzacker;HQextrem;CRS3035RES100mN3338200E4390600;0.804133;0.3092;karte;https://www.umweltkarten-niedersachsen.de/Download_OE/HWSchutz/HWRMRL_Z2_Risikogebiete_HQextrem.zip;https://www.umweltkarten-niedersachsen.de/Download_OE/HWSchutz/HWRMRL_Z2_Wassertiefen_HQextrem.zip;2026-09-17
Hitzacker;HQextrem;CRS3035RES100mN3338200E4390700;0.585280;0.2500;karte;https://www.umweltkarten-niedersachsen.de/Download_OE/HWSchutz/HWRMRL_Z2_Risikogebiete_HQextrem.zip;https://www.umweltkarten-niedersachsen.de/Download_OE/HWSchutz/HWRMRL_Z2_Wassertiefen_HQextrem.zip;2026-09-17
Hitzacker;HQextrem;CRS3035RES100mN3338200E4390800;1.000000;0.4202;karte;https://www.umweltkarten-niedersachsen.de/Download_OE/HWSchutz/HWRMRL_Z2_Risikogebiete_HQextrem.zip;https://www.umweltkarten-niedersachsen.de/Download_OE/HWSchutz/HWRMRL_Z2_Wassertiefen_HQextrem.zip;2026-09-17
Hitzacker;HQextrem;CRS3035RES100mN3338200E4390900;1.000000;1.8454;karte;https://www.umweltkarten-niedersachsen.de/Download_OE/HWSchutz/HWRMRL_Z2_Risikogebiete_HQextrem.zip;https://www.umweltkarten-niedersachsen.de/Download_OE/HWSchutz/HWRMRL_Z2_Wassertiefen_HQextrem.zip;2026-09-17
Hitzacker;HQextrem;CRS3035RES100mN3338200E4391000;1.000000;2.5182;karte;https://www.umweltkarten-niedersachsen.de/Download_OE/HWSchutz/HWRMRL_Z2_Risikogebiete_HQextrem.zip;https://www.umweltkarten-niedersachsen.de/Download_OE/HWSchutz/HWRMRL_Z2_Wassertiefen_HQextrem.zip;2026-09-17
Hitzacker;HQextrem;CRS3035RES100mN3338200E4391100;1.000000;2.4720;karte;https://www.umweltkarten-niedersachsen.de/Download_OE/HWSchutz/HWRMRL_Z2_Risikogebiete_HQextrem.zip;https://www.umweltkarten-niedersachsen.de/Download_OE/HWSchutz/HWRMRL_Z2_Wassertiefen_HQextrem.zip;2026-09-17
Hitzacker;HQextrem;CRS3035RES100mN3338200E4391200;1.000000;3.4976;karte;https://www.umweltkarten-niedersachsen.de/Download_OE/HWSchutz/HWRMRL_Z2_Risikogebiete_HQextrem.zip;https://www.umweltkarten-niedersachsen.de/Download_OE/HWSchutz/HWRMRL_Z2_Wassertiefen_HQextrem.zip;2026-09-17
Hitzacker;HQextrem;CRS3035RES100mN3338200E4391300;1.000000;3.9615;karte;https://www.umweltkarten-niedersachsen.de/Download_OE/HWSchutz/HWRMRL_Z2_Risikogebiete_HQextrem.zip;https://www.umweltkarten-niedersachsen.de/Download_OE/HWSchutz/HWRMRL_Z2_Wassertiefen_HQextrem.zip;2026-09-17
Hitzacker;HQextrem;CRS3035RES100mN3338200E4391400;1.000000;3.4810;karte;https://www.umweltkarten-niedersachsen.de/Download_OE/HWSchutz/HWRMRL_Z2_Risikogebiete_HQextrem.zip;https://www.umweltkarten-niedersachsen.de/Download_OE/HWSchutz/HWRMRL_Z2_Wassertiefen_HQextrem.zip;2026-09-17
Hitzacker;HQextrem;CRS3035RES100mN3338200E4391500;1.000000;3.0529;karte;https://www.umweltkarten-niedersachsen.de/Download_OE/HWSchutz/HWRMRL_Z2_Risikogebiete_HQextrem.zip;https://www.umweltkarten-niedersachsen.de/Download_OE/HWSchutz/HWRMRL_Z2_Wassertiefen_HQextrem.zip;2026-09-17
Hitzacker;HQextrem;CRS3035RES100mN3338200E4391600;1.000000;3.0125;karte;https://www.umweltkarten-niedersachsen.de/Download_OE/HWSchutz/HWRMRL_Z2_Risikogebiete_HQextrem.zip;https://www.umweltkarten-niedersachsen.de/Download_OE/HWSchutz/HWRMRL_Z2_Wassertiefen_HQextrem.zip;2026-09-17
Hitzacker;HQextrem;CRS3035RES100mN3338200E4391700;1.000000;2.6895;karte;https://www.umweltkarten-niedersachsen.de/Download_OE/HWSchutz/HWRMRL_Z2_Risikogebiete_HQextrem.zip;https://www.umweltkarten-niedersachsen.de/Download_OE/HWSchutz/HWRMRL_Z2_Wassertiefen_HQextrem.zip;2026-09-17
Hitzacker;HQextrem;CRS3035RES100mN3338200E4391800;1.000000;2.4136;karte;https://www.umweltkarten-niedersachsen.de/Download_OE/HWSchutz/HWRMRL_Z2_Risikogebiete_HQextrem.zip;https://www.umweltkarten-niedersachsen.de/Download_OE/HWSchutz/HWRMRL_Z2_Wassertiefen_HQextrem.zip;2026-09-17
Hitzacker;HQextrem;CRS3035RES100mN3338200E4391900;1.000000;3.1585;karte;https://www.umweltkarten-niedersachsen.de/Download_OE/HWSchutz/HWRMRL_Z2_Risikogebiete_HQextrem.zip;https://www.umweltkarten-niedersachsen.de/Download_OE/HWSchutz/HWRMRL_Z2_Wassertiefen_HQextrem.zip;2026-09-17
Hitzacker;HQextrem;CRS3035RES100mN3338200E4392000;1.000000;3.9802;karte;https://www.umweltkarten-niedersachsen.de/Download_OE/HWSchutz/HWRMRL_Z2_Risikogebiete_HQextrem.zip;https://www.umweltkarten-niedersachsen.de/Download_OE/HWSchutz/HWRMRL_Z2_Wassertiefen_HQextrem.zip;2026-09-17
Hitzacker;HQextrem;CRS3035RES100mN3338200E4392100;1.000000;3.9982;karte;https://www.umweltkarten-niedersachsen.de/Download_OE/HWSchutz/HWRMRL_Z2_Risikogebiete_HQextrem.zip;https://www.umweltkarten-niedersachsen.de/Download_OE/HWSchutz/HWRMRL_Z2_Wassertiefen_HQextrem.zip;2026-09-17
Hitzacker;HQextrem;CRS3035RES100mN3338300E4390200;1.000000;0.7173;karte;https://www.umweltkarten-niedersachsen.de/Download_OE/HWSchutz/HWRMRL_Z2_Risikogebiete_HQextrem.zip;https://www.umweltkarten-niedersachsen.de/Download_OE/HWSchutz/HWRMRL_Z2_Wassertiefen_HQextrem.zip;2026-09-17
Hitzacker;HQextrem;CRS3035RES100mN3338300E4390300;0.803718;0.4635;karte;https://www.umweltkarten-niedersachsen.de/Download_OE/HWSchutz/HWRMRL_Z2_Risikogebiete_HQextrem.zip;https://www.umweltkarten-niedersachsen.de/Download_OE/HWSchutz/HWRMRL_Z2_Wassertiefen_HQextrem.zip;2026-09-17
Hitzacker;HQextrem;CRS3035RES100mN3338300E4390400;0.337501;0.2500;karte;https://www.umweltkarten-niedersachsen.de/Download_OE/HWSchutz/HWRMRL_Z2_Risikogebiete_HQextrem.zip;https://www.umweltkarten-niedersachsen.de/Download_OE/HWSchutz/HWRMRL_Z2_Wassertiefen_HQextrem.zip;2026-09-17
Hitzacker;HQextrem;CRS3035RES100mN3338300E4390800;0.382845;0.2500;karte;https://www.umweltkarten-niedersachsen.de/Download_OE/HWSchutz/HWRMRL_Z2_Risikogebiete_HQextrem.zip;https://www.umweltkarten-niedersachsen.de/Download_OE/HWSchutz/HWRMRL_Z2_Wassertiefen_HQextrem.zip;2026-09-17
Hitzacker;HQextrem;CRS3035RES100mN3338300E4390900;1.000000;1.1197;karte;https://www.umweltkarten-niedersachsen.de/Download_OE/HWSchutz/HWRMRL_Z2_Risikogebiete_HQextrem.zip;https://www.umweltkarten-niedersachsen.de/Download_OE/HWSchutz/HWRMRL_Z2_Wassertiefen_HQextrem.zip;2026-09-17
Hitzacker;HQextrem;CRS3035RES100mN3338300E4391000;1.000000;2.1941;karte;https://www.umweltkarten-niedersachsen.de/Download_OE/HWSchutz/HWRMRL_Z2_Risikogebiete_HQextrem.zip;https://www.umweltkarten-niedersachsen.de/Download_OE/HWSchutz/HWRMRL_Z2_Wassertiefen_HQextrem.zip;2026-09-17
Hitzacker;HQextrem;CRS3035RES100mN3338300E4391100;1.000000;3.0374;karte;https://www.umweltkarten-niedersachsen.de/Download_OE/HWSchutz/HWRMRL_Z2_Risikogebiete_HQextrem.zip;https://www.umweltkarten-niedersachsen.de/Download_OE/HWSchutz/HWRMRL_Z2_Wassertiefen_HQextrem.zip;2026-09-17
Hitzacker;HQextrem;CRS3035RES100mN3338300E4391200;1.000000;3.7160;karte;https://www.umweltkarten-niedersachsen.de/Download_OE/HWSchutz/HWRMRL_Z2_Risikogebiete_HQextrem.zip;https://www.umweltkarten-niedersachsen.de/Download_OE/HWSchutz/HWRMRL_Z2_Wassertiefen_HQextrem.zip;2026-09-17
Hitzacker;HQextrem;CRS3035RES100mN3338300E4391300;1.000000;2.6348;karte;https://www.umweltkarten-niedersachsen.de/Download_OE/HWSchutz/HWRMRL_Z2_Risikogebiete_HQextrem.zip;https://www.umweltkarten-niedersachsen.de/Download_OE/HWSchutz/HWRMRL_Z2_Wassertiefen_HQextrem.zip;2026-09-17
Hitzacker;HQextrem;CRS3035RES100mN3338300E4391400;1.000000;2.5554;karte;https://www.umweltkarten-niedersachsen.de/Download_OE/HWSchutz/HWRMRL_Z2_Risikogebiete_HQextrem.zip;https://www.umweltkarten-niedersachsen.de/Download_OE/HWSchutz/HWRMRL_Z2_Wassertiefen_HQextrem.zip;2026-09-17
Hitzacker;HQextrem;CRS3035RES100mN3338300E4391500;1.000000;2.7786;karte;https://www.umweltkarten-niedersachsen.de/Download_OE/HWSchutz/HWRMRL_Z2_Risikogebiete_HQextrem.zip;https://www.umweltkarten-niedersachsen.de/Download_OE/HWSchutz/HWRMRL_Z2_Wassertiefen_HQextrem.zip;2026-09-17
Hitzacker;HQextrem;CRS3035RES100mN3338300E4391600;1.000000;2.5940;karte;https://www.umweltkarten-niedersachsen.de/Download_OE/HWSchutz/HWRMRL_Z2_Risikogebiete_HQextrem.zip;https://www.umweltkarten-niedersachsen.de/Download_OE/HWSchutz/HWRMRL_Z2_Wassertiefen_HQextrem.zip;2026-09-17
Hitzacker;HQextrem;CRS3035RES100mN3338300E4391700;1.000000;2.7357;karte;https://www.umweltkarten-niedersachsen.de/Download_OE/HWSchutz/HWRMRL_Z2_Risikogebiete_HQextrem.zip;https://www.umweltkarten-niedersachsen.de/Download_OE/HWSchutz/HWRMRL_Z2_Wassertiefen_HQextrem.zip;2026-09-17
Hitzacker;HQextrem;CRS3035RES100mN3338300E4391800;1.000000;3.4131;karte;https://www.umweltkarten-niedersachsen.de/Download_OE/HWSchutz/HWRMRL_Z2_Risikogebiete_HQextrem.zip;https://www.umweltkarten-niedersachsen.de/Download_OE/HWSchutz/HWRMRL_Z2_Wassertiefen_HQextrem.zip;2026-09-17
Hitzacker;HQextrem;CRS3035RES100mN3338300E4391900;1.000000;3.9771;karte;https://www.umweltkarten-niedersachsen.de/Download_OE/HWSchutz/HWRMRL_Z2_Risikogebiete_HQextrem.zip;https://www.umweltkarten-niedersachsen.de/Download_OE/HWSchutz/HWRMRL_Z2_Wassertiefen_HQextrem.zip;2026-09-17
Hitzacker;HQextrem;CRS3035RES100mN3338300E4392000;1.000000;4.0000;karte;https://www.umweltkarten-niedersachsen.de/Download_OE/HWSchutz/HWRMRL_Z2_Risikogebiete_HQextrem.zip;https://www.umweltkarten-niedersachsen.de/Download_OE/HWSchutz/HWRMRL_Z2_Wassertiefen_HQextrem.zip;2026-09-17
Hitzacker;HQextrem;CRS3035RES100mN3338400E4390900;1.000000;0.8648;karte;https://www.umweltkarten-niedersachsen.de/Download_OE/HWSchutz/HWRMRL_Z2_Risikogebiete_HQextrem.zip;https://www.umweltkarten-niedersachsen.de/Download_OE/HWSchutz/HWRMRL_Z2_Wassertiefen_HQextrem.zip;2026-09-17
Hitzacker;HQextrem;CRS3035RES100mN3338400E4391000;1.000000;1.8761;karte;https://www.umweltkarten-niedersachsen.de/Download_OE/HWSchutz/HWRMRL_Z2_Risikogebiete_HQextrem.zip;https://www.umweltkarten-niedersachsen.de/Download_OE/HWSchutz/HWRMRL_Z2_Wassertiefen_HQextrem.zip;2026-09-17
Hitzacker;HQextrem;CRS3035RES100mN3338400E4391100;1.000000;3.8313;karte;https://www.umweltkarten-niedersachsen.de/Download_OE/HWSchutz/HWRMRL_Z2_Risikogebiete_HQextrem.zip;https://www.umweltkarten-niedersachsen.de/Download_OE/HWSchutz/HWRMRL_Z2_Wassertiefen_HQextrem.zip;2026-09-17
Hitzacker;HQextrem;CRS3035RES100mN3338400E4391200;1.000000;2.9716;karte;https://www.umweltkarten-niedersachsen.de/Download_OE/HWSchutz/HWRMRL_Z2_Risikogebiete_HQextrem.zip;https://www.umweltkarten-niedersachsen.de/Download_OE/HWSchutz/HWRMRL_Z2_Wassertiefen_HQextrem.zip;2026-09-17
Hitzacker;HQextrem;CRS3035RES100mN3338400E4391300;1.000000;3.0691;karte;https://www.umweltkarten-niedersachsen.de/Download_OE/HWSchutz/HWRMRL_Z2_Risikogebiete_HQextrem.zip;https://www.umweltkarten-niedersachsen.de/Download_OE/HWSchutz/HWRMRL_Z2_Wassertiefen_HQextrem.zip;2026-09-17
Hitzacker;HQextrem;CRS3035RES100mN3338400E4391400;0.999438;3.4029;karte;https://www.umweltkarten-niedersachsen.de/Download_OE/HWSchutz/HWRMRL_Z2_Risikogebiete_HQextrem.zip;https://www.umweltkarten-niedersachsen.de/Download_OE/HWSchutz/HWRMRL_Z2_Wassertiefen_HQextrem.zip;2026-09-17
Hitzacker;HQextrem;CRS3035RES100mN3338400E4391500;0.997806;3.3439;karte;https://www.umweltkarten-niedersachsen.de/Download_OE/HWSchutz/HWRMRL_Z2_Risikogebiete_HQextrem.zip;https://www.umweltkarten-niedersachsen.de/Download_OE/HWSchutz/HWRMRL_Z2_Wassertiefen_HQextrem.zip;2026-09-17
Hitzacker;HQextrem;CRS3035RES100mN3338400E4391600;1.000000;3.3313;karte;https://www.umweltkarten-niedersachsen.de/Download_OE/HWSchutz/HWRMRL_Z2_Risikogebiete_HQextrem.zip;https://www.umweltkarten-niedersachsen.de/Download_OE/HWSchutz/HWRMRL_Z2_Wassertiefen_HQextrem.zip;2026-09-17
Hitzacker;HQextrem;CRS3035RES100mN3338400E4391700;1.000000;3.6087;karte;https://www.umweltkarten-niedersachsen.de/Download_OE/HWSchutz/HWRMRL_Z2_Risikogebiete_HQextrem.zip;https://www.umweltkarten-niedersachsen.de/Download_OE/HWSchutz/HWRMRL_Z2_Wassertiefen_HQextrem.zip;2026-09-17
Hitzacker;HQextrem;CRS3035RES100mN3338400E4391800;1.000000;3.9931;karte;https://www.umweltkarten-niedersachsen.de/Download_OE/HWSchutz/HWRMRL_Z2_Risikogebiete_HQextrem.zip;https://www.umweltkarten-niedersachsen.de/Download_OE/HWSchutz/HWRMRL_Z2_Wassertiefen_HQextrem.zip;2026-09-17
Hitzacker;HQextrem;CRS3035RES100mN3338400E4391900;1.000000;4.0000;karte;https://www.umweltkarten-niedersachsen.de/Download_OE/HWSchutz/HWRMRL_Z2_Risikogebiete_HQextrem.zip;https://www.umweltkarten-niedersachsen.de/Download_OE/HWSchutz/HWRMRL_Z2_Wassertiefen_HQextrem.zip;2026-09-17
Hitzacker;HQextrem;CRS3035RES100mN3338500E4390800;0.390779;0.3694;karte;https://www.umweltkarten-niedersachsen.de/Download_OE/HWSchutz/HWRMRL_Z2_Risikogebiete_HQextrem.zip;https://www.umweltkarten-niedersachsen.de/Download_OE/HWSchutz/HWRMRL_Z2_Wassertiefen_HQextrem.zip;2026-09-17
Hitzacker;HQextrem;CRS3035RES100mN3338500E4390900;1.000000;2.0345;karte;https://www.umweltkarten-niedersachsen.de/Download_OE/HWSchutz/HWRMRL_Z2_Risikogebiete_HQextrem.zip;https://www.umweltkarten-niedersachsen.de/Download_OE/HWSchutz/HWRMRL_Z2_Wassertiefen_HQextrem.zip;2026-09-17
Hitzacker;HQextrem;CRS3035RES100mN3338500E4391000;1.000000;1.3015;karte;https://www.umweltkarten-niedersachsen.de/Download_OE/HWSchutz/HWRMRL_Z2_Risikogebiete_HQextrem.zip;https://www.umweltkarten-niedersachsen.de/Download_OE/HWSchutz/HWRMRL_Z2_Wassertiefen_HQextrem.zip;2026-09-17
Hitzacker;HQextrem;CRS3035RES100mN3338500E4391100;1.000000;1.9383;karte;https://www.umweltkarten-niedersachsen.de/Download_OE/HWSchutz/HWRMRL_Z2_Risikogebiete_HQextrem.zip;https://www.umweltkarten-niedersachsen.de/Download_OE/HWSchutz/HWRMRL_Z2_Wassertiefen_HQextrem.zip;2026-09-17
Hitzacker;HQextrem;CRS3035RES100mN3338500E4391200;1.000000;3.1694;karte;https://www.umweltkarten-niedersachsen.de/Download_OE/HWSchutz/HWRMRL_Z2_Risikogebiete_HQextrem.zip;https://www.umweltkarten-niedersachsen.de/Download_OE/HWSchutz/HWRMRL_Z2_Wassertiefen_HQextrem.zip;2026-09-17
Hitzacker;HQextrem;CRS3035RES100mN3338500E4391300;1.000000;3.7632;karte;https://www.umweltkarten-niedersachsen.de/Download_OE/HWSchutz/HWRMRL_Z2_Risikogebiete_HQextrem.zip;https://www.umweltkarten-niedersachsen.de/Download_OE/HWSchutz/HWRMRL_Z2_Wassertiefen_HQextrem.zip;2026-09-17
Hitzacker;HQextrem;CRS3035RES100mN3338500E4391400;1.000000;3.5000;karte;https://www.umweltkarten-niedersachsen.de/Download_OE/HWSchutz/HWRMRL_Z2_Risikogebiete_HQextrem.zip;https://www.umweltkarten-niedersachsen.de/Download_OE/HWSchutz/HWRMRL_Z2_Wassertiefen_HQextrem.zip;2026-09-17
Hitzacker;HQextrem;CRS3035RES100mN3338500E4391500;1.000000;3.4817;karte;https://www.umweltkarten-niedersachsen.de/Download_OE/HWSchutz/HWRMRL_Z2_Risikogebiete_HQextrem.zip;https://www.umweltkarten-niedersachsen.de/Download_OE/HWSchutz/HWRMRL_Z2_Wassertiefen_HQextrem.zip;2026-09-17
Hitzacker;HQextrem;CRS3035RES100mN3338500E4391600;1.000000;3.7633;karte;https://www.umweltkarten-niedersachsen.de/Download_OE/HWSchutz/HWRMRL_Z2_Risikogebiete_HQextrem.zip;https://www.umweltkarten-niedersachsen.de/Download_OE/HWSchutz/HWRMRL_Z2_Wassertiefen_HQextrem.zip;2026-09-17
Hitzacker;HQextrem;CRS3035RES100mN3338500E4391700;1.000000;4.0000;karte;https://www.umweltkarten-niedersachsen.de/Download_OE/HWSchutz/HWRMRL_Z2_Risikogebiete_HQextrem.zip;https://www.umweltkarten-niedersachsen.de/Download_OE/HWSchutz/HWRMRL_Z2_Wassertiefen_HQextrem.zip;2026-09-17
Hitzacker;HQextrem;CRS3035RES100mN3338500E4391800;1.000000;4.0000;karte;https://www.umweltkarten-niedersachsen.de/Download_OE/HWSchutz/HWRMRL_Z2_Risikogebiete_HQextrem.zip;https://www.umweltkarten-niedersachsen.de/Download_OE/HWSchutz/HWRMRL_Z2_Wassertiefen_HQextrem.zip;2026-09-17
Hitzacker;HQextrem;CRS3035RES100mN3338600E4390800;0.713567;0.4053;karte;https://www.umweltkarten-niedersachsen.de/Download_OE/HWSchutz/HWRMRL_Z2_Risikogebiete_HQextrem.zip;https://www.umweltkarten-niedersachsen.de/Download_OE/HWSchutz/HWRMRL_Z2_Wassertiefen_HQextrem.zip;2026-09-17
Hitzacker;HQextrem;CRS3035RES100mN3338600E4390900;1.000000;2.0773;karte;https://www.umweltkarten-niedersachsen.de/Download_OE/HWSchutz/HWRMRL_Z2_Risikogebiete_HQextrem.zip;https://www.umweltkarten-niedersachsen.de/Download_OE/HWSchutz/HWRMRL_Z2_Wassertiefen_HQextrem.zip;2026-09-17
Hitzacker;HQextrem;CRS3035RES100mN3338600E4391000;1.000000;0.7996;karte;https://www.umweltkarten-niedersachsen.de/Download_OE/HWSchutz/HWRMRL_Z2_Risikogebiete_HQextrem.zip;https://www.umweltkarten-niedersachsen.de/Download_OE/HWSchutz/HWRMRL_Z2_Wassertiefen_HQextrem.zip;2026-09-17
Hitzacker;HQextrem;CRS3035RES100mN3338600E4391100;1.000000;0.8894;karte;https://www.umweltkarten-niedersachsen.de/Download_OE/HWSchutz/HWRMRL_Z2_Risikogebiete_HQextrem.zip;https://www.umweltkarten-niedersachsen.de/Download_OE/HWSchutz/HWRMRL_Z2_Wassertiefen_HQextrem.zip;2026-09-17
Hitzacker;HQextrem;CRS3035RES100mN3338600E4391200;1.000000;3.5914;karte;https://www.umweltkarten-niedersachsen.de/Download_OE/HWSchutz/HWRMRL_Z2_Risikogebiete_HQextrem.zip;https://www.umweltkarten-niedersachsen.de/Download_OE/HWSchutz/HWRMRL_Z2_Wassertiefen_HQextrem.zip;2026-09-17
Hitzacker;HQextrem;CRS3035RES100mN3338600E4391300;1.000000;3.5024;karte;https://www.umweltkarten-niedersachsen.de/Download_OE/HWSchutz/HWRMRL_Z2_Risikogebiete_HQextrem.zip;https://www.umweltkarten-niedersachsen.de/Download_OE/HWSchutz/HWRMRL_Z2_Wassertiefen_HQextrem.zip;2026-09-17
Hitzacker;HQextrem;CRS3035RES100mN3338600E4391400;1.000000;3.5392;karte;https://www.umweltkarten-niedersachsen.de/Download_OE/HWSchutz/HWRMRL_Z2_Risikogebiete_HQextrem.zip;https://www.umweltkarten-niedersachsen.de/Download_OE/HWSchutz/HWRMRL_Z2_Wassertiefen_HQextrem.zip;2026-09-17
Hitzacker;HQextrem;CRS3035RES100mN3338600E4391500;1.000000;3.9176;karte;https://www.umweltkarten-niedersachsen.de/Download_OE/HWSchutz/HWRMRL_Z2_Risikogebiete_HQextrem.zip;https://www.umweltkarten-niedersachsen.de/Download_OE/HWSchutz/HWRMRL_Z2_Wassertiefen_HQextrem.zip;2026-09-17
Hitzacker;HQextrem;CRS3035RES100mN3338600E4391600;1.000000;4.0000;karte;https://www.umweltkarten-niedersachsen.de/Download_OE/HWSchutz/HWRMRL_Z2_Risikogebiete_HQextrem.zip;https://www.umweltkarten-niedersachsen.de/Download_OE/HWSchutz/HWRMRL_Z2_Wassertiefen_HQextrem.zip;2026-09-17
Hitzacker;HQextrem;CRS3035RES100mN3338700E4390800;0.459931;0.2516;karte;https://www.umweltkarten-niedersachsen.de/Download_OE/HWSchutz/HWRMRL_Z2_Risikogebiete_HQextrem.zip;https://www.umweltkarten-niedersachsen.de/Download_OE/HWSchutz/HWRMRL_Z2_Wassertiefen_HQextrem.zip;2026-09-17
Hitzacker;HQextrem;CRS3035RES100mN3338700E4390900;1.000000;1.9124;karte;https://www.umweltkarten-niedersachsen.de/Download_OE/HWSchutz/HWRMRL_Z2_Risikogebiete_HQextrem.zip;https://www.umweltkarten-niedersachsen.de/Download_OE/HWSchutz/HWRMRL_Z2_Wassertiefen_HQextrem.zip;2026-09-17
Hitzacker;HQextrem;CRS3035RES100mN3338700E4391000;1.000000;1.2166;karte;https://www.umweltkarten-niedersachsen.de/Download_OE/HWSchutz/HWRMRL_Z2_Risikogebiete_HQextrem.zip;https://www.umweltkarten-niedersachsen.de/Download_OE/HWSchutz/HWRMRL_Z2_Wassertiefen_HQextrem.zip;2026-09-17
Hitzacker;HQextrem;CRS3035RES100mN3338700E4391100;1.000000;1.7579;karte;https://www.umweltkarten-niedersachsen.de/Download_OE/HWSchutz/HWRMRL_Z2_Risikogebiete_HQextrem.zip;https://www.umweltkarten-niedersachsen.de/Download_OE/HWSchutz/HWRMRL_Z2_Wassertiefen_HQextrem.zip;2026-09-17
Hitzacker;HQextrem;CRS3035RES100mN3338700E4391200;1.000000;3.7740;karte;https://www.umweltkarten-niedersachsen.de/Download_OE/HWSchutz/HWRMRL_Z2_Risikogebiete_HQextrem.zip;https://www.umweltkarten-niedersachsen.de/Download_OE/HWSchutz/HWRMRL_Z2_Wassertiefen_HQextrem.zip;2026-09-17
Hitzacker;HQextrem;CRS3035RES100mN3338700E4391300;1.000000;3.5181;karte;https://www.umweltkarten-niedersachsen.de/Download_OE/HWSchutz/HWRMRL_Z2_Risikogebiete_HQextrem.zip;https://www.umweltkarten-niedersachsen.de/Download_OE/HWSchutz/HWRMRL_Z2_Wassertiefen_HQextrem.zip;2026-09-17
Hitzacker;HQextrem;CRS3035RES100mN3338700E4391400;1.000000;3.8780;karte;https://www.umweltkarten-niedersachsen.de/Download_OE/HWSchutz/HWRMRL_Z2_Risikogebiete_HQextrem.zip;https://www.umweltkarten-niedersachsen.de/Download_OE/HWSchutz/HWRMRL_Z2_Wassertiefen_HQextrem.zip;2026-09-17
Hitzacker;HQextrem;CRS3035RES100mN3338700E4391500;1.000000;4.0000;karte;https://www.umweltkarten-niedersachsen.de/Download_OE/HWSchutz/HWRMRL_Z2_Risikogebiete_HQextrem.zip;https://www.umweltkarten-niedersachsen.de/Download_OE/HWSchutz/HWRMRL_Z2_Wassertiefen_HQextrem.zip;2026-09-17
Hitzacker;HQextrem;CRS3035RES100mN3338800E4390800;0.392938;0.2500;karte;https://www.umweltkarten-niedersachsen.de/Download_OE/HWSchutz/HWRMRL_Z2_Risikogebiete_HQextrem.zip;https://www.umweltkarten-niedersachsen.de/Download_OE/HWSchutz/HWRMRL_Z2_Wassertiefen_HQextrem.zip;2026-09-17
Hitzacker;HQextrem;CRS3035RES100mN3338800E4390900;1.000000;2.1777;karte;https://www.umweltkarten-niedersachsen.de/Download_OE/HWSchutz/HWRMRL_Z2_Risikogebiete_HQextrem.zip;https://www.umweltkarten-niedersachsen.de/Download_OE/HWSchutz/HWRMRL_Z2_Wassertiefen_HQextrem.zip;2026-09-17
Hitzacker;HQextrem;CRS3035RES100mN3338800E4391000;1.000000;2.3678;karte;https://www.umweltkarten-niedersachsen.de/Download_OE/HWSchutz/HWRMRL_Z2_Risikogebiete_HQextrem.zip;https://www.umweltkarten-niedersachsen.de/Download_OE/HWSchutz/HWRMRL_Z2_Wassertiefen_HQextrem.zip;2026-09-17
Hitzacker;HQextrem;CRS3035RES100mN3338800E4391100;1.000000;3.4946;karte;https://www.umweltkarten-niedersachsen.de/Download_OE/HWSchutz/HWRMRL_Z2_Risikogebiete_HQextrem.zip;https://www.umweltkarten-niedersachsen.de/Download_OE/HWSchutz/HWRMRL_Z2_Wassertiefen_HQextrem.zip;2026-09-17
Hitzacker;HQextrem;CRS3035RES100mN3338800E4391200;1.000000;3.6471;karte;https://www.umweltkarten-niedersachsen.de/Download_OE/HWSchutz/HWRMRL_Z2_Risikogebiete_HQextrem.zip;https://www.umweltkarten-niedersachsen.de/Download_OE/HWSchutz/HWRMRL_Z2_Wassertiefen_HQextrem.zip;2026-09-17
Hitzacker;HQextrem;CRS3035RES100mN3338800E4391300;1.000000;3.8247;karte;https://www.umweltkarten-niedersachsen.de/Download_OE/HWSchutz/HWRMRL_Z2_Risikogebiete_HQextrem.zip;https://www.umweltkarten-niedersachsen.de/Download_OE/HWSchutz/HWRMRL_Z2_Wassertiefen_HQextrem.zip;2026-09-17
Hitzacker;HQextrem;CRS3035RES100mN3338800E4391400;1.000000;4.0000;karte;https://www.umweltkarten-niedersachsen.de/Download_OE/HWSchutz/HWRMRL_Z2_Risikogebiete_HQextrem.zip;https://www.umweltkarten-niedersachsen.de/Download_OE/HWSchutz/HWRMRL_Z2_Wassertiefen_HQextrem.zip;2026-09-17
Hitzacker;HQextrem;CRS3035RES100mN3338900E4390800;0.377528;0.8918;karte;https://www.umweltkarten-niedersachsen.de/Download_OE/HWSchutz/HWRMRL_Z2_Risikogebiete_HQextrem.zip;https://www.umweltkarten-niedersachsen.de/Download_OE/HWSchutz/HWRMRL_Z2_Wassertiefen_HQextrem.zip;2026-09-17
Hitzacker;HQextrem;CRS3035RES100mN3338900E4390900;1.000000;2.8410;karte;https://www.umweltkarten-niedersachsen.de/Download_OE/HWSchutz/HWRMRL_Z2_Risikogebiete_HQextrem.zip;https://www.umweltkarten-niedersachsen.de/Download_OE/HWSchutz/HWRMRL_Z2_Wassertiefen_HQextrem.zip;2026-09-17
Hitzacker;HQextrem;CRS3035RES100mN3338900E4391000;1.000000;3.8405;karte;https://www.umweltkarten-niedersachsen.de/Download_OE/HWSchutz/HWRMRL_Z2_Risikogebiete_HQextrem.zip;https://www.umweltkarten-niedersachsen.de/Download_OE/HWSchutz/HWRMRL_Z2_Wassertiefen_HQextrem.zip;2026-09-17
Hitzacker;HQextrem;CRS3035RES100mN3338900E4391100;1.000000;3.7832;karte;https://www.umweltkarten-niedersachsen.de/Download_OE/HWSchutz/HWRMRL_Z2_Risikogebiete_HQextrem.zip;https://www.umweltkarten-niedersachsen.de/Download_OE/HWSchutz/HWRMRL_Z2_Wassertiefen_HQextrem.zip;2026-09-17
Hitzacker;HQextrem;CRS3035RES100mN3338900E4391200;1.000000;3.9329;karte;https://www.umweltkarten-niedersachsen.de/Download_OE/HWSchutz/HWRMRL_Z2_Risikogebiete_HQextrem.zip;https://www.umweltkarten-niedersachsen.de/Download_OE/HWSchutz/HWRMRL_Z2_Wassertiefen_HQextrem.zip;2026-09-17
Hitzacker;HQextrem;CRS3035RES100mN3338900E4391300;1.000000;4.0000;karte;https://www.umweltkarten-niedersachsen.de/Download_OE/HWSchutz/HWRMRL_Z2_Risikogebiete_HQextrem.zip;https://www.umweltkarten-niedersachsen.de/Download_OE/HWSchutz/HWRMRL_Z2_Wassertiefen_HQextrem.zip;2026-09-17
Hitzacker;HQextrem;CRS3035RES100mN3339000E4390600;0.231055;3.4586;karte;https://www.umweltkarten-niedersachsen.de/Download_OE/HWSchutz/HWRMRL_Z2_Risikogebiete_HQextrem.zip;https://www.umweltkarten-niedersachsen.de/Download_OE/HWSchutz/HWRMRL_Z2_Wassertiefen_HQextrem.zip;2026-09-17
Hitzacker;HQextrem;CRS3035RES100mN3339000E4390700;0.632078;3.9675;karte;https://www.umweltkarten-niedersachsen.de/Download_OE/HWSchutz/HWRMRL_Z2_Risikogebiete_HQextrem.zip;https://www.umweltkarten-niedersachsen.de/Download_OE/HWSchutz/HWRMRL_Z2_Wassertiefen_HQextrem.zip;2026-09-17
Hitzacker;HQextrem;CRS3035RES100mN3339000E4390800;0.952031;3.9422;karte;https://www.umweltkarten-niedersachsen.de/Download_OE/HWSchutz/HWRMRL_Z2_Risikogebiete_HQextrem.zip;https://www.umweltkarten-niedersachsen.de/Download_OE/HWSchutz/HWRMRL_Z2_Wassertiefen_HQextrem.zip;2026-09-17
Hitzacker;HQextrem;CRS3035RES100mN3339000E4390900;1.000000;4.0000;karte;https://www.umweltkarten-niedersachsen.de/Download_OE/HWSchutz/HWRMRL_Z2_Risikogebiete_HQextrem.zip;https://www.umweltkarten-niedersachsen.de/Download_OE/HWSchutz/HWRMRL_Z2_Wassertiefen_HQextrem.zip;2026-09-17
Hitzacker;HQextrem;CRS3035RES100mN3339000E4391000;1.000000;4.0000;karte;https://www.umweltkarten-niedersachsen.de/Download_OE/HWSchutz/HWRMRL_Z2_Risikogebiete_HQextrem.zip;https://www.umweltkarten-niedersachsen.de/Download_OE/HWSchutz/HWRMRL_Z2_Wassertiefen_HQextrem.zip;2026-09-17
Hitzacker;HQextrem;CRS3035RES100mN3339000E4391100;1.000000;4.0000;karte;https://www.umweltkarten-niedersachsen.de/Download_OE/HWSchutz/HWRMRL_Z2_Risikogebiete_HQextrem.zip;https://www.umweltkarten-niedersachsen.de/Download_OE/HWSchutz/HWRMRL_Z2_Wassertiefen_HQextrem.zip;2026-09-17
Hitzacker;HQextrem;CRS3035RES100mN3339000E4391200;1.000000;4.0000;karte;https://www.umweltkarten-niedersachsen.de/Download_OE/HWSchutz/HWRMRL_Z2_Risikogebiete_HQextrem.zip;https://www.umweltkarten-niedersachsen.de/Download_OE/HWSchutz/HWRMRL_Z2_Wassertiefen_HQextrem.zip;2026-09-17
Hitzacker;HQextrem;CRS3035RES100mN3339100E4390500;0.396884;4.0000;karte;https://www.umweltkarten-niedersachsen.de/Download_OE/HWSchutz/HWRMRL_Z2_Risikogebiete_HQextrem.zip;https://www.umweltkarten-niedersachsen.de/Download_OE/HWSchutz/HWRMRL_Z2_Wassertiefen_HQextrem.zip;2026-09-17
Hitzacker;HQextrem;CRS3035RES100mN3339100E4390600;0.980065;4.0000;karte;https://www.umweltkarten-niedersachsen.de/Download_OE/HWSchutz/HWRMRL_Z2_Risikogebiete_HQextrem.zip;https://www.umweltkarten-niedersachsen.de/Download_OE/HWSchutz/HWRMRL_Z2_Wassertiefen_HQextrem.zip;2026-09-17
Hitzacker;HQextrem;CRS3035RES100mN3339100E4390700;1.000000;4.0000;karte;https://www.umweltkarten-niedersachsen.de/Download_OE/HWSchutz/HWRMRL_Z2_Risikogebiete_HQextrem.zip;https://www.umweltkarten-niedersachsen.de/Download_OE/HWSchutz/HWRMRL_Z2_Wassertiefen_HQextrem.zip;2026-09-17
Hitzacker;HQextrem;CRS3035RES100mN3339100E4390800;1.000000;4.0000;karte;https://www.umweltkarten-niedersachsen.de/Download_OE/HWSchutz/HWRMRL_Z2_Risikogebiete_HQextrem.zip;https://www.umweltkarten-niedersachsen.de/Download_OE/HWSchutz/HWRMRL_Z2_Wassertiefen_HQextrem.zip;2026-09-17
Hitzacker;HQextrem;CRS3035RES100mN3339100E4390900;1.000000;4.0000;karte;https://www.umweltkarten-niedersachsen.de/Download_OE/HWSchutz/HWRMRL_Z2_Risikogebiete_HQextrem.zip;https://www.umweltkarten-niedersachsen.de/Download_OE/HWSchutz/HWRMRL_Z2_Wassertiefen_HQextrem.zip;2026-09-17
Hitzacker;HQextrem;CRS3035RES100mN3339100E4391000;1.000000;4.0000;karte;https://www.umweltkarten-niedersachsen.de/Download_OE/HWSchutz/HWRMRL_Z2_Risikogebiete_HQextrem.zip;https://www.umweltkarten-niedersachsen.de/Download_OE/HWSchutz/HWRMRL_Z2_Wassertiefen_HQextrem.zip;2026-09-17
Hitzacker;HQextrem;CRS3035RES100mN3339100E4391100;1.000000;4.0000;karte;https://www.umweltkarten-niedersachsen.de/Download_OE/HWSchutz/HWRMRL_Z2_Risikogebiete_HQextrem.zip;https://www.umweltkarten-niedersachsen.de/Download_OE/HWSchutz/HWRMRL_Z2_Wassertiefen_HQextrem.zip;2026-09-17
Hitzacker;HQextrem;CRS3035RES100mN3339200E4390300;0.074518;2.6606;karte;https://www.umweltkarten-niedersachsen.de/Download_OE/HWSchutz/HWRMRL_Z2_Risikogebiete_HQextrem.zip;https://www.umweltkarten-niedersachsen.de/Download_OE/HWSchutz/HWRMRL_Z2_Wassertiefen_HQextrem.zip;2026-09-17
Hitzacker;HQextrem;CRS3035RES100mN3339200E4390400;0.645056;3.7687;karte;https://www.umweltkarten-niedersachsen.de/Download_OE/HWSchutz/HWRMRL_Z2_Risikogebiete_HQextrem.zip;https://www.umweltkarten-niedersachsen.de/Download_OE/HWSchutz/HWRMRL_Z2_Wassertiefen_HQextrem.zip;2026-09-17
Hitzacker;HQextrem;CRS3035RES100mN3339200E4390500;0.999207;4.0000;karte;https://www.umweltkarten-niedersachsen.de/Download_OE/HWSchutz/HWRMRL_Z2_Risikogebiete_HQextrem.zip;https://www.umweltkarten-niedersachsen.de/Download_OE/HWSchutz/HWRMRL_Z2_Wassertiefen_HQextrem.zip;2026-09-17
Hitzacker;HQextrem;CRS3035RES100mN3339200E4390600;1.000000;4.0000;karte;https://www.umweltkarten-niedersachsen.de/Download_OE/HWSchutz/HWRMRL_Z2_Risikogebiete_HQextrem.zip;https://www.umweltkarten-niedersachsen.de/Download_OE/HWSchutz/HWRMRL_Z2_Wassertiefen_HQextrem.zip;2026-09-17
Hitzacker;HQextrem;CRS3035RES100mN3339200E4390700;1.000000;4.0000;karte;https://www.umweltkarten-niedersachsen.de/Download_OE/HWSchutz/HWRMRL_Z2_Risikogebiete_HQextrem.zip;https://www.umweltkarten-niedersachsen.de/Download_OE/HWSchutz/HWRMRL_Z2_Wassertiefen_HQextrem.zip;2026-09-17
Hitzacker;HQextrem;CRS3035RES100mN3339200E4390800;1.000000;4.0000;karte;https://www.umweltkarten-niedersachsen.de/Download_OE/HWSchutz/HWRMRL_Z2_Risikogebiete_HQextrem.zip;https://www.umweltkarten-niedersachsen.de/Download_OE/HWSchutz/HWRMRL_Z2_Wassertiefen_HQextrem.zip;2026-09-17
Hitzacker;HQextrem;CRS3035RES100mN3339200E4390900;1.000000;4.0000;karte;https://www.umweltkarten-niedersachsen.de/Download_OE/HWSchutz/HWRMRL_Z2_Risikogebiete_HQextrem.zip;https://www.umweltkarten-niedersachsen.de/Download_OE/HWSchutz/HWRMRL_Z2_Wassertiefen_HQextrem.zip;2026-09-17
Hitzacker;HQextrem;CRS3035RES100mN3339200E4391000;1.000000;4.0000;karte;https://www.umweltkarten-niedersachsen.de/Download_OE/HWSchutz/HWRMRL_Z2_Risikogebiete_HQextrem.zip;https://www.umweltkarten-niedersachsen.de/Download_OE/HWSchutz/HWRMRL_Z2_Wassertiefen_HQextrem.zip;2026-09-17
Hitzacker;HQextrem;CRS3035RES100mN3339300E4390200;0.020170;4.0000;karte;https://www.umweltkarten-niedersachsen.de/Download_OE/HWSchutz/HWRMRL_Z2_Risikogebiete_HQextrem.zip;https://www.umweltkarten-niedersachsen.de/Download_OE/HWSchutz/HWRMRL_Z2_Wassertiefen_HQextrem.zip;2026-09-17
Hitzacker;HQextrem;CRS3035RES100mN3339300E4390300;0.735421;3.6558;karte;https://www.umweltkarten-niedersachsen.de/Download_OE/HWSchutz/HWRMRL_Z2_Risikogebiete_HQextrem.zip;https://www.umweltkarten-niedersachsen.de/Download_OE/HWSchutz/HWRMRL_Z2_Wassertiefen_HQextrem.zip;2026-09-17
Hitzacker;HQextrem;CRS3035RES100mN3339300E4390400;1.000000;4.0000;karte;https://www.umweltkarten-niedersachsen.de/Download_OE/HWSchutz/HWRMRL_Z2_Risikogebiete_HQextrem.zip;https://www.umweltkarten-niedersachsen.de/Download_OE/HWSchutz/HWRMRL_Z2_Wassertiefen_HQextrem.zip;2026-09-17
Hitzacker;HQextrem;CRS3035RES100mN3339300E4390500;1.000000;4.0000;karte;https://www.umweltkarten-niedersachsen.de/Download_OE/HWSchutz/HWRMRL_Z2_Risikogebiete_HQextrem.zip;https://www.umweltkarten-niedersachsen.de/Download_OE/HWSchutz/HWRMRL_Z2_Wassertiefen_HQextrem.zip;2026-09-17
Hitzacker;HQextrem;CRS3035RES100mN3339300E4390600;1.000000;4.0000;karte;https://www.umweltkarten-niedersachsen.de/Download_OE/HWSchutz/HWRMRL_Z2_Risikogebiete_HQextrem.zip;https://www.umweltkarten-niedersachsen.de/Download_OE/HWSchutz/HWRMRL_Z2_Wassertiefen_HQextrem.zip;2026-09-17
Hitzacker;HQextrem;CRS3035RES100mN3339300E4390700;1.000000;4.0000;karte;https://www.umweltkarten-niedersachsen.de/Download_OE/HWSchutz/HWRMRL_Z2_Risikogebiete_HQextrem.zip;https://www.umweltkarten-niedersachsen.de/Download_OE/HWSchutz/HWRMRL_Z2_Wassertiefen_HQextrem.zip;2026-09-17
Hitzacker;HQextrem;CRS3035RES100mN3339300E4390800;1.000000;4.0000;karte;https://www.umweltkarten-niedersachsen.de/Download_OE/HWSchutz/HWRMRL_Z2_Risikogebiete_HQextrem.zip;https://www.umweltkarten-niedersachsen.de/Download_OE/HWSchutz/HWRMRL_Z2_Wassertiefen_HQextrem.zip;2026-09-17
Hitzacker;HQextrem;CRS3035RES100mN3339400E4390200;0.437963;3.7313;karte;https://www.umweltkarten-niedersachsen.de/Download_OE/HWSchutz/HWRMRL_Z2_Risikogebiete_HQextrem.zip;https://www.umweltkarten-niedersachsen.de/Download_OE/HWSchutz/HWRMRL_Z2_Wassertiefen_HQextrem.zip;2026-09-17
Hitzacker;HQextrem;CRS3035RES100mN3339400E4390300;1.000000;4.0000;karte;https://www.umweltkarten-niedersachsen.de/Download_OE/HWSchutz/HWRMRL_Z2_Risikogebiete_HQextrem.zip;https://www.umweltkarten-niedersachsen.de/Download_OE/HWSchutz/HWRMRL_Z2_Wassertiefen_HQextrem.zip;2026-09-17
Hitzacker;HQextrem;CRS3035RES100mN3339400E4390400;1.000000;4.0000;karte;https://www.umweltkarten-niedersachsen.de/Download_OE/HWSchutz/HWRMRL_Z2_Risikogebiete_HQextrem.zip;https://www.umweltkarten-niedersachsen.de/Download_OE/HWSchutz/HWRMRL_Z2_Wassertiefen_HQextrem.zip;2026-09-17
Hitzacker;HQextrem;CRS3035RES100mN3339400E4390500;1.000000;3.9434;karte;https://www.umweltkarten-niedersachsen.de/Download_OE/HWSchutz/HWRMRL_Z2_Risikogebiete_HQextrem.zip;https://www.umweltkarten-niedersachsen.de/Download_OE/HWSchutz/HWRMRL_Z2_Wassertiefen_HQextrem.zip;2026-09-17
Hitzacker;HQextrem;CRS3035RES100mN3339400E4390600;1.000000;4.0000;karte;https://www.umweltkarten-niedersachsen.de/Download_OE/HWSchutz/HWRMRL_Z2_Risikogebiete_HQextrem.zip;https://www.umweltkarten-niedersachsen.de/Download_OE/HWSchutz/HWRMRL_Z2_Wassertiefen_HQextrem.zip;2026-09-17
Hitzacker;HQextrem;CRS3035RES100mN3339400E4390700;1.000000;4.0000;karte;https://www.umweltkarten-niedersachsen.de/Download_OE/HWSchutz/HWRMRL_Z2_Risikogebiete_HQextrem.zip;https://www.umweltkarten-niedersachsen.de/Download_OE/HWSchutz/HWRMRL_Z2_Wassertiefen_HQextrem.zip;2026-09-17
Hitzacker;HQextrem;CRS3035RES100mN3339500E4390100;0.142792;3.2316;karte;https://www.umweltkarten-niedersachsen.de/Download_OE/HWSchutz/HWRMRL_Z2_Risikogebiete_HQextrem.zip;https://www.umweltkarten-niedersachsen.de/Download_OE/HWSchutz/HWRMRL_Z2_Wassertiefen_HQextrem.zip;2026-09-17
Hitzacker;HQextrem;CRS3035RES100mN3339500E4390200;0.956333;3.9431;karte;https://www.umweltkarten-niedersachsen.de/Download_OE/HWSchutz/HWRMRL_Z2_Risikogebiete_HQextrem.zip;https://www.umweltkarten-niedersachsen.de/Download_OE/HWSchutz/HWRMRL_Z2_Wassertiefen_HQextrem.zip;2026-09-17
Hitzacker;HQextrem;CRS3035RES100mN3339500E4390300;1.000000;4.0000;karte;https://www.umweltkarten-niedersachsen.de/Download_OE/HWSchutz/HWRMRL_Z2_Risikogebiete_HQextrem.zip;https://www.umweltkarten-niedersachsen.de/Download_OE/HWSchutz/HWRMRL_Z2_Wassertiefen_HQextrem.zip;2026-09-17
Hitzacker;HQextrem;CRS3035RES100mN3339500E4390400;1.000000;4.0000;karte;https://www.umweltkarten-niedersachsen.de/Download_OE/HWSchutz/HWRMRL_Z2_Risikogebiete_HQextrem.zip;https://www.umweltkarten-niedersachsen.de/Download_OE/HWSchutz/HWRMRL_Z2_Wassertiefen_HQextrem.zip;2026-09-17
Hitzacker;HQextrem;CRS3035RES100mN3339500E4390500;1.000000;4.0000;karte;https://www.umweltkarten-niedersachsen.de/Download_OE/HWSchutz/HWRMRL_Z2_Risikogebiete_HQextrem.zip;https://www.umweltkarten-niedersachsen.de/Download_OE/HWSchutz/HWRMRL_Z2_Wassertiefen_HQextrem.zip;2026-09-17
Hitzacker;HQextrem;CRS3035RES100mN3339500E4390600;1.000000;4.0000;karte;https://www.umweltkarten-niedersachsen.de/Download_OE/HWSchutz/HWRMRL_Z2_Risikogebiete_HQextrem.zip;https://www.umweltkarten-niedersachsen.de/Download_OE/HWSchutz/HWRMRL_Z2_Wassertiefen_HQextrem.zip;2026-09-17
Hitzacker;HQextrem;CRS3035RES100mN3339600E4390000;0.053546;2.7842;karte;https://www.umweltkarten-niedersachsen.de/Download_OE/HWSchutz/HWRMRL_Z2_Risikogebiete_HQextrem.zip;https://www.umweltkarten-niedersachsen.de/Download_OE/HWSchutz/HWRMRL_Z2_Wassertiefen_HQextrem.zip;2026-09-17
Hitzacker;HQextrem;CRS3035RES100mN3339600E4390100;0.869428;3.8003;karte;https://www.umweltkarten-niedersachsen.de/Download_OE/HWSchutz/HWRMRL_Z2_Risikogebiete_HQextrem.zip;https://www.umweltkarten-niedersachsen.de/Download_OE/HWSchutz/HWRMRL_Z2_Wassertiefen_HQextrem.zip;2026-09-17
Hitzacker;HQextrem;CRS3035RES100mN3339600E4390200;1.000000;4.0000;karte;https://www.umweltkarten-niedersachsen.de/Download_OE/HWSchutz/HWRMRL_Z2_Risikogebiete_HQextrem.zip;https://www.umweltkarten-niedersachsen.de/Download_OE/HWSchutz/HWRMRL_Z2_Wassertiefen_HQextrem.zip;2026-09-17
Hitzacker;HQextrem;CRS3035RES100mN3339600E4390300;1.000000;4.0000;karte;https://www.umweltkarten-niedersachsen.de/Download_OE/HWSchutz/HWRMRL_Z2_Risikogebiete_HQextrem.zip;https://www.umweltkarten-niedersachsen.de/Download_OE/HWSchutz/HWRMRL_Z2_Wassertiefen_HQextrem.zip;2026-09-17
Hitzacker;HQextrem;CRS3035RES100mN3339600E4390400;1.000000;4.0000;karte;https://www.umweltkarten-niedersachsen.de/Download_OE/HWSchutz/HWRMRL_Z2_Risikogebiete_HQextrem.zip;https://www.umweltkarten-niedersachsen.de/Download_OE/HWSchutz/HWRMRL_Z2_Wassertiefen_HQextrem.zip;2026-09-17
Hitzacker;HQextrem;CRS3035RES100mN3339600E4390500;1.000000;4.0000;karte;https://www.umweltkarten-niedersachsen.de/Download_OE/HWSchutz/HWRMRL_Z2_Risikogebiete_HQextrem.zip;https://www.umweltkarten-niedersachsen.de/Download_OE/HWSchutz/HWRMRL_Z2_Wassertiefen_HQextrem.zip;2026-09-17
Hitzacker;HQextrem;CRS3035RES100mN3339700E4389900;0.002477;1.6143;karte;https://www.umweltkarten-niedersachsen.de/Download_OE/HWSchutz/HWRMRL_Z2_Risikogebiete_HQextrem.zip;https://www.umweltkarten-niedersachsen.de/Download_OE/HWSchutz/HWRMRL_Z2_Wassertiefen_HQextrem.zip;2026-09-17
Hitzacker;HQextrem;CRS3035RES100mN3339700E4390000;0.726447;3.8264;karte;https://www.umweltkarten-niedersachsen.de/Download_OE/HWSchutz/HWRMRL_Z2_Risikogebiete_HQextrem.zip;https://www.umweltkarten-niedersachsen.de/Download_OE/HWSchutz/HWRMRL_Z2_Wassertiefen_HQextrem.zip;2026-09-17
Hitzacker;HQextrem;CRS3035RES100mN3339700E4390100;1.000000;4.0000;karte;https://www.umweltkarten-niedersachsen.de/Download_OE/HWSchutz/HWRMRL_Z2_Risikogebiete_HQextrem.zip;https://www.umweltkarten-niedersachsen.de/Download_OE/HWSchutz/HWRMRL_Z2_Wassertiefen_HQextrem.zip;2026-09-17
Hitzacker;HQextrem;CRS3035RES100mN3339700E4390200;1.000000;4.0000;karte;https://www.umweltkarten-niedersachsen.de/Download_OE/HWSchutz/HWRMRL_Z2_Risikogebiete_HQextrem.zip;https://www.umweltkarten-niedersachsen.de/Download_OE/HWSchutz/HWRMRL_Z2_Wassertiefen_HQextrem.zip;2026-09-17
Hitzacker;HQextrem;CRS3035RES100mN3339700E4390300;1.000000;4.0000;karte;https://www.umweltkarten-niedersachsen.de/Download_OE/HWSchutz/HWRMRL_Z2_Risikogebiete_HQextrem.zip;https://www.umweltkarten-niedersachsen.de/Download_OE/HWSchutz/HWRMRL_Z2_Wassertiefen_HQextrem.zip;2026-09-17
Hitzacker;HQextrem;CRS3035RES100mN3339700E4390400;1.000000;4.0000;karte;https://www.umweltkarten-niedersachsen.de/Download_OE/HWSchutz/HWRMRL_Z2_Risikogebiete_HQextrem.zip;https://www.umweltkarten-niedersachsen.de/Download_OE/HWSchutz/HWRMRL_Z2_Wassertiefen_HQextrem.zip;2026-09-17
Hitzacker;HQextrem;CRS3035RES100mN3339800E4389800;0.018536;1.5969;karte;https://www.umweltkarten-niedersachsen.de/Download_OE/HWSchutz/HWRMRL_Z2_Risikogebiete_HQextrem.zip;https://www.umweltkarten-niedersachsen.de/Download_OE/HWSchutz/HWRMRL_Z2_Wassertiefen_HQextrem.zip;2026-09-17
Hitzacker;HQextrem;CRS3035RES100mN3339800E4389900;0.614942;3.7284;karte;https://www.umweltkarten-niedersachsen.de/Download_OE/HWSchutz/HWRMRL_Z2_Risikogebiete_HQextrem.zip;https://www.umweltkarten-niedersachsen.de/Download_OE/HWSchutz/HWRMRL_Z2_Wassertiefen_HQextrem.zip;2026-09-17
Hitzacker;HQextrem;CRS3035RES100mN3339800E4390000;1.000000;4.0000;karte;https://www.umweltkarten-niedersachsen.de/Download_OE/HWSchutz/HWRMRL_Z2_Risikogebiete_HQextrem.zip;https://www.umweltkarten-niedersachsen.de/Download_OE/HWSchutz/HWRMRL_Z2_Wassertiefen_HQextrem.zip;2026-09-17
Hitzacker;HQextrem;CRS3035RES100mN3339800E4390100;1.000000;4.0000;karte;https://www.umweltkarten-niedersachsen.de/Download_OE/HWSchutz/HWRMRL_Z2_Risikogebiete_HQextrem.zip;https://www.umweltkarten-niedersachsen.de/Download_OE/HWSchutz/HWRMRL_Z2_Wassertiefen_HQextrem.zip;2026-09-17
Hitzacker;HQextrem;CRS3035RES100mN3339800E4390200;1.000000;4.0000;karte;https://www.umweltkarten-niedersachsen.de/Download_OE/HWSchutz/HWRMRL_Z2_Risikogebiete_HQextrem.zip;https://www.umweltkarten-niedersachsen.de/Download_OE/HWSchutz/HWRMRL_Z2_Wassertiefen_HQextrem.zip;2026-09-17
Hitzacker;HQextrem;CRS3035RES100mN3339800E4390300;1.000000;4.0000;karte;https://www.umweltkarten-niedersachsen.de/Download_OE/HWSchutz/HWRMRL_Z2_Risikogebiete_HQextrem.zip;https://www.umweltkarten-niedersachsen.de/Download_OE/HWSchutz/HWRMRL_Z2_Wassertiefen_HQextrem.zip;2026-09-17
Hitzacker;HQextrem;CRS3035RES100mN3339900E4389700;0.246666;2.9043;karte;https://www.umweltkarten-niedersachsen.de/Download_OE/HWSchutz/HWRMRL_Z2_Risikogebiete_HQextrem.zip;https://www.umweltkarten-niedersachsen.de/Download_OE/HWSchutz/HWRMRL_Z2_Wassertiefen_HQextrem.zip;2026-09-17
Hitzacker;HQextrem;CRS3035RES100mN3339900E4389800;0.816232;3.7399;karte;https://www.umweltkarten-niedersachsen.de/Download_OE/HWSchutz/HWRMRL_Z2_Risikogebiete_HQextrem.zip;https://www.umweltkarten-niedersachsen.de/Download_OE/HWSchutz/HWRMRL_Z2_Wassertiefen_HQextrem.zip;2026-09-17
Hitzacker;HQextrem;CRS3035RES100mN3339900E4389900;1.000000;4.0000;karte;https://www.umweltkarten-niedersachsen.de/Download_OE/HWSchutz/HWRMRL_Z2_Risikogebiete_HQextrem.zip;https://www.umweltkarten-niedersachsen.de/Download_OE/HWSchutz/HWRMRL_Z2_Wassertiefen_HQextrem.zip;2026-09-17
Hitzacker;HQextrem;CRS3035RES100mN3339900E4390000;1.000000;4.0000;karte;https://www.umweltkarten-niedersachsen.de/Download_OE/HWSchutz/HWRMRL_Z2_Risikogebiete_HQextrem.zip;https://www.umweltkarten-niedersachsen.de/Download_OE/HWSchutz/HWRMRL_Z2_Wassertiefen_HQextrem.zip;2026-09-17
Hitzacker;HQextrem;CRS3035RES100mN3339900E4390100;1.000000;4.0000;karte;https://www.umweltkarten-niedersachsen.de/Download_OE/HWSchutz/HWRMRL_Z2_Risikogebiete_HQextrem.zip;https://www.umweltkarten-niedersachsen.de/Download_OE/HWSchutz/HWRMRL_Z2_Wassertiefen_HQextrem.zip;2026-09-17
Hitzacker;HQextrem;CRS3035RES100mN3339900E4390200;1.000000;4.0000;karte;https://www.umweltkarten-niedersachsen.de/Download_OE/HWSchutz/HWRMRL_Z2_Risikogebiete_HQextrem.zip;https://www.umweltkarten-niedersachsen.de/Download_OE/HWSchutz/HWRMRL_Z2_Wassertiefen_HQextrem.zip;2026-09-17
Hitzacker;HQextrem;CRS3035RES100mN3340000E4389600;0.267016;3.7634;karte;https://www.umweltkarten-niedersachsen.de/Download_OE/HWSchutz/HWRMRL_Z2_Risikogebiete_HQextrem.zip;https://www.umweltkarten-niedersachsen.de/Download_OE/HWSchutz/HWRMRL_Z2_Wassertiefen_HQextrem.zip;2026-09-17
Hitzacker;HQextrem;CRS3035RES100mN3340000E4389700;0.959281;3.9494;karte;https://www.umweltkarten-niedersachsen.de/Download_OE/HWSchutz/HWRMRL_Z2_Risikogebiete_HQextrem.zip;https://www.umweltkarten-niedersachsen.de/Download_OE/HWSchutz/HWRMRL_Z2_Wassertiefen_HQextrem.zip;2026-09-17
Hitzacker;HQextrem;CRS3035RES100mN3340000E4389800;1.000000;4.0000;karte;https://www.umweltkarten-niedersachsen.de/Download_OE/HWSchutz/HWRMRL_Z2_Risikogebiete_HQextrem.zip;https://www.umweltkarten-niedersachsen.de/Download_OE/HWSchutz/HWRMRL_Z2_Wassertiefen_HQextrem.zip;2026-09-17
Hitzacker;HQextrem;CRS3035RES100mN3340000E4389900;1.000000;4.0000;karte;https://www.umweltkarten-niedersachsen.de/Download_OE/HWSchutz/HWRMRL_Z2_Risikogebiete_HQextrem.zip;https://www.umweltkarten-niedersachsen.de/Download_OE/HWSchutz/HWRMRL_Z2_Wassertiefen_HQextrem.zip;2026-09-17
Hitzacker;HQextrem;CRS3035RES100mN3340000E4390000;1.000000;4.0000;karte;https://www.umweltkarten-niedersachsen.de/Download_OE/HWSchutz/HWRMRL_Z2_Risikogebiete_HQextrem.zip;https://www.umweltkarten-niedersachsen.de/Download_OE/HWSchutz/HWRMRL_Z2_Wassertiefen_HQextrem.zip;2026-09-17
Hitzacker;HQextrem;CRS3035RES100mN3340100E4389500;0.217353;3.7898;karte;https://www.umweltkarten-niedersachsen.de/Download_OE/HWSchutz/HWRMRL_Z2_Risikogebiete_HQextrem.zip;https://www.umweltkarten-niedersachsen.de/Download_OE/HWSchutz/HWRMRL_Z2_Wassertiefen_HQextrem.zip;2026-09-17
Hitzacker;HQextrem;CRS3035RES100mN3340100E4389600;0.952419;4.0000;karte;https://www.umweltkarten-niedersachsen.de/Download_OE/HWSchutz/HWRMRL_Z2_Risikogebiete_HQextrem.zip;https://www.umweltkarten-niedersachsen.de/Download_OE/HWSchutz/HWRMRL_Z2_Wassertiefen_HQextrem.zip;2026-09-17
Hitzacker;HQextrem;CRS3035RES100mN3340100E4389700;1.000000;4.0000;karte;https://www.umweltkarten-niedersachsen.de/Download_OE/HWSchutz/HWRMRL_Z2_Risikogebiete_HQextrem.zip;https://www.umweltkarten-niedersachsen.de/Download_OE/HWSchutz/HWRMRL_Z2_Wassertiefen_HQextrem.zip;2026-09-17
Hitzacker;HQextrem;CRS3035RES100mN3340100E4389800;1.000000;4.0000;karte;https://www.umweltkarten-niedersachsen.de/Download_OE/HWSchutz/HWRMRL_Z2_Risikogebiete_HQextrem.zip;https://www.umweltkarten-niedersachsen.de/Download_OE/HWSchutz/HWRMRL_Z2_Wassertiefen_HQextrem.zip;2026-09-17
Hitzacker;HQextrem;CRS3035RES100mN3340100E4389900;1.000000;4.0000;karte;https://www.umweltkarten-niedersachsen.de/Download_OE/HWSchutz/HWRMRL_Z2_Risikogebiete_HQextrem.zip;https://www.umweltkarten-niedersachsen.de/Download_OE/HWSchutz/HWRMRL_Z2_Wassertiefen_HQextrem.zip;2026-09-17
Hitzacker;HQextrem;CRS3035RES100mN3340200E4389300;0.011805;0.5469;karte;https://www.umweltkarten-niedersachsen.de/Download_OE/HWSchutz/HWRMRL_Z2_Risikogebiete_HQextrem.zip;https://www.umweltkarten-niedersachsen.de/Download_OE/HWSchutz/HWRMRL_Z2_Wassertiefen_HQextrem.zip;2026-09-17
Hitzacker;HQextrem;CRS3035RES100mN3340200E4389400;0.327780;2.7287;karte;https://www.umweltkarten-niedersachsen.de/Download_OE/HWSchutz/HWRMRL_Z2_Risikogebiete_HQextrem.zip;https://www.umweltkarten-niedersachsen.de/Download_OE/HWSchutz/HWRMRL_Z2_Wassertiefen_HQextrem.zip;2026-09-17
Hitzacker;HQextrem;CRS3035RES100mN3340200E4389500;0.929537;3.9913;karte;https://www.umweltkarten-niedersachsen.de/Download_OE/HWSchutz/HWRMRL_Z2_Risikogebiete_HQextrem.zip;https://www.umweltkarten-niedersachsen.de/Download_OE/HWSchutz/HWRMRL_Z2_Wassertiefen_HQextrem.zip;2026-09-17
Hitzacker;HQextrem;CRS3035RES100mN3340200E4389600;1.000000;4.0000;karte;https://www.umweltkarten-niedersachsen.de/Download_OE/HWSchutz/HWRMRL_Z2_Risikogebiete_HQextrem.zip;https://www.umweltkarten-niedersachsen.de/Download_OE/HWSchutz/HWRMRL_Z2_Wassertiefen_HQextrem.zip;2026-09-17
Hitzacker;HQextrem;CRS3035RES100mN3340200E4389700;1.000000;4.0000;karte;https://www.umweltkarten-niedersachsen.de/Download_OE/HWSchutz/HWRMRL_Z2_Risikogebiete_HQextrem.zip;https://www.umweltkarten-niedersachsen.de/Download_OE/HWSchutz/HWRMRL_Z2_Wassertiefen_HQextrem.zip;2026-09-17
Hitzacker;HQextrem;CRS3035RES100mN3340200E4389800;1.000000;4.0000;karte;https://www.umweltkarten-niedersachsen.de/Download_OE/HWSchutz/HWRMRL_Z2_Risikogebiete_HQextrem.zip;https://www.umweltkarten-niedersachsen.de/Download_OE/HWSchutz/HWRMRL_Z2_Wassertiefen_HQextrem.zip;2026-09-17
Hitzacker;HQextrem;CRS3035RES100mN3340300E4389300;0.059241;1.0194;karte;https://www.umweltkarten-niedersachsen.de/Download_OE/HWSchutz/HWRMRL_Z2_Risikogebiete_HQextrem.zip;https://www.umweltkarten-niedersachsen.de/Download_OE/HWSchutz/HWRMRL_Z2_Wassertiefen_HQextrem.zip;2026-09-17
Hitzacker;HQextrem;CRS3035RES100mN3340300E4389400;0.992296;3.4361;karte;https://www.umweltkarten-niedersachsen.de/Download_OE/HWSchutz/HWRMRL_Z2_Risikogebiete_HQextrem.zip;https://www.umweltkarten-niedersachsen.de/Download_OE/HWSchutz/HWRMRL_Z2_Wassertiefen_HQextrem.zip;2026-09-17
Hitzacker;HQextrem;CRS3035RES100mN3340300E4389500;1.000000;4.0000;karte;https://www.umweltkarten-niedersachsen.de/Download_OE/HWSchutz/HWRMRL_Z2_Risikogebiete_HQextrem.zip;https://www.umweltkarten-niedersachsen.de/Download_OE/HWSchutz/HWRMRL_Z2_Wassertiefen_HQextrem.zip;2026-09-17
Hitzacker;HQextrem;CRS3035RES100mN3340300E4389600;1.000000;4.0000;karte;https://www.umweltkarten-niedersachsen.de/Download_OE/HWSchutz/HWRMRL_Z2_Risikogebiete_HQextrem.zip;https://www.umweltkarten-niedersachsen.de/Download_OE/HWSchutz/HWRMRL_Z2_Wassertiefen_HQextrem.zip;2026-09-17
Hitzacker;HQextrem;CRS3035RES100mN3340300E4389700;1.000000;4.0000;karte;https://www.umweltkarten-niedersachsen.de/Download_OE/HWSchutz/HWRMRL_Z2_Risikogebiete_HQextrem.zip;https://www.umweltkarten-niedersachsen.de/Download_OE/HWSchutz/HWRMRL_Z2_Wassertiefen_HQextrem.zip;2026-09-17
Hitzacker;HQextrem;CRS3035RES100mN3340400E4389300;0.200114;3.4178;karte;https://www.umweltkarten-niedersachsen.de/Download_OE/HWSchutz/HWRMRL_Z2_Risikogebiete_HQextrem.zip;https://www.umweltkarten-niedersachsen.de/Download_OE/HWSchutz/HWRMRL_Z2_Wassertiefen_HQextrem.zip;2026-09-17
Hitzacker;HQextrem;CRS3035RES100mN3340400E4389400;0.999737;3.9276;karte;https://www.umweltkarten-niedersachsen.de/Download_OE/HWSchutz/HWRMRL_Z2_Risikogebiete_HQextrem.zip;https://www.umweltkarten-niedersachsen.de/Download_OE/HWSchutz/HWRMRL_Z2_Wassertiefen_HQextrem.zip;2026-09-17
Hitzacker;HQextrem;CRS3035RES100mN3340400E4389500;1.000000;4.0000;karte;https://www.umweltkarten-niedersachsen.de/Download_OE/HWSchutz/HWRMRL_Z2_Risikogebiete_HQextrem.zip;https://www.umweltkarten-niedersachsen.de/Download_OE/HWSchutz/HWRMRL_Z2_Wassertiefen_HQextrem.zip;2026-09-17
Hitzacker;HQextrem;CRS3035RES100mN3340400E4389600;1.000000;4.0000;karte;https://www.umweltkarten-niedersachsen.de/Download_OE/HWSchutz/HWRMRL_Z2_Risikogebiete_HQextrem.zip;https://www.umweltkarten-niedersachsen.de/Download_OE/HWSchutz/HWRMRL_Z2_Wassertiefen_HQextrem.zip;2026-09-17
Hitzacker;HQextrem;CRS3035RES100mN3340500E4389300;0.644120;3.7999;karte;https://www.umweltkarten-niedersachsen.de/Download_OE/HWSchutz/HWRMRL_Z2_Risikogebiete_HQextrem.zip;https://www.umweltkarten-niedersachsen.de/Download_OE/HWSchutz/HWRMRL_Z2_Wassertiefen_HQextrem.zip;2026-09-17
Hitzacker;HQextrem;CRS3035RES100mN3340500E4389400;1.000000;4.0000;karte;https://www.umweltkarten-niedersachsen.de/Download_OE/HWSchutz/HWRMRL_Z2_Risikogebiete_HQextrem.zip;https://www.umweltkarten-niedersachsen.de/Download_OE/HWSchutz/HWRMRL_Z2_Wassertiefen_HQextrem.zip;2026-09-17
Hitzacker;HQextrem;CRS3035RES100mN3340500E4389500;1.000000;4.0000;karte;https://www.umweltkarten-niedersachsen.de/Download_OE/HWSchutz/HWRMRL_Z2_Risikogebiete_HQextrem.zip;https://www.umweltkarten-niedersachsen.de/Download_OE/HWSchutz/HWRMRL_Z2_Wassertiefen_HQextrem.zip;2026-09-17
Hitzacker;HQextrem;CRS3035RES100mN3340600E4389200;0.101265;3.8785;karte;https://www.umweltkarten-niedersachsen.de/Download_OE/HWSchutz/HWRMRL_Z2_Risikogebiete_HQextrem.zip;https://www.umweltkarten-niedersachsen.de/Download_OE/HWSchutz/HWRMRL_Z2_Wassertiefen_HQextrem.zip;2026-09-17
Hitzacker;HQextrem;CRS3035RES100mN3340600E4389300;0.970974;3.9676;karte;https://www.umweltkarten-niedersachsen.de/Download_OE/HWSchutz/HWRMRL_Z2_Risikogebiete_HQextrem.zip;https://www.umweltkarten-niedersachsen.de/Download_OE/HWSchutz/HWRMRL_Z2_Wassertiefen_HQextrem.zip;2026-09-17
Hitzacker;HQextrem;CRS3035RES100mN3340600E4389400;1.000000;4.0000;karte;https://www.umweltkarten-niedersachsen.de/Download_OE/HWSchutz/HWRMRL_Z2_Risikogebiete_HQextrem.zip;https://www.umweltkarten-niedersachsen.de/Download_OE/HWSchutz/HWRMRL_Z2_Wassertiefen_HQextrem.zip;2026-09-17
Hitzacker;HQextrem;CRS3035RES100mN3340600E4389500;1.000000;4.0000;karte;https://www.umweltkarten-niedersachsen.de/Download_OE/HWSchutz/HWRMRL_Z2_Risikogebiete_HQextrem.zip;https://www.umweltkarten-niedersachsen.de/Download_OE/HWSchutz/HWRMRL_Z2_Wassertiefen_HQextrem.zip;2026-09-17
Hitzacker;HQextrem;CRS3035RES100mN3340700E4389100;0.040062;1.5008;karte;https://www.umweltkarten-niedersachsen.de/Download_OE/HWSchutz/HWRMRL_Z2_Risikogebiete_HQextrem.zip;https://www.umweltkarten-niedersachsen.de/Download_OE/HWSchutz/HWRMRL_Z2_Wassertiefen_HQextrem.zip;2026-09-17
Hitzacker;HQextrem;CRS3035RES100mN3340700E4389200;0.793131;3.7731;karte;https://www.umweltkarten-niedersachsen.de/Download_OE/HWSchutz/HWRMRL_Z2_Risikogebiete_HQextrem.zip;https://www.umweltkarten-niedersachsen.de/Download_OE/HWSchutz/HWRMRL_Z2_Wassertiefen_HQextrem.zip;2026-09-17
Hitzacker;HQextrem;CRS3035RES100mN3340700E4389300;1.000000;4.0000;karte;https://www.umweltkarten-niedersachsen.de/Download_OE/HWSchutz/HWRMRL_Z2_Risikogebiete_HQextrem.zip;https://www.umweltkarten-niedersachsen.de/Download_OE/HWSchutz/HWRMRL_Z2_Wassertiefen_HQextrem.zip;2026-09-17
Hitzacker;HQextrem;CRS3035RES100mN3340700E4389400;1.000000;4.0000;karte;https://www.umweltkarten-niedersachsen.de/Download_OE/HWSchutz/HWRMRL_Z2_Risikogebiete_HQextrem.zip;https://www.umweltkarten-niedersachsen.de/Download_OE/HWSchutz/HWRMRL_Z2_Wassertiefen_HQextrem.zip;2026-09-17
Hitzacker;HQextrem;CRS3035RES100mN3340800E4389000;0.008300;4.0000;karte;https://www.umweltkarten-niedersachsen.de/Download_OE/HWSchutz/HWRMRL_Z2_Risikogebiete_HQextrem.zip;https://www.umweltkarten-niedersachsen.de/Download_OE/HWSchutz/HWRMRL_Z2_Wassertiefen_HQextrem.zip;2026-09-17
Hitzacker;HQextrem;CRS3035RES100mN3340800E4389100;0.679994;3.4246;karte;https://www.umweltkarten-niedersachsen.de/Download_OE/HWSchutz/HWRMRL_Z2_Risikogebiete_HQextrem.zip;https://www.umweltkarten-niedersachsen.de/Download_OE/HWSchutz/HWRMRL_Z2_Wassertiefen_HQextrem.zip;2026-09-17
Hitzacker;HQextrem;CRS3035RES100mN3340800E4389200;1.000000;4.0000;karte;https://www.umweltkarten-niedersachsen.de/Download_OE/HWSchutz/HWRMRL_Z2_Risikogebiete_HQextrem.zip;https://www.umweltkarten-niedersachsen.de/Download_OE/HWSchutz/HWRMRL_Z2_Wassertiefen_HQextrem.zip;2026-09-17
Hitzacker;HQextrem;CRS3035RES100mN3340800E4389300;1.000000;4.0000;karte;https://www.umweltkarten-niedersachsen.de/Download_OE/HWSchutz/HWRMRL_Z2_Risikogebiete_HQextrem.zip;https://www.umweltkarten-niedersachsen.de/Download_OE/HWSchutz/HWRMRL_Z2_Wassertiefen_HQextrem.zip;2026-09-17
Hitzacker;HQextrem;CRS3035RES100mN3340900E4388900;0.034511;3.3620;karte;https://www.umweltkarten-niedersachsen.de/Download_OE/HWSchutz/HWRMRL_Z2_Risikogebiete_HQextrem.zip;https://www.umweltkarten-niedersachsen.de/Download_OE/HWSchutz/HWRMRL_Z2_Wassertiefen_HQextrem.zip;2026-09-17
Hitzacker;HQextrem;CRS3035RES100mN3340900E4389000;0.649747;3.8535;karte;https://www.umweltkarten-niedersachsen.de/Download_OE/HWSchutz/HWRMRL_Z2_Risikogebiete_HQextrem.zip;https://www.umweltkarten-niedersachsen.de/Download_OE/HWSchutz/HWRMRL_Z2_Wassertiefen_HQextrem.zip;2026-09-17
Hitzacker;HQextrem;CRS3035RES100mN3340900E4389100;1.000000;4.0000;karte;https://www.umweltkarten-niedersachsen.de/Download_OE/HWSchutz/HWRMRL_Z2_Risikogebiete_HQextrem.zip;https://www.umweltkarten-niedersachsen.de/Download_OE/HWSchutz/HWRMRL_Z2_Wassertiefen_HQextrem.zip;2026-09-17
Hitzacker;HQextrem;CRS3035RES100mN3340900E4389200;1.000000;4.0000;karte;https://www.umweltkarten-niedersachsen.de/Download_OE/HWSchutz/HWRMRL_Z2_Risikogebiete_HQextrem.zip;https://www.umweltkarten-niedersachsen.de/Download_OE/HWSchutz/HWRMRL_Z2_Wassertiefen_HQextrem.zip;2026-09-17
Hitzacker;HQextrem;CRS3035RES100mN3340900E4389300;1.000000;4.0000;karte;https://www.umweltkarten-niedersachsen.de/Download_OE/HWSchutz/HWRMRL_Z2_Risikogebiete_HQextrem.zip;https://www.umweltkarten-niedersachsen.de/Download_OE/HWSchutz/HWRMRL_Z2_Wassertiefen_HQextrem.zip;2026-09-17
Hitzacker;HQextrem;CRS3035RES100mN3341000E4388700;0.004754;2.9501;karte;https://www.umweltkarten-niedersachsen.de/Download_OE/HWSchutz/HWRMRL_Z2_Risikogebiete_HQextrem.zip;https://www.umweltkarten-niedersachsen.de/Download_OE/HWSchutz/HWRMRL_Z2_Wassertiefen_HQextrem.zip;2026-09-17
Hitzacker;HQextrem;CRS3035RES100mN3341000E4388800;0.380565;2.9967;karte;https://www.umweltkarten-niedersachsen.de/Download_OE/HWSchutz/HWRMRL_Z2_Risikogebiete_HQextrem.zip;https://www.umweltkarten-niedersachsen.de/Download_OE/HWSchutz/HWRMRL_Z2_Wassertiefen_HQextrem.zip;2026-09-17
Hitzacker;HQextrem;CRS3035RES100mN3341000E4388900;0.896095;3.6444;karte;https://www.umweltkarten-niedersachsen.de/Download_OE/HWSchutz/HWRMRL_Z2_Risikogebiete_HQextrem.zip;https://www.umweltkarten-niedersachsen.de/Download_OE/HWSchutz/HWRMRL_Z2_Wassertiefen_HQextrem.zip;2026-09-17
Hitzacker;HQextrem;CRS3035RES100mN3341000E4389000;1.000000;4.0000;karte;https://www.umweltkarten-niedersachsen.de/Download_OE/HWSchutz/HWRMRL_Z2_Risikogebiete_HQextrem.zip;https://www.umweltkarten-niedersachsen.de/Download_OE/HWSchutz/HWRMRL_Z2_Wassertiefen_HQextrem.zip;2026-09-17
Hitzacker;HQextrem;CRS3035RES100mN3341000E4389100;1.000000;4.0000;karte;https://www.umweltkarten-niedersachsen.de/Download_OE/HWSchutz/HWRMRL_Z2_Risikogebiete_HQextrem.zip;https://www.umweltkarten-niedersachsen.de/Download_OE/HWSchutz/HWRMRL_Z2_Wassertiefen_HQextrem.zip;2026-09-17
Hitzacker;HQextrem;CRS3035RES100mN3341000E4389200;1.000000;4.0000;karte;https://www.umweltkarten-niedersachsen.de/Download_OE/HWSchutz/HWRMRL_Z2_Risikogebiete_HQextrem.zip;https://www.umweltkarten-niedersachsen.de/Download_OE/HWSchutz/HWRMRL_Z2_Wassertiefen_HQextrem.zip;2026-09-17
Hitzacker;HQextrem;CRS3035RES100mN3341100E4388500;0.014011;0.4679;karte;https://www.umweltkarten-niedersachsen.de/Download_OE/HWSchutz/HWRMRL_Z2_Risikogebiete_HQextrem.zip;https://www.umweltkarten-niedersachsen.de/Download_OE/HWSchutz/HWRMRL_Z2_Wassertiefen_HQextrem.zip;2026-09-17
Hitzacker;HQextrem;CRS3035RES100mN3341100E4388600;0.460661;2.0940;karte;https://www.umweltkarten-niedersachsen.de/Download_OE/HWSchutz/HWRMRL_Z2_Risikogebiete_HQextrem.zip;https://www.umweltkarten-niedersachsen.de/Download_OE/HWSchutz/HWRMRL_Z2_Wassertiefen_HQextrem.zip;2026-09-17
Hitzacker;HQextrem;CRS3035RES100mN3341100E4388700;0.857269;2.8254;karte;https://www.umweltkarten-niedersachsen.de/Download_OE/HWSchutz/HWRMRL_Z2_Risikogebiete_HQextrem.zip;https://www.umweltkarten-niedersachsen.de/Download_OE/HWSchutz/HWRMRL_Z2_Wassertiefen_HQextrem.zip;2026-09-17
Hitzacker;HQextrem;CRS3035RES100mN3341100E4388800;1.000000;3.7860;karte;https://www.umweltkarten-niedersachsen.de/Download_OE/HWSchutz/HWRMRL_Z2_Risikogebiete_HQextrem.zip;https://www.umweltkarten-niedersachsen.de/Download_OE/HWSchutz/HWRMRL_Z2_Wassertiefen_HQextrem.zip;2026-09-17
Hitzacker;HQextrem;CRS3035RES100mN3341100E4388900;1.000000;4.0000;karte;https://www.umweltkarten-niedersachsen.de/Download_OE/HWSchutz/HWRMRL_Z2_Risikogebiete_HQextrem.zip;https://www.umweltkarten-niedersachsen.de/Download_OE/HWSchutz/HWRMRL_Z2_Wassertiefen_HQextrem.zip;2026-09-17
Hitzacker;HQextrem;CRS3035RES100mN3341100E4389000;1.000000;4.0000;karte;https://www.umweltkarten-niedersachsen.de/Download_OE/HWSchutz/HWRMRL_Z2_Risikogebiete_HQextrem.zip;https://www.umweltkarten-niedersachsen.de/Download_OE/HWSchutz/HWRMRL_Z2_Wassertiefen_HQextrem.zip;2026-09-17
Hitzacker;HQextrem;CRS3035RES100mN3341100E4389100;1.000000;4.0000;karte;https://www.umweltkarten-niedersachsen.de/Download_OE/HWSchutz/HWRMRL_Z2_Risikogebiete_HQextrem.zip;https://www.umweltkarten-niedersachsen.de/Download_OE/HWSchutz/HWRMRL_Z2_Wassertiefen_HQextrem.zip;2026-09-17
Hitzacker;HQextrem;CRS3035RES100mN3341200E4388400;0.012714;0.8507;karte;https://www.umweltkarten-niedersachsen.de/Download_OE/HWSchutz/HWRMRL_Z2_Risikogebiete_HQextrem.zip;https://www.umweltkarten-niedersachsen.de/Download_OE/HWSchutz/HWRMRL_Z2_Wassertiefen_HQextrem.zip;2026-09-17
Hitzacker;HQextrem;CRS3035RES100mN3341200E4388500;0.654352;2.1745;karte;https://www.umweltkarten-niedersachsen.de/Download_OE/HWSchutz/HWRMRL_Z2_Risikogebiete_HQextrem.zip;https://www.umweltkarten-niedersachsen.de/Download_OE/HWSchutz/HWRMRL_Z2_Wassertiefen_HQextrem.zip;2026-09-17
Hitzacker;HQextrem;CRS3035RES100mN3341200E4388600;1.000000;2.9914;karte;https://www.umweltkarten-niedersachsen.de/Download_OE/HWSchutz/HWRMRL_Z2_Risikogebiete_HQextrem.zip;https://www.umweltkarten-niedersachsen.de/Download_OE/HWSchutz/HWRMRL_Z2_Wassertiefen_HQextrem.zip;2026-09-17
Hitzacker;HQextrem;CRS3035RES100mN3341200E4388700;1.000000;3.2761;karte;https://www.umweltkarten-niedersachsen.de/Download_OE/HWSchutz/HWRMRL_Z2_Risikogebiete_HQextrem.zip;https://www.umweltkarten-niedersachsen.de/Download_OE/HWSchutz/HWRMRL_Z2_Wassertiefen_HQextrem.zip;2026-09-17
Hitzacker;HQextrem;CRS3035RES100mN3341200E4388800;1.000000;3.9745;karte;https://www.umweltkarten-niedersachsen.de/Download_OE/HWSchutz/HWRMRL_Z2_Risikogebiete_HQextrem.zip;https://www.umweltkarten-niedersachsen.de/Download_OE/HWSchutz/HWRMRL_Z2_Wassertiefen_HQextrem.zip;2026-09-17
Hitzacker;HQextrem;CRS3035RES100mN3341200E4388900;1.000000;4.0000;karte;https://www.umweltkarten-niedersachsen.de/Download_OE/HWSchutz/HWRMRL_Z2_Risikogebiete_HQextrem.zip;https://www.umweltkarten-niedersachsen.de/Download_OE/HWSchutz/HWRMRL_Z2_Wassertiefen_HQextrem.zip;2026-09-17
Hitzacker;HQextrem;CRS3035RES100mN3341200E4389000;1.000000;4.0000;karte;https://www.umweltkarten-niedersachsen.de/Download_OE/HWSchutz/HWRMRL_Z2_Risikogebiete_HQextrem.zip;https://www.umweltkarten-niedersachsen.de/Download_OE/HWSchutz/HWRMRL_Z2_Wassertiefen_HQextrem.zip;2026-09-17
Hitzacker;HQextrem;CRS3035RES100mN3341200E4389100;1.000000;4.0000;karte;https://www.umweltkarten-niedersachsen.de/Download_OE/HWSchutz/HWRMRL_Z2_Risikogebiete_HQextrem.zip;https://www.umweltkarten-niedersachsen.de/Download_OE/HWSchutz/HWRMRL_Z2_Wassertiefen_HQextrem.zip;2026-09-17
Hitzacker;HQextrem;CRS3035RES100mN3341300E4388200;0.048107;1.0742;karte;https://www.umweltkarten-niedersachsen.de/Download_OE/HWSchutz/HWRMRL_Z2_Risikogebiete_HQextrem.zip;https://www.umweltkarten-niedersachsen.de/Download_OE/HWSchutz/HWRMRL_Z2_Wassertiefen_HQextrem.zip;2026-09-17
Hitzacker;HQextrem;CRS3035RES100mN3341300E4388300;0.453309;2.2686;karte;https://www.umweltkarten-niedersachsen.de/Download_OE/HWSchutz/HWRMRL_Z2_Risikogebiete_HQextrem.zip;https://www.umweltkarten-niedersachsen.de/Download_OE/HWSchutz/HWRMRL_Z2_Wassertiefen_HQextrem.zip;2026-09-17
Hitzacker;HQextrem;CRS3035RES100mN3341300E4388400;0.829641;2.9809;karte;https://www.umweltkarten-niedersachsen.de/Download_OE/HWSchutz/HWRMRL_Z2_Risikogebiete_HQextrem.zip;https://www.umweltkarten-niedersachsen.de/Download_OE/HWSchutz/HWRMRL_Z2_Wassertiefen_HQextrem.zip;2026-09-17
Hitzacker;HQextrem;CRS3035RES100mN3341300E4388500;1.000000;2.9920;karte;https://www.umweltkarten-niedersachsen.de/Download_OE/HWSchutz/HWRMRL_Z2_Risikogebiete_HQextrem.zip;https://www.umweltkarten-niedersachsen.de/Download_OE/HWSchutz/HWRMRL_Z2_Wassertiefen_HQextrem.zip;2026-09-17
Hitzacker;HQextrem;CRS3035RES100mN3341300E4388600;1.000000;3.0502;karte;https://www.umweltkarten-niedersachsen.de/Download_OE/HWSchutz/HWRMRL_Z2_Risikogebiete_HQextrem.zip;https://www.umweltkarten-niedersachsen.de/Download_OE/HWSchutz/HWRMRL_Z2_Wassertiefen_HQextrem.zip;2026-09-17
Hitzacker;HQextrem;CRS3035RES100mN3341300E4388700;1.000000;3.8490;karte;https://www.umweltkarten-niedersachsen.de/Download_OE/HWSchutz/HWRMRL_Z2_Risikogebiete_HQextrem.zip;https://www.umweltkarten-niedersachsen.de/Download_OE/HWSchutz/HWRMRL_Z2_Wassertiefen_HQextrem.zip;2026-09-17
Hitzacker;HQextrem;CRS3035RES100mN3341300E4388800;1.000000;4.0000;karte;https://www.umweltkarten-niedersachsen.de/Download_OE/HWSchutz/HWRMRL_Z2_Risikogebiete_HQextrem.zip;https://www.umweltkarten-niedersachsen.de/Download_OE/HWSchutz/HWRMRL_Z2_Wassertiefen_HQextrem.zip;2026-09-17
Hitzacker;HQextrem;CRS3035RES100mN3341300E4388900;1.000000;4.0000;karte;https://www.umweltkarten-niedersachsen.de/Download_OE/HWSchutz/HWRMRL_Z2_Risikogebiete_HQextrem.zip;https://www.umweltkarten-niedersachsen.de/Download_OE/HWSchutz/HWRMRL_Z2_Wassertiefen_HQextrem.zip;2026-09-17
Hitzacker;HQextrem;CRS3035RES100mN3341300E4389000;1.000000;4.0000;karte;https://www.umweltkarten-niedersachsen.de/Download_OE/HWSchutz/HWRMRL_Z2_Risikogebiete_HQextrem.zip;https://www.umweltkarten-niedersachsen.de/Download_OE/HWSchutz/HWRMRL_Z2_Wassertiefen_HQextrem.zip;2026-09-17
Hitzacker;HQextrem;CRS3035RES100mN3341400E4387900;0.000031;3.0000;karte;https://www.umweltkarten-niedersachsen.de/Download_OE/HWSchutz/HWRMRL_Z2_Risikogebiete_HQextrem.zip;https://www.umweltkarten-niedersachsen.de/Download_OE/HWSchutz/HWRMRL_Z2_Wassertiefen_HQextrem.zip;2026-09-17
Hitzacker;HQextrem;CRS3035RES100mN3341400E4388000;0.217463;2.9028;karte;https://www.umweltkarten-niedersachsen.de/Download_OE/HWSchutz/HWRMRL_Z2_Risikogebiete_HQextrem.zip;https://www.umweltkarten-niedersachsen.de/Download_OE/HWSchutz/HWRMRL_Z2_Wassertiefen_HQextrem.zip;2026-09-17
Hitzacker;HQextrem;CRS3035RES100mN3341400E4388100;0.612757;2.9901;karte;https://www.umweltkarten-niedersachsen.de/Download_OE/HWSchutz/HWRMRL_Z2_Risikogebiete_HQextrem.zip;https://www.umweltkarten-niedersachsen.de/Download_OE/HWSchutz/HWRMRL_Z2_Wassertiefen_HQextrem.zip;2026-09-17
Hitzacker;HQextrem;CRS3035RES100mN3341400E4388200;0.951353;3.5773;karte;https://www.umweltkarten-niedersachsen.de/Download_OE/HWSchutz/HWRMRL_Z2_Risikogebiete_HQextrem.zip;https://www.umweltkarten-niedersachsen.de/Download_OE/HWSchutz/HWRMRL_Z2_Wassertiefen_HQextrem.zip;2026-09-17
Hitzacker;HQextrem;CRS3035RES100mN3341400E4388300;1.000000;3.9930;karte;https://www.umweltkarten-niedersachsen.de/Download_OE/HWSchutz/HWRMRL_Z2_Risikogebiete_HQextrem.zip;https://www.umweltkarten-niedersachsen.de/Download_OE/HWSchutz/HWRMRL_Z2_Wassertiefen_HQextrem.zip;2026-09-17
Hitzacker;HQextrem;CRS3035RES100mN3341400E4388400;1.000000;3.8910;karte;https://www.umweltkarten-niedersachsen.de/Download_OE/HWSchutz/HWRMRL_Z2_Risikogebiete_HQextrem.zip;https://www.umweltkarten-niedersachsen.de/Download_OE/HWSchutz/HWRMRL_Z2_Wassertiefen_HQextrem.zip;2026-09-17
Hitzacker;HQextrem;CRS3035RES100mN3341400E4388500;1.000000;3.1302;karte;https://www.umweltkarten-niedersachsen.de/Download_OE/HWSchutz/HWRMRL_Z2_Risikogebiete_HQextrem.zip;https://www.umweltkarten-niedersachsen.de/Download_OE/HWSchutz/HWRMRL_Z2_Wassertiefen_HQextrem.zip;2026-09-17
Hitzacker;HQextrem;CRS3035RES100mN3341400E4388600;1.000000;3.4688;karte;https://www.umweltkarten-niedersachsen.de/Download_OE/HWSchutz/HWRMRL_Z2_Risikogebiete_HQextrem.zip;https://www.umweltkarten-niedersachsen.de/Download_OE/HWSchutz/HWRMRL_Z2_Wassertiefen_HQextrem.zip;2026-09-17
Hitzacker;HQextrem;CRS3035RES100mN3341400E4388700;1.000000;4.0000;karte;https://www.umweltkarten-niedersachsen.de/Download_OE/HWSchutz/HWRMRL_Z2_Risikogebiete_HQextrem.zip;https://www.umweltkarten-niedersachsen.de/Download_OE/HWSchutz/HWRMRL_Z2_Wassertiefen_HQextrem.zip;2026-09-17
Hitzacker;HQextrem;CRS3035RES100mN3341400E4388800;1.000000;4.0000;karte;https://www.umweltkarten-niedersachsen.de/Download_OE/HWSchutz/HWRMRL_Z2_Risikogebiete_HQextrem.zip;https://www.umweltkarten-niedersachsen.de/Download_OE/HWSchutz/HWRMRL_Z2_Wassertiefen_HQextrem.zip;2026-09-17
Hitzacker;HQextrem;CRS3035RES100mN3341400E4388900;1.000000;4.0000;karte;https://www.umweltkarten-niedersachsen.de/Download_OE/HWSchutz/HWRMRL_Z2_Risikogebiete_HQextrem.zip;https://www.umweltkarten-niedersachsen.de/Download_OE/HWSchutz/HWRMRL_Z2_Wassertiefen_HQextrem.zip;2026-09-17
Hitzacker;HQextrem;CRS3035RES100mN3341500E4387600;0.012109;3.0000;karte;https://www.umweltkarten-niedersachsen.de/Download_OE/HWSchutz/HWRMRL_Z2_Risikogebiete_HQextrem.zip;https://www.umweltkarten-niedersachsen.de/Download_OE/HWSchutz/HWRMRL_Z2_Wassertiefen_HQextrem.zip;2026-09-17
Hitzacker;HQextrem;CRS3035RES100mN3341500E4387700;0.183303;3.4436;karte;https://www.umweltkarten-niedersachsen.de/Download_OE/HWSchutz/HWRMRL_Z2_Risikogebiete_HQextrem.zip;https://www.umweltkarten-niedersachsen.de/Download_OE/HWSchutz/HWRMRL_Z2_Wassertiefen_HQextrem.zip;2026-09-17
Hitzacker;HQextrem;CRS3035RES100mN3341500E4387800;0.454363;3.3089;karte;https://www.umweltkarten-niedersachsen.de/Download_OE/HWSchutz/HWRMRL_Z2_Risikogebiete_HQextrem.zip;https://www.umweltkarten-niedersachsen.de/Download_OE/HWSchutz/HWRMRL_Z2_Wassertiefen_HQextrem.zip;2026-09-17
Hitzacker;HQextrem;CRS3035RES100mN3341500E4387900;0.792384;3.4772;karte;https://www.umweltkarten-niedersachsen.de/Download_OE/HWSchutz/HWRMRL_Z2_Risikogebiete_HQextrem.zip;https://www.umweltkarten-niedersachsen.de/Download_OE/HWSchutz/HWRMRL_Z2_Wassertiefen_HQextrem.zip;2026-09-17
Hitzacker;HQextrem;CRS3035RES100mN3341500E4388000;1.000000;3.1801;karte;https://www.umweltkarten-niedersachsen.de/Download_OE/HWSchutz/HWRMRL_Z2_Risikogebiete_HQextrem.zip;https://www.umweltkarten-niedersachsen.de/Download_OE/HWSchutz/HWRMRL_Z2_Wassertiefen_HQextrem.zip;2026-09-17
Hitzacker;HQextrem;CRS3035RES100mN3341500E4388100;1.000000;3.8184;karte;https://www.umweltkarten-niedersachsen.de/Download_OE/HWSchutz/HWRMRL_Z2_Risikogebiete_HQextrem.zip;https://www.umweltkarten-niedersachsen.de/Download_OE/HWSchutz/HWRMRL_Z2_Wassertiefen_HQextrem.zip;2026-09-17
Hitzacker;HQextrem;CRS3035RES100mN3341500E4388200;1.000000;4.0000;karte;https://www.umweltkarten-niedersachsen.de/Download_OE/HWSchutz/HWRMRL_Z2_Risikogebiete_HQextrem.zip;https://www.umweltkarten-niedersachsen.de/Download_OE/HWSchutz/HWRMRL_Z2_Wassertiefen_HQextrem.zip;2026-09-17
Hitzacker;HQextrem;CRS3035RES100mN3341500E4388300;1.000000;3.9994;karte;https://www.umweltkarten-niedersachsen.de/Download_OE/HWSchutz/HWRMRL_Z2_Risikogebiete_HQextrem.zip;https://www.umweltkarten-niedersachsen.de/Download_OE/HWSchutz/HWRMRL_Z2_Wassertiefen_HQextrem.zip;2026-09-17
Hitzacker;HQextrem;CRS3035RES100mN3341500E4388400;1.000000;3.5961;karte;https://www.umweltkarten-niedersachsen.de/Download_OE/HWSchutz/HWRMRL_Z2_Risikogebiete_HQextrem.zip;https://www.umweltkarten-niedersachsen.de/Download_OE/HWSchutz/HWRMRL_Z2_Wassertiefen_HQextrem.zip;2026-09-17
Hitzacker;HQextrem;CRS3035RES100mN3341500E4388500;1.000000;3.0993;karte;https://www.umweltkarten-niedersachsen.de/Download_OE/HWSchutz/HWRMRL_Z2_Risikogebiete_HQextrem.zip;https://www.umweltkarten-niedersachsen.de/Download_OE/HWSchutz/HWRMRL_Z2_Wassertiefen_HQextrem.zip;2026-09-17
Hitzacker;HQextrem;CRS3035RES100mN3341500E4388600;1.000000;3.9279;karte;https://www.umweltkarten-niedersachsen.de/Download_OE/HWSchutz/HWRMRL_Z2_Risikogebiete_HQextrem.zip;https://www.umweltkarten-niedersachsen.de/Download_OE/HWSchutz/HWRMRL_Z2_Wassertiefen_HQextrem.zip;2026-09-17
Hitzacker;HQextrem;CRS3035RES100mN3341500E4388700;1.000000;4.0000;karte;https://www.umweltkarten-niedersachsen.de/Download_OE/HWSchutz/HWRMRL_Z2_Risikogebiete_HQextrem.zip;https://www.umweltkarten-niedersachsen.de/Download_OE/HWSchutz/HWRMRL_Z2_Wassertiefen_HQextrem.zip;2026-09-17
Hitzacker;HQextrem;CRS3035RES100mN3341500E4388800;1.000000;4.0000;karte;https://www.umweltkarten-niedersachsen.de/Download_OE/HWSchutz/HWRMRL_Z2_Risikogebiete_HQextrem.zip;https://www.umweltkarten-niedersachsen.de/Download_OE/HWSchutz/HWRMRL_Z2_Wassertiefen_HQextrem.zip;2026-09-17
Hitzacker;HQextrem;CRS3035RES100mN3341500E4388900;1.000000;4.0000;karte;https://www.umweltkarten-niedersachsen.de/Download_OE/HWSchutz/HWRMRL_Z2_Risikogebiete_HQextrem.zip;https://www.umweltkarten-niedersachsen.de/Download_OE/HWSchutz/HWRMRL_Z2_Wassertiefen_HQextrem.zip;2026-09-17
Hitzacker;HQextrem;CRS3035RES100mN3341600E4387400;0.051108;0.2507;karte;https://www.umweltkarten-niedersachsen.de/Download_OE/HWSchutz/HWRMRL_Z2_Risikogebiete_HQextrem.zip;https://www.umweltkarten-niedersachsen.de/Download_OE/HWSchutz/HWRMRL_Z2_Wassertiefen_HQextrem.zip;2026-09-17
Hitzacker;HQextrem;CRS3035RES100mN3341600E4387500;0.451835;2.3814;karte;https://www.umweltkarten-niedersachsen.de/Download_OE/HWSchutz/HWRMRL_Z2_Risikogebiete_HQextrem.zip;https://www.umweltkarten-niedersachsen.de/Download_OE/HWSchutz/HWRMRL_Z2_Wassertiefen_HQextrem.zip;2026-09-17
Hitzacker;HQextrem;CRS3035RES100mN3341600E4387600;0.895021;3.3342;karte;https://www.umweltkarten-niedersachsen.de/Download_OE/HWSchutz/HWRMRL_Z2_Risikogebiete_HQextrem.zip;https://www.umweltkarten-niedersachsen.de/Download_OE/HWSchutz/HWRMRL_Z2_Wassertiefen_HQextrem.zip;2026-09-17
Hitzacker;HQextrem;CRS3035RES100mN3341600E4387700;0.998924;3.9954;karte;https://www.umweltkarten-niedersachsen.de/Download_OE/HWSchutz/HWRMRL_Z2_Risikogebiete_HQextrem.zip;https://www.umweltkarten-niedersachsen.de/Download_OE/HWSchutz/HWRMRL_Z2_Wassertiefen_HQextrem.zip;2026-09-17
Hitzacker;HQextrem;CRS3035RES100mN3341600E4387800;1.000000;3.8304;karte;https://www.umweltkarten-niedersachsen.de/Download_OE/HWSchutz/HWRMRL_Z2_Risikogebiete_HQextrem.zip;https://www.umweltkarten-niedersachsen.de/Download_OE/HWSchutz/HWRMRL_Z2_Wassertiefen_HQextrem.zip;2026-09-17
Hitzacker;HQextrem;CRS3035RES100mN3341600E4387900;1.000000;3.7679;karte;https://www.umweltkarten-niedersachsen.de/Download_OE/HWSchutz/HWRMRL_Z2_Risikogebiete_HQextrem.zip;https://www.umweltkarten-niedersachsen.de/Download_OE/HWSchutz/HWRMRL_Z2_Wassertiefen_HQextrem.zip;2026-09-17
Hitzacker;HQextrem;CRS3035RES100mN3341600E4388000;1.000000;3.9877;karte;https://www.umweltkarten-niedersachsen.de/Download_OE/HWSchutz/HWRMRL_Z2_Risikogebiete_HQextrem.zip;https://www.umweltkarten-niedersachsen.de/Download_OE/HWSchutz/HWRMRL_Z2_Wassertiefen_HQextrem.zip;2026-09-17
Hitzacker;HQextrem;CRS3035RES100mN3341600E4388100;1.000000;4.0000;karte;https://www.umweltkarten-niedersachsen.de/Download_OE/HWSchutz/HWRMRL_Z2_Risikogebiete_HQextrem.zip;https://www.umweltkarten-niedersachsen.de/Download_OE/HWSchutz/HWRMRL_Z2_Wassertiefen_HQextrem.zip;2026-09-17
Hitzacker;HQextrem;CRS3035RES100mN3341600E4388200;1.000000;4.0000;karte;https://www.umweltkarten-niedersachsen.de/Download_OE/HWSchutz/HWRMRL_Z2_Risikogebiete_HQextrem.zip;https://www.umweltkarten-niedersachsen.de/Download_OE/HWSchutz/HWRMRL_Z2_Wassertiefen_HQextrem.zip;2026-09-17
Hitzacker;HQextrem;CRS3035RES100mN3341600E4388300;1.000000;4.0000;karte;https://www.umweltkarten-niedersachsen.de/Download_OE/HWSchutz/HWRMRL_Z2_Risikogebiete_HQextrem.zip;https://www.umweltkarten-niedersachsen.de/Download_OE/HWSchutz/HWRMRL_Z2_Wassertiefen_HQextrem.zip;2026-09-17
Hitzacker;HQextrem;CRS3035RES100mN3341600E4388400;1.000000;3.5857;karte;https://www.umweltkarten-niedersachsen.de/Download_OE/HWSchutz/HWRMRL_Z2_Risikogebiete_HQextrem.zip;https://www.umweltkarten-niedersachsen.de/Download_OE/HWSchutz/HWRMRL_Z2_Wassertiefen_HQextrem.zip;2026-09-17
Hitzacker;HQextrem;CRS3035RES100mN3341600E4388500;1.000000;3.6322;karte;https://www.umweltkarten-niedersachsen.de/Download_OE/HWSchutz/HWRMRL_Z2_Risikogebiete_HQextrem.zip;https://www.umweltkarten-niedersachsen.de/Download_OE/HWSchutz/HWRMRL_Z2_Wassertiefen_HQextrem.zip;2026-09-17
Hitzacker;HQextrem;CRS3035RES100mN3341600E4388600;1.000000;4.0000;karte;https://www.umweltkarten-niedersachsen.de/Download_OE/HWSchutz/HWRMRL_Z2_Risikogebiete_HQextrem.zip;https://www.umweltkarten-niedersachsen.de/Download_OE/HWSchutz/HWRMRL_Z2_Wassertiefen_HQextrem.zip;2026-09-17
Hitzacker;HQextrem;CRS3035RES100mN3341600E4388700;1.000000;4.0000;karte;https://www.umweltkarten-niedersachsen.de/Download_OE/HWSchutz/HWRMRL_Z2_Risikogebiete_HQextrem.zip;https://www.umweltkarten-niedersachsen.de/Download_OE/HWSchutz/HWRMRL_Z2_Wassertiefen_HQextrem.zip;2026-09-17
Hitzacker;HQextrem;CRS3035RES100mN3341600E4388800;1.000000;4.0000;karte;https://www.umweltkarten-niedersachsen.de/Download_OE/HWSchutz/HWRMRL_Z2_Risikogebiete_HQextrem.zip;https://www.umweltkarten-niedersachsen.de/Download_OE/HWSchutz/HWRMRL_Z2_Wassertiefen_HQextrem.zip;2026-09-17
Hitzacker;HQextrem;CRS3035RES100mN3341700E4387100;0.213650;0.3980;karte;https://www.umweltkarten-niedersachsen.de/Download_OE/HWSchutz/HWRMRL_Z2_Risikogebiete_HQextrem.zip;https://www.umweltkarten-niedersachsen.de/Download_OE/HWSchutz/HWRMRL_Z2_Wassertiefen_HQextrem.zip;2026-09-17
Hitzacker;HQextrem;CRS3035RES100mN3341700E4387200;0.685808;0.5272;karte;https://www.umweltkarten-niedersachsen.de/Download_OE/HWSchutz/HWRMRL_Z2_Risikogebiete_HQextrem.zip;https://www.umweltkarten-niedersachsen.de/Download_OE/HWSchutz/HWRMRL_Z2_Wassertiefen_HQextrem.zip;2026-09-17
Hitzacker;HQextrem;CRS3035RES100mN3341700E4387300;0.652260;1.4116;karte;https://www.umweltkarten-niedersachsen.de/Download_OE/HWSchutz/HWRMRL_Z2_Risikogebiete_HQextrem.zip;https://www.umweltkarten-niedersachsen.de/Download_OE/HWSchutz/HWRMRL_Z2_Wassertiefen_HQextrem.zip;2026-09-17
Hitzacker;HQextrem;CRS3035RES100mN3341700E4387400;0.947757;1.9249;karte;https://www.umweltkarten-niedersachsen.de/Download_OE/HWSchutz/HWRMRL_Z2_Risikogebiete_HQextrem.zip;https://www.umweltkarten-niedersachsen.de/Download_OE/HWSchutz/HWRMRL_Z2_Wassertiefen_HQextrem.zip;2026-09-17
Hitzacker;HQextrem;CRS3035RES100mN3341700E4387500;1.000000;3.1527;karte;https://www.umweltkarten-niedersachsen.de/Download_OE/HWSchutz/HWRMRL_Z2_Risikogebiete_HQextrem.zip;https://www.umweltkarten-niedersachsen.de/Download_OE/HWSchutz/HWRMRL_Z2_Wassertiefen_HQextrem.zip;2026-09-17
Hitzacker;HQextrem;CRS3035RES100mN3341700E4387600;1.000000;4.0000;karte;https://www.umweltkarten-niedersachsen.de/Download_OE/HWSchutz/HWRMRL_Z2_Risikogebiete_HQextrem.zip;https://www.umweltkarten-niedersachsen.de/Download_OE/HWSchutz/HWRMRL_Z2_Wassertiefen_HQextrem.zip;2026-09-17
Hitzacker;HQextrem;CRS3035RES100mN3341700E4387700;1.000000;4.0000;karte;https://www.umweltkarten-niedersachsen.de/Download_OE/HWSchutz/HWRMRL_Z2_Risikogebiete_HQextrem.zip;https://www.umweltkarten-niedersachsen.de/Download_OE/HWSchutz/HWRMRL_Z2_Wassertiefen_HQextrem.zip;2026-09-17
Hitzacker;HQextrem;CRS3035RES100mN3341700E4387800;1.000000;4.0000;karte;https://www.umweltkarten-niedersachsen.de/Download_OE/HWSchutz/HWRMRL_Z2_Risikogebiete_HQextrem.zip;https://www.umweltkarten-niedersachsen.de/Download_OE/HWSchutz/HWRMRL_Z2_Wassertiefen_HQextrem.zip;2026-09-17
Hitzacker;HQextrem;CRS3035RES100mN3341700E4387900;1.000000;4.0000;karte;https://www.umweltkarten-niedersachsen.de/Download_OE/HWSchutz/HWRMRL_Z2_Risikogebiete_HQextrem.zip;https://www.umweltkarten-niedersachsen.de/Download_OE/HWSchutz/HWRMRL_Z2_Wassertiefen_HQextrem.zip;2026-09-17
Hitzacker;HQextrem;CRS3035RES100mN3341700E4388000;1.000000;4.0000;karte;https://www.umweltkarten-niedersachsen.de/Download_OE/HWSchutz/HWRMRL_Z2_Risikogebiete_HQextrem.zip;https://www.umweltkarten-niedersachsen.de/Download_OE/HWSchutz/HWRMRL_Z2_Wassertiefen_HQextrem.zip;2026-09-17
Hitzacker;HQextrem;CRS3035RES100mN3341700E4388100;1.000000;4.0000;karte;https://www.umweltkarten-niedersachsen.de/Download_OE/HWSchutz/HWRMRL_Z2_Risikogebiete_HQextrem.zip;https://www.umweltkarten-niedersachsen.de/Download_OE/HWSchutz/HWRMRL_Z2_Wassertiefen_HQextrem.zip;2026-09-17
Hitzacker;HQextrem;CRS3035RES100mN3341700E4388200;1.000000;4.0000;karte;https://www.umweltkarten-niedersachsen.de/Download_OE/HWSchutz/HWRMRL_Z2_Risikogebiete_HQextrem.zip;https://www.umweltkarten-niedersachsen.de/Download_OE/HWSchutz/HWRMRL_Z2_Wassertiefen_HQextrem.zip;2026-09-17
Hitzacker;HQextrem;CRS3035RES100mN3341700E4388300;1.000000;3.6660;karte;https://www.umweltkarten-niedersachsen.de/Download_OE/HWSchutz/HWRMRL_Z2_Risikogebiete_HQextrem.zip;https://www.umweltkarten-niedersachsen.de/Download_OE/HWSchutz/HWRMRL_Z2_Wassertiefen_HQextrem.zip;2026-09-17
Hitzacker;HQextrem;CRS3035RES100mN3341700E4388400;1.000000;3.4407;karte;https://www.umweltkarten-niedersachsen.de/Download_OE/HWSchutz/HWRMRL_Z2_Risikogebiete_HQextrem.zip;https://www.umweltkarten-niedersachsen.de/Download_OE/HWSchutz/HWRMRL_Z2_Wassertiefen_HQextrem.zip;2026-09-17
Hitzacker;HQextrem;CRS3035RES100mN3341700E4388500;1.000000;3.9879;karte;https://www.umweltkarten-niedersachsen.de/Download_OE/HWSchutz/HWRMRL_Z2_Risikogebiete_HQextrem.zip;https://www.umweltkarten-niedersachsen.de/Download_OE/HWSchutz/HWRMRL_Z2_Wassertiefen_HQextrem.zip;2026-09-17
Hitzacker;HQextrem;CRS3035RES100mN3341700E4388600;1.000000;4.0000;karte;https://www.umweltkarten-niedersachsen.de/Download_OE/HWSchutz/HWRMRL_Z2_Risikogebiete_HQextrem.zip;https://www.umweltkarten-niedersachsen.de/Download_OE/HWSchutz/HWRMRL_Z2_Wassertiefen_HQextrem.zip;2026-09-17
Hitzacker;HQextrem;CRS3035RES100mN3341700E4388700;1.000000;4.0000;karte;https://www.umweltkarten-niedersachsen.de/Download_OE/HWSchutz/HWRMRL_Z2_Risikogebiete_HQextrem.zip;https://www.umweltkarten-niedersachsen.de/Download_OE/HWSchutz/HWRMRL_Z2_Wassertiefen_HQextrem.zip;2026-09-17
Hitzacker;HQextrem;CRS3035RES100mN3341800E4386900;0.005722;0.2500;karte;https://www.umweltkarten-niedersachsen.de/Download_OE/HWSchutz/HWRMRL_Z2_Risikogebiete_HQextrem.zip;https://www.umweltkarten-niedersachsen.de/Download_OE/HWSchutz/HWRMRL_Z2_Wassertiefen_HQextrem.zip;2026-09-17
Hitzacker;HQextrem;CRS3035RES100mN3341800E4387000;0.572199;1.0534;karte;https://www.umweltkarten-niedersachsen.de/Download_OE/HWSchutz/HWRMRL_Z2_Risikogebiete_HQextrem.zip;https://www.umweltkarten-niedersachsen.de/Download_OE/HWSchutz/HWRMRL_Z2_Wassertiefen_HQextrem.zip;2026-09-17
Hitzacker;HQextrem;CRS3035RES100mN3341800E4387100;0.992211;1.2832;karte;https://www.umweltkarten-niedersachsen.de/Download_OE/HWSchutz/HWRMRL_Z2_Risikogebiete_HQextrem.zip;https://www.umweltkarten-niedersachsen.de/Download_OE/HWSchutz/HWRMRL_Z2_Wassertiefen_HQextrem.zip;2026-09-17
Hitzacker;HQextrem;CRS3035RES100mN3341800E4387200;1.000000;2.1109;karte;https://www.umweltkarten-niedersachsen.de/Download_OE/HWSchutz/HWRMRL_Z2_Risikogebiete_HQextrem.zip;https://www.umweltkarten-niedersachsen.de/Download_OE/HWSchutz/HWRMRL_Z2_Wassertiefen_HQextrem.zip;2026-09-17
Hitzacker;HQextrem;CRS3035RES100mN3341800E4387300;1.000000;3.7154;karte;https://www.umweltkarten-niedersachsen.de/Download_OE/HWSchutz/HWRMRL_Z2_Risikogebiete_HQextrem.zip;https://www.umweltkarten-niedersachsen.de/Download_OE/HWSchutz/HWRMRL_Z2_Wassertiefen_HQextrem.zip;2026-09-17
Hitzacker;HQextrem;CRS3035RES100mN3341800E4387400;1.000000;3.8502;karte;https://www.umweltkarten-niedersachsen.de/Download_OE/HWSchutz/HWRMRL_Z2_Risikogebiete_HQextrem.zip;https://www.umweltkarten-niedersachsen.de/Download_OE/HWSchutz/HWRMRL_Z2_Wassertiefen_HQextrem.zip;2026-09-17
Hitzacker;HQextrem;CRS3035RES100mN3341800E4387500;1.000000;3.6794;karte;https://www.umweltkarten-niedersachsen.de/Download_OE/HWSchutz/HWRMRL_Z2_Risikogebiete_HQextrem.zip;https://www.umweltkarten-niedersachsen.de/Download_OE/HWSchutz/HWRMRL_Z2_Wassertiefen_HQextrem.zip;2026-09-17
Hitzacker;HQextrem;CRS3035RES100mN3341800E4387600;1.000000;3.9078;karte;https://www.umweltkarten-niedersachsen.de/Download_OE/HWSchutz/HWRMRL_Z2_Risikogebiete_HQextrem.zip;https://www.umweltkarten-niedersachsen.de/Download_OE/HWSchutz/HWRMRL_Z2_Wassertiefen_HQextrem.zip;2026-09-17
Hitzacker;HQextrem;CRS3035RES100mN3341800E4387700;1.000000;3.9721;karte;https://www.umweltkarten-niedersachsen.de/Download_OE/HWSchutz/HWRMRL_Z2_Risikogebiete_HQextrem.zip;https://www.umweltkarten-niedersachsen.de/Download_OE/HWSchutz/HWRMRL_Z2_Wassertiefen_HQextrem.zip;2026-09-17
Hitzacker;HQextrem;CRS3035RES100mN3341800E4387800;1.000000;3.9768;karte;https://www.umweltkarten-niedersachsen.de/Download_OE/HWSchutz/HWRMRL_Z2_Risikogebiete_HQextrem.zip;https://www.umweltkarten-niedersachsen.de/Download_OE/HWSchutz/HWRMRL_Z2_Wassertiefen_HQextrem.zip;2026-09-17
Hitzacker;HQextrem;CRS3035RES100mN3341800E4387900;1.000000;3.8597;karte;https://www.umweltkarten-niedersachsen.de/Download_OE/HWSchutz/HWRMRL_Z2_Risikogebiete_HQextrem.zip;https://www.umweltkarten-niedersachsen.de/Download_OE/HWSchutz/HWRMRL_Z2_Wassertiefen_HQextrem.zip;2026-09-17
Hitzacker;HQextrem;CRS3035RES100mN3341800E4388000;1.000000;3.7864;karte;https://www.umweltkarten-niedersachsen.de/Download_OE/HWSchutz/HWRMRL_Z2_Risikogebiete_HQextrem.zip;https://www.umweltkarten-niedersachsen.de/Download_OE/HWSchutz/HWRMRL_Z2_Wassertiefen_HQextrem.zip;2026-09-17
Hitzacker;HQextrem;CRS3035RES100mN3341800E4388100;1.000000;3.5683;karte;https://www.umweltkarten-niedersachsen.de/Download_OE/HWSchutz/HWRMRL_Z2_Risikogebiete_HQextrem.zip;https://www.umweltkarten-niedersachsen.de/Download_OE/HWSchutz/HWRMRL_Z2_Wassertiefen_HQextrem.zip;2026-09-17
Hitzacker;HQextrem;CRS3035RES100mN3341800E4388200;1.000000;3.2741;karte;https://www.umweltkarten-niedersachsen.de/Download_OE/HWSchutz/HWRMRL_Z2_Risikogebiete_HQextrem.zip;https://www.umweltkarten-niedersachsen.de/Download_OE/HWSchutz/HWRMRL_Z2_Wassertiefen_HQextrem.zip;2026-09-17
Hitzacker;HQextrem;CRS3035RES100mN3341800E4388300;1.000000;3.1238;karte;https://www.umweltkarten-niedersachsen.de/Download_OE/HWSchutz/HWRMRL_Z2_Risikogebiete_HQextrem.zip;https://www.umweltkarten-niedersachsen.de/Download_OE/HWSchutz/HWRMRL_Z2_Wassertiefen_HQextrem.zip;2026-09-17
Hitzacker;HQextrem;CRS3035RES100mN3341800E4388400;1.000000;3.9175;karte;https://www.umweltkarten-niedersachsen.de/Download_OE/HWSchutz/HWRMRL_Z2_Risikogebiete_HQextrem.zip;https://www.umweltkarten-niedersachsen.de/Download_OE/HWSchutz/HWRMRL_Z2_Wassertiefen_HQextrem.zip;2026-09-17
Hitzacker;HQextrem;CRS3035RES100mN3341800E4388500;1.000000;4.0000;karte;https://www.umweltkarten-niedersachsen.de/Download_OE/HWSchutz/HWRMRL_Z2_Risikogebiete_HQextrem.zip;https://www.umweltkarten-niedersachsen.de/Download_OE/HWSchutz/HWRMRL_Z2_Wassertiefen_HQextrem.zip;2026-09-17
Hitzacker;HQextrem;CRS3035RES100mN3341800E4388600;1.000000;4.0000;karte;https://www.umweltkarten-niedersachsen.de/Download_OE/HWSchutz/HWRMRL_Z2_Risikogebiete_HQextrem.zip;https://www.umweltkarten-niedersachsen.de/Download_OE/HWSchutz/HWRMRL_Z2_Wassertiefen_HQextrem.zip;2026-09-17
Hitzacker;HQextrem;CRS3035RES100mN3341900E4386800;0.033030;0.2500;karte;https://www.umweltkarten-niedersachsen.de/Download_OE/HWSchutz/HWRMRL_Z2_Risikogebiete_HQextrem.zip;https://www.umweltkarten-niedersachsen.de/Download_OE/HWSchutz/HWRMRL_Z2_Wassertiefen_HQextrem.zip;2026-09-17
Hitzacker;HQextrem;CRS3035RES100mN3341900E4386900;0.686086;1.6608;karte;https://www.umweltkarten-niedersachsen.de/Download_OE/HWSchutz/HWRMRL_Z2_Risikogebiete_HQextrem.zip;https://www.umweltkarten-niedersachsen.de/Download_OE/HWSchutz/HWRMRL_Z2_Wassertiefen_HQextrem.zip;2026-09-17
Hitzacker;HQextrem;CRS3035RES100mN3341900E4387000;1.000000;3.2819;karte;https://www.umweltkarten-niedersachsen.de/Download_OE/HWSchutz/HWRMRL_Z2_Risikogebiete_HQextrem.zip;https://www.umweltkarten-niedersachsen.de/Download_OE/HWSchutz/HWRMRL_Z2_Wassertiefen_HQextrem.zip;2026-09-17
Hitzacker;HQextrem;CRS3035RES100mN3341900E4387100;1.000000;3.2983;karte;https://www.umweltkarten-niedersachsen.de/Download_OE/HWSchutz/HWRMRL_Z2_Risikogebiete_HQextrem.zip;https://www.umweltkarten-niedersachsen.de/Download_OE/HWSchutz/HWRMRL_Z2_Wassertiefen_HQextrem.zip;2026-09-17
Hitzacker;HQextrem;CRS3035RES100mN3341900E4387200;1.000000;3.9504;karte;https://www.umweltkarten-niedersachsen.de/Download_OE/HWSchutz/HWRMRL_Z2_Risikogebiete_HQextrem.zip;https://www.umweltkarten-niedersachsen.de/Download_OE/HWSchutz/HWRMRL_Z2_Wassertiefen_HQextrem.zip;2026-09-17
Hitzacker;HQextrem;CRS3035RES100mN3341900E4387300;1.000000;3.8474;karte;https://www.umweltkarten-niedersachsen.de/Download_OE/HWSchutz/HWRMRL_Z2_Risikogebiete_HQextrem.zip;https://www.umweltkarten-niedersachsen.de/Download_OE/HWSchutz/HWRMRL_Z2_Wassertiefen_HQextrem.zip;2026-09-17
Hitzacker;HQextrem;CRS3035RES100mN3341900E4387400;1.000000;3.4152;karte;https://www.umweltkarten-niedersachsen.de/Download_OE/HWSchutz/HWRMRL_Z2_Risikogebiete_HQextrem.zip;https://www.umweltkarten-niedersachsen.de/Download_OE/HWSchutz/HWRMRL_Z2_Wassertiefen_HQextrem.zip;2026-09-17
Hitzacker;HQextrem;CRS3035RES100mN3341900E4387500;1.000000;3.0206;karte;https://www.umweltkarten-niedersachsen.de/Download_OE/HWSchutz/HWRMRL_Z2_Risikogebiete_HQextrem.zip;https://www.umweltkarten-niedersachsen.de/Download_OE/HWSchutz/HWRMRL_Z2_Wassertiefen_HQextrem.zip;2026-09-17
Hitzacker;HQextrem;CRS3035RES100mN3341900E4387600;1.000000;3.0040;karte;https://www.umweltkarten-niedersachsen.de/Download_OE/HWSchutz/HWRMRL_Z2_Risikogebiete_HQextrem.zip;https://www.umweltkarten-niedersachsen.de/Download_OE/HWSchutz/HWRMRL_Z2_Wassertiefen_HQextrem.zip;2026-09-17
Hitzacker;HQextrem;CRS3035RES100mN3341900E4387700;1.000000;3.0310;karte;https://www.umweltkarten-niedersachsen.de/Download_OE/HWSchutz/HWRMRL_Z2_Risikogebiete_HQextrem.zip;https://www.umweltkarten-niedersachsen.de/Download_OE/HWSchutz/HWRMRL_Z2_Wassertiefen_HQextrem.zip;2026-09-17
Hitzacker;HQextrem;CRS3035RES100mN3341900E4387800;1.000000;3.0173;karte;https://www.umweltkarten-niedersachsen.de/Download_OE/HWSchutz/HWRMRL_Z2_Risikogebiete_HQextrem.zip;https://www.umweltkarten-niedersachsen.de/Download_OE/HWSchutz/HWRMRL_Z2_Wassertiefen_HQextrem.zip;2026-09-17
Hitzacker;HQextrem;CRS3035RES100mN3341900E4387900;1.000000;3.0000;karte;https://www.umweltkarten-niedersachsen.de/Download_OE/HWSchutz/HWRMRL_Z2_Risikogebiete_HQextrem.zip;https://www.umweltkarten-niedersachsen.de/Download_OE/HWSchutz/HWRMRL_Z2_Wassertiefen_HQextrem.zip;2026-09-17
Hitzacker;HQextrem;CRS3035RES100mN3341900E4388000;1.000000;3.0768;karte;https://www.umweltkarten-niedersachsen.de/Download_OE/HWSchutz/HWRMRL_Z2_Risikogebiete_HQextrem.zip;https://www.umweltkarten-niedersachsen.de/Download_OE/HWSchutz/HWRMRL_Z2_Wassertiefen_HQextrem.zip;2026-09-17
Hitzacker;HQextrem;CRS3035RES100mN3341900E4388100;1.000000;3.2868;karte;https://www.umweltkarten-niedersachsen.de/Download_OE/HWSchutz/HWRMRL_Z2_Risikogebiete_HQextrem.zip;https://www.umweltkarten-niedersachsen.de/Download_OE/HWSchutz/HWRMRL_Z2_Wassertiefen_HQextrem.zip;2026-09-17
Hitzacker;HQextrem;CRS3035RES100mN3341900E4388200;1.000000;3.3491;karte;https://www.umweltkarten-niedersachsen.de/Download_OE/HWSchutz/HWRMRL_Z2_Risikogebiete_HQextrem.zip;https://www.umweltkarten-niedersachsen.de/Download_OE/HWSchutz/HWRMRL_Z2_Wassertiefen_HQextrem.zip;2026-09-17
Hitzacker;HQextrem;CRS3035RES100mN3341900E4388300;1.000000;3.9047;karte;https://www.umweltkarten-niedersachsen.de/Download_OE/HWSchutz/HWRMRL_Z2_Risikogebiete_HQextrem.zip;https://www.umweltkarten-niedersachsen.de/Download_OE/HWSchutz/HWRMRL_Z2_Wassertiefen_HQextrem.zip;2026-09-17
Hitzacker;HQextrem;CRS3035RES100mN3341900E4388400;1.000000;4.0000;karte;https://www.umweltkarten-niedersachsen.de/Download_OE/HWSchutz/HWRMRL_Z2_Risikogebiete_HQextrem.zip;https://www.umweltkarten-niedersachsen.de/Download_OE/HWSchutz/HWRMRL_Z2_Wassertiefen_HQextrem.zip;2026-09-17
Hitzacker;HQextrem;CRS3035RES100mN3341900E4388500;1.000000;4.0000;karte;https://www.umweltkarten-niedersachsen.de/Download_OE/HWSchutz/HWRMRL_Z2_Risikogebiete_HQextrem.zip;https://www.umweltkarten-niedersachsen.de/Download_OE/HWSchutz/HWRMRL_Z2_Wassertiefen_HQextrem.zip;2026-09-17
Hitzacker;HQextrem;CRS3035RES100mN3342000E4386800;0.333290;1.9487;karte;https://www.umweltkarten-niedersachsen.de/Download_OE/HWSchutz/HWRMRL_Z2_Risikogebiete_HQextrem.zip;https://www.umweltkarten-niedersachsen.de/Download_OE/HWSchutz/HWRMRL_Z2_Wassertiefen_HQextrem.zip;2026-09-17
Hitzacker;HQextrem;CRS3035RES100mN3342000E4386900;1.000000;3.6137;karte;https://www.umweltkarten-niedersachsen.de/Download_OE/HWSchutz/HWRMRL_Z2_Risikogebiete_HQextrem.zip;https://www.umweltkarten-niedersachsen.de/Download_OE/HWSchutz/HWRMRL_Z2_Wassertiefen_HQextrem.zip;2026-09-17
Hitzacker;HQextrem;CRS3035RES100mN3342000E4387000;1.000000;3.7959;karte;https://www.umweltkarten-niedersachsen.de/Download_OE/HWSchutz/HWRMRL_Z2_Risikogebiete_HQextrem.zip;https://www.umweltkarten-niedersachsen.de/Download_OE/HWSchutz/HWRMRL_Z2_Wassertiefen_HQextrem.zip;2026-09-17
Hitzacker;HQextrem;CRS3035RES100mN3342000E4387100;1.000000;3.9893;karte;https://www.umweltkarten-niedersachsen.de/Download_OE/HWSchutz/HWRMRL_Z2_Risikogebiete_HQextrem.zip;https://www.umweltkarten-niedersachsen.de/Download_OE/HWSchutz/HWRMRL_Z2_Wassertiefen_HQextrem.zip;2026-09-17
Hitzacker;HQextrem;CRS3035RES100mN3342000E4387200;1.000000;3.7748;karte;https://www.umweltkarten-niedersachsen.de/Download_OE/HWSchutz/HWRMRL_Z2_Risikogebiete_HQextrem.zip;https://www.umweltkarten-niedersachsen.de/Download_OE/HWSchutz/HWRMRL_Z2_Wassertiefen_HQextrem.zip;2026-09-17
Hitzacker;HQextrem;CRS3035RES100mN3342000E4387300;1.000000;3.6363;karte;https://www.umweltkarten-niedersachsen.de/Download_OE/HWSchutz/HWRMRL_Z2_Risikogebiete_HQextrem.zip;https://www.umweltkarten-niedersachsen.de/Download_OE/HWSchutz/HWRMRL_Z2_Wassertiefen_HQextrem.zip;2026-09-17
Hitzacker;HQextrem;CRS3035RES100mN3342000E4387400;1.000000;3.9509;karte;https://www.umweltkarten-niedersachsen.de/Download_OE/HWSchutz/HWRMRL_Z2_Risikogebiete_HQextrem.zip;https://www.umweltkarten-niedersachsen.de/Download_OE/HWSchutz/HWRMRL_Z2_Wassertiefen_HQextrem.zip;2026-09-17
Hitzacker;HQextrem;CRS3035RES100mN3342000E4387500;1.000000;3.7136;karte;https://www.umweltkarten-niedersachsen.de/Download_OE/HWSchutz/HWRMRL_Z2_Risikogebiete_HQextrem.zip;https://www.umweltkarten-niedersachsen.de/Download_OE/HWSchutz/HWRMRL_Z2_Wassertiefen_HQextrem.zip;2026-09-17
Hitzacker;HQextrem;CRS3035RES100mN3342000E4387600;1.000000;3.0003;karte;https://www.umweltkarten-niedersachsen.de/Download_OE/HWSchutz/HWRMRL_Z2_Risikogebiete_HQextrem.zip;https://www.umweltkarten-niedersachsen.de/Download_OE/HWSchutz/HWRMRL_Z2_Wassertiefen_HQextrem.zip;2026-09-17
Hitzacker;HQextrem;CRS3035RES100mN3342000E4387700;1.000000;3.0000;karte;https://www.umweltkarten-niedersachsen.de/Download_OE/HWSchutz/HWRMRL_Z2_Risikogebiete_HQextrem.zip;https://www.umweltkarten-niedersachsen.de/Download_OE/HWSchutz/HWRMRL_Z2_Wassertiefen_HQextrem.zip;2026-09-17
Hitzacker;HQextrem;CRS3035RES100mN3342000E4387800;1.000000;3.0000;karte;https://www.umweltkarten-niedersachsen.de/Download_OE/HWSchutz/HWRMRL_Z2_Risikogebiete_HQextrem.zip;https://www.umweltkarten-niedersachsen.de/Download_OE/HWSchutz/HWRMRL_Z2_Wassertiefen_HQextrem.zip;2026-09-17
Hitzacker;HQextrem;CRS3035RES100mN3342000E4387900;1.000000;3.1529;karte;https://www.umweltkarten-niedersachsen.de/Download_OE/HWSchutz/HWRMRL_Z2_Risikogebiete_HQextrem.zip;https://www.umweltkarten-niedersachsen.de/Download_OE/HWSchutz/HWRMRL_Z2_Wassertiefen_HQextrem.zip;2026-09-17
Hitzacker;HQextrem;CRS3035RES100mN3342000E4388000;1.000000;3.2957;karte;https://www.umweltkarten-niedersachsen.de/Download_OE/HWSchutz/HWRMRL_Z2_Risikogebiete_HQextrem.zip;https://www.umweltkarten-niedersachsen.de/Download_OE/HWSchutz/HWRMRL_Z2_Wassertiefen_HQextrem.zip;2026-09-17
Hitzacker;HQextrem;CRS3035RES100mN3342000E4388100;1.000000;3.9026;karte;https://www.umweltkarten-niedersachsen.de/Download_OE/HWSchutz/HWRMRL_Z2_Risikogebiete_HQextrem.zip;https://www.umweltkarten-niedersachsen.de/Download_OE/HWSchutz/HWRMRL_Z2_Wassertiefen_HQextrem.zip;2026-09-17
Hitzacker;HQextrem;CRS3035RES100mN3342000E4388200;1.000000;4.0000;karte;https://www.umweltkarten-niedersachsen.de/Download_OE/HWSchutz/HWRMRL_Z2_Risikogebiete_HQextrem.zip;https://www.umweltkarten-niedersachsen.de/Download_OE/HWSchutz/HWRMRL_Z2_Wassertiefen_HQextrem.zip;2026-09-17
Hitzacker;HQextrem;CRS3035RES100mN3342000E4388300;1.000000;4.0000;karte;https://www.umweltkarten-niedersachsen.de/Download_OE/HWSchutz/HWRMRL_Z2_Risikogebiete_HQextrem.zip;https://www.umweltkarten-niedersachsen.de/Download_OE/HWSchutz/HWRMRL_Z2_Wassertiefen_HQextrem.zip;2026-09-17
Hitzacker;HQextrem;CRS3035RES100mN3342000E4388400;1.000000;4.0000;karte;https://www.umweltkarten-niedersachsen.de/Download_OE/HWSchutz/HWRMRL_Z2_Risikogebiete_HQextrem.zip;https://www.umweltkarten-niedersachsen.de/Download_OE/HWSchutz/HWRMRL_Z2_Wassertiefen_HQextrem.zip;2026-09-17
Hitzacker;HQextrem;CRS3035RES100mN3342100E4386700;0.106718;1.2245;karte;https://www.umweltkarten-niedersachsen.de/Download_OE/HWSchutz/HWRMRL_Z2_Risikogebiete_HQextrem.zip;https://www.umweltkarten-niedersachsen.de/Download_OE/HWSchutz/HWRMRL_Z2_Wassertiefen_HQextrem.zip;2026-09-17
Hitzacker;HQextrem;CRS3035RES100mN3342100E4386800;0.942128;3.4973;karte;https://www.umweltkarten-niedersachsen.de/Download_OE/HWSchutz/HWRMRL_Z2_Risikogebiete_HQextrem.zip;https://www.umweltkarten-niedersachsen.de/Download_OE/HWSchutz/HWRMRL_Z2_Wassertiefen_HQextrem.zip;2026-09-17
Hitzacker;HQextrem;CRS3035RES100mN3342100E4386900;1.000000;3.7773;karte;https://www.umweltkarten-niedersachsen.de/Download_OE/HWSchutz/HWRMRL_Z2_Risikogebiete_HQextrem.zip;https://www.umweltkarten-niedersachsen.de/Download_OE/HWSchutz/HWRMRL_Z2_Wassertiefen_HQextrem.zip;2026-09-17
Hitzacker;HQextrem;CRS3035RES100mN3342100E4387000;1.000000;3.7258;karte;https://www.umweltkarten-niedersachsen.de/Download_OE/HWSchutz/HWRMRL_Z2_Risikogebiete_HQextrem.zip;https://www.umweltkarten-niedersachsen.de/Download_OE/HWSchutz/HWRMRL_Z2_Wassertiefen_HQextrem.zip;2026-09-17
Hitzacker;HQextrem;CRS3035RES100mN3342100E4387100;1.000000;4.0000;karte;https://www.umweltkarten-niedersachsen.de/Download_OE/HWSchutz/HWRMRL_Z2_Risikogebiete_HQextrem.zip;https://www.umweltkarten-niedersachsen.de/Download_OE/HWSchutz/HWRMRL_Z2_Wassertiefen_HQextrem.zip;2026-09-17
Hitzacker;HQextrem;CRS3035RES100mN3342100E4387200;1.000000;3.9459;karte;https://www.umweltkarten-niedersachsen.de/Download_OE/HWSchutz/HWRMRL_Z2_Risikogebiete_HQextrem.zip;https://www.umweltkarten-niedersachsen.de/Download_OE/HWSchutz/HWRMRL_Z2_Wassertiefen_HQextrem.zip;2026-09-17
Hitzacker;HQextrem;CRS3035RES100mN3342100E4387300;1.000000;4.0000;karte;https://www.umweltkarten-niedersachsen.de/Download_OE/HWSchutz/HWRMRL_Z2_Risikogebiete_HQextrem.zip;https://www.umweltkarten-niedersachsen.de/Download_OE/HWSchutz/HWRMRL_Z2_Wassertiefen_HQextrem.zip;2026-09-17
Hitzacker;HQextrem;CRS3035RES100mN3342100E4387400;1.000000;3.9420;karte;https://www.umweltkarten-niedersachsen.de/Download_OE/HWSchutz/HWRMRL_Z2_Risikogebiete_HQextrem.zip;https://www.umweltkarten-niedersachsen.de/Download_OE/HWSchutz/HWRMRL_Z2_Wassertiefen_HQextrem.zip;2026-09-17
Hitzacker;HQextrem;CRS3035RES100mN3342100E4387500;1.000000;3.4227;karte;https://www.umweltkarten-niedersachsen.de/Download_OE/HWSchutz/HWRMRL_Z2_Risikogebiete_HQextrem.zip;https://www.umweltkarten-niedersachsen.de/Download_OE/HWSchutz/HWRMRL_Z2_Wassertiefen_HQextrem.zip;2026-09-17
Hitzacker;HQextrem;CRS3035RES100mN3342100E4387600;1.000000;3.3252;karte;https://www.umweltkarten-niedersachsen.de/Download_OE/HWSchutz/HWRMRL_Z2_Risikogebiete_HQextrem.zip;https://www.umweltkarten-niedersachsen.de/Download_OE/HWSchutz/HWRMRL_Z2_Wassertiefen_HQextrem.zip;2026-09-17
Hitzacker;HQextrem;CRS3035RES100mN3342100E4387700;1.000000;3.0437;karte;https://www.umweltkarten-niedersachsen.de/Download_OE/HWSchutz/HWRMRL_Z2_Risikogebiete_HQextrem.zip;https://www.umweltkarten-niedersachsen.de/Download_OE/HWSchutz/HWRMRL_Z2_Wassertiefen_HQextrem.zip;2026-09-17
Hitzacker;HQextrem;CRS3035RES100mN3342100E4387800;1.000000;3.4168;karte;https://www.umweltkarten-niedersachsen.de/Download_OE/HWSchutz/HWRMRL_Z2_Risikogebiete_HQextrem.zip;https://www.umweltkarten-niedersachsen.de/Download_OE/HWSchutz/HWRMRL_Z2_Wassertiefen_HQextrem.zip;2026-09-17
Hitzacker;HQextrem;CRS3035RES100mN3342100E4387900;1.000000;3.9111;karte;https://www.umweltkarten-niedersachsen.de/Download_OE/HWSchutz/HWRMRL_Z2_Risikogebiete_HQextrem.zip;https://www.umweltkarten-niedersachsen.de/Download_OE/HWSchutz/HWRMRL_Z2_Wassertiefen_HQextrem.zip;2026-09-17
Hitzacker;HQextrem;CRS3035RES100mN3342100E4388000;1.000000;4.0000;karte;https://www.umweltkarten-niedersachsen.de/Download_OE/HWSchutz/HWRMRL_Z2_Risikogebiete_HQextrem.zip;https://www.umweltkarten-niedersachsen.de/Download_OE/HWSchutz/HWRMRL_Z2_Wassertiefen_HQextrem.zip;2026-09-17
Hitzacker;HQextrem;CRS3035RES100mN3342100E4388100;1.000000;4.0000;karte;https://www.umweltkarten-niedersachsen.de/Download_OE/HWSchutz/HWRMRL_Z2_Risikogebiete_HQextrem.zip;https://www.umweltkarten-niedersachsen.de/Download_OE/HWSchutz/HWRMRL_Z2_Wassertiefen_HQextrem.zip;2026-09-17
Hitzacker;HQextrem;CRS3035RES100mN3342100E4388200;1.000000;4.0000;karte;https://www.umweltkarten-niedersachsen.de/Download_OE/HWSchutz/HWRMRL_Z2_Risikogebiete_HQextrem.zip;https://www.umweltkarten-niedersachsen.de/Download_OE/HWSchutz/HWRMRL_Z2_Wassertiefen_HQextrem.zip;2026-09-17
Hitzacker;HQextrem;CRS3035RES100mN3342100E4388300;1.000000;4.0000;karte;https://www.umweltkarten-niedersachsen.de/Download_OE/HWSchutz/HWRMRL_Z2_Risikogebiete_HQextrem.zip;https://www.umweltkarten-niedersachsen.de/Download_OE/HWSchutz/HWRMRL_Z2_Wassertiefen_HQextrem.zip;2026-09-17
Hitzacker;HQextrem;CRS3035RES100mN3342200E4386700;0.617421;2.7913;karte;https://www.umweltkarten-niedersachsen.de/Download_OE/HWSchutz/HWRMRL_Z2_Risikogebiete_HQextrem.zip;https://www.umweltkarten-niedersachsen.de/Download_OE/HWSchutz/HWRMRL_Z2_Wassertiefen_HQextrem.zip;2026-09-17
Hitzacker;HQextrem;CRS3035RES100mN3342200E4386800;1.000000;3.9088;karte;https://www.umweltkarten-niedersachsen.de/Download_OE/HWSchutz/HWRMRL_Z2_Risikogebiete_HQextrem.zip;https://www.umweltkarten-niedersachsen.de/Download_OE/HWSchutz/HWRMRL_Z2_Wassertiefen_HQextrem.zip;2026-09-17
Hitzacker;HQextrem;CRS3035RES100mN3342200E4386900;1.000000;3.3779;karte;https://www.umweltkarten-niedersachsen.de/Download_OE/HWSchutz/HWRMRL_Z2_Risikogebiete_HQextrem.zip;https://www.umweltkarten-niedersachsen.de/Download_OE/HWSchutz/HWRMRL_Z2_Wassertiefen_HQextrem.zip;2026-09-17
Hitzacker;HQextrem;CRS3035RES100mN3342200E4387000;1.000000;3.5264;karte;https://www.umweltkarten-niedersachsen.de/Download_OE/HWSchutz/HWRMRL_Z2_Risikogebiete_HQextrem.zip;https://www.umweltkarten-niedersachsen.de/Download_OE/HWSchutz/HWRMRL_Z2_Wassertiefen_HQextrem.zip;2026-09-17
Hitzacker;HQextrem;CRS3035RES100mN3342200E4387100;1.000000;3.9986;karte;https://www.umweltkarten-niedersachsen.de/Download_OE/HWSchutz/HWRMRL_Z2_Risikogebiete_HQextrem.zip;https://www.umweltkarten-niedersachsen.de/Download_OE/HWSchutz/HWRMRL_Z2_Wassertiefen_HQextrem.zip;2026-09-17
Hitzacker;HQextrem;CRS3035RES100mN3342200E4387200;1.000000;3.9008;karte;https://www.umweltkarten-niedersachsen.de/Download_OE/HWSchutz/HWRMRL_Z2_Risikogebiete_HQextrem.zip;https://www.umweltkarten-niedersachsen.de/Download_OE/HWSchutz/HWRMRL_Z2_Wassertiefen_HQextrem.zip;2026-09-17
Hitzacker;HQextrem;CRS3035RES100mN3342200E4387300;1.000000;3.9098;karte;https://www.umweltkarten-niedersachsen.de/Download_OE/HWSchutz/HWRMRL_Z2_Risikogebiete_HQextrem.zip;https://www.umweltkarten-niedersachsen.de/Download_OE/HWSchutz/HWRMRL_Z2_Wassertiefen_HQextrem.zip;2026-09-17
Hitzacker;HQextrem;CRS3035RES100mN3342200E4387400;1.000000;3.7283;karte;https://www.umweltkarten-niedersachsen.de/Download_OE/HWSchutz/HWRMRL_Z2_Risikogebiete_HQextrem.zip;https://www.umweltkarten-niedersachsen.de/Download_OE/HWSchutz/HWRMRL_Z2_Wassertiefen_HQextrem.zip;2026-09-17
Hitzacker;HQextrem;CRS3035RES100mN3342200E4387500;1.000000;3.3944;karte;https://www.umweltkarten-niedersachsen.de/Download_OE/HWSchutz/HWRMRL_Z2_Risikogebiete_HQextrem.zip;https://www.umweltkarten-niedersachsen.de/Download_OE/HWSchutz/HWRMRL_Z2_Wassertiefen_HQextrem.zip;2026-09-17
Hitzacker;HQextrem;CRS3035RES100mN3342200E4387600;1.000000;3.5003;karte;https://www.umweltkarten-niedersachsen.de/Download_OE/HWSchutz/HWRMRL_Z2_Risikogebiete_HQextrem.zip;https://www.umweltkarten-niedersachsen.de/Download_OE/HWSchutz/HWRMRL_Z2_Wassertiefen_HQextrem.zip;2026-09-17
Hitzacker;HQextrem;CRS3035RES100mN3342200E4387700;1.000000;3.9420;karte;https://www.umweltkarten-niedersachsen.de/Download_OE/HWSchutz/HWRMRL_Z2_Risikogebiete_HQextrem.zip;https://www.umweltkarten-niedersachsen.de/Download_OE/HWSchutz/HWRMRL_Z2_Wassertiefen_HQextrem.zip;2026-09-17
Hitzacker;HQextrem;CRS3035RES100mN3342200E4387800;1.000000;4.0000;karte;https://www.umweltkarten-niedersachsen.de/Download_OE/HWSchutz/HWRMRL_Z2_Risikogebiete_HQextrem.zip;https://www.umweltkarten-niedersachsen.de/Download_OE/HWSchutz/HWRMRL_Z2_Wassertiefen_HQextrem.zip;2026-09-17
Hitzacker;HQextrem;CRS3035RES100mN3342200E4387900;1.000000;4.0000;karte;https://www.umweltkarten-niedersachsen.de/Download_OE/HWSchutz/HWRMRL_Z2_Risikogebiete_HQextrem.zip;https://www.umweltkarten-niedersachsen.de/Download_OE/HWSchutz/HWRMRL_Z2_Wassertiefen_HQextrem.zip;2026-09-17
Hitzacker;HQextrem;CRS3035RES100mN3342200E4388000;1.000000;4.0000;karte;https://www.umweltkarten-niedersachsen.de/Download_OE/HWSchutz/HWRMRL_Z2_Risikogebiete_HQextrem.zip;https://www.umweltkarten-niedersachsen.de/Download_OE/HWSchutz/HWRMRL_Z2_Wassertiefen_HQextrem.zip;2026-09-17
Hitzacker;HQextrem;CRS3035RES100mN3342200E4388100;1.000000;4.0000;karte;https://www.umweltkarten-niedersachsen.de/Download_OE/HWSchutz/HWRMRL_Z2_Risikogebiete_HQextrem.zip;https://www.umweltkarten-niedersachsen.de/Download_OE/HWSchutz/HWRMRL_Z2_Wassertiefen_HQextrem.zip;2026-09-17
Hitzacker;HQextrem;CRS3035RES100mN3342300E4386600;0.168507;1.6417;karte;https://www.umweltkarten-niedersachsen.de/Download_OE/HWSchutz/HWRMRL_Z2_Risikogebiete_HQextrem.zip;https://www.umweltkarten-niedersachsen.de/Download_OE/HWSchutz/HWRMRL_Z2_Wassertiefen_HQextrem.zip;2026-09-17
Hitzacker;HQextrem;CRS3035RES100mN3342300E4386700;0.982672;3.6460;karte;https://www.umweltkarten-niedersachsen.de/Download_OE/HWSchutz/HWRMRL_Z2_Risikogebiete_HQextrem.zip;https://www.umweltkarten-niedersachsen.de/Download_OE/HWSchutz/HWRMRL_Z2_Wassertiefen_HQextrem.zip;2026-09-17
Hitzacker;HQextrem;CRS3035RES100mN3342300E4386800;1.000000;3.8053;karte;https://www.umweltkarten-niedersachsen.de/Download_OE/HWSchutz/HWRMRL_Z2_Risikogebiete_HQextrem.zip;https://www.umweltkarten-niedersachsen.de/Download_OE/HWSchutz/HWRMRL_Z2_Wassertiefen_HQextrem.zip;2026-09-17
Hitzacker;HQextrem;CRS3035RES100mN3342300E4386900;1.000000;3.5115;karte;https://www.umweltkarten-niedersachsen.de/Download_OE/HWSchutz/HWRMRL_Z2_Risikogebiete_HQextrem.zip;https://www.umweltkarten-niedersachsen.de/Download_OE/HWSchutz/HWRMRL_Z2_Wassertiefen_HQextrem.zip;2026-09-17
Hitzacker;HQextrem;CRS3035RES100mN3342300E4387000;1.000000;3.6941;karte;https://www.umweltkarten-niedersachsen.de/Download_OE/HWSchutz/HWRMRL_Z2_Risikogebiete_HQextrem.zip;https://www.umweltkarten-niedersachsen.de/Download_OE/HWSchutz/HWRMRL_Z2_Wassertiefen_HQextrem.zip;2026-09-17
Hitzacker;HQextrem;CRS3035RES100mN3342300E4387100;1.000000;3.9651;karte;https://www.umweltkarten-niedersachsen.de/Download_OE/HWSchutz/HWRMRL_Z2_Risikogebiete_HQextrem.zip;https://www.umweltkarten-niedersachsen.de/Download_OE/HWSchutz/HWRMRL_Z2_Wassertiefen_HQextrem.zip;2026-09-17
Hitzacker;HQextrem;CRS3035RES100mN3342300E4387200;1.000000;3.4469;karte;https://www.umweltkarten-niedersachsen.de/Download_OE/HWSchutz/HWRMRL_Z2_Risikogebiete_HQextrem.zip;https://www.umweltkarten-niedersachsen.de/Download_OE/HWSchutz/HWRMRL_Z2_Wassertiefen_HQextrem.zip;2026-09-17
Hitzacker;HQextrem;CRS3035RES100mN3342300E4387300;1.000000;3.5002;karte;https://www.umweltkarten-niedersachsen.de/Download_OE/HWSchutz/HWRMRL_Z2_Risikogebiete_HQextrem.zip;https://www.umweltkarten-niedersachsen.de/Download_OE/HWSchutz/HWRMRL_Z2_Wassertiefen_HQextrem.zip;2026-09-17
Hitzacker;HQextrem;CRS3035RES100mN3342300E4387400;1.000000;3.2690;karte;https://www.umweltkarten-niedersachsen.de/Download_OE/HWSchutz/HWRMRL_Z2_Risikogebiete_HQextrem.zip;https://www.umweltkarten-niedersachsen.de/Download_OE/HWSchutz/HWRMRL_Z2_Wassertiefen_HQextrem.zip;2026-09-17
Hitzacker;HQextrem;CRS3035RES100mN3342300E4387500;1.000000;3.8970;karte;https://www.umweltkarten-niedersachsen.de/Download_OE/HWSchutz/HWRMRL_Z2_Risikogebiete_HQextrem.zip;https://www.umweltkarten-niedersachsen.de/Download_OE/HWSchutz/HWRMRL_Z2_Wassertiefen_HQextrem.zip;2026-09-17
Hitzacker;HQextrem;CRS3035RES100mN3342300E4387600;1.000000;4.0000;karte;https://www.umweltkarten-niedersachsen.de/Download_OE/HWSchutz/HWRMRL_Z2_Risikogebiete_HQextrem.zip;https://www.umweltkarten-niedersachsen.de/Download_OE/HWSchutz/HWRMRL_Z2_Wassertiefen_HQextrem.zip;2026-09-17
Hitzacker;HQextrem;CRS3035RES100mN3342300E4387700;1.000000;4.0000;karte;https://www.umweltkarten-niedersachsen.de/Download_OE/HWSchutz/HWRMRL_Z2_Risikogebiete_HQextrem.zip;https://www.umweltkarten-niedersachsen.de/Download_OE/HWSchutz/HWRMRL_Z2_Wassertiefen_HQextrem.zip;2026-09-17
Hitzacker;HQextrem;CRS3035RES100mN3342300E4387800;1.000000;4.0000;karte;https://www.umweltkarten-niedersachsen.de/Download_OE/HWSchutz/HWRMRL_Z2_Risikogebiete_HQextrem.zip;https://www.umweltkarten-niedersachsen.de/Download_OE/HWSchutz/HWRMRL_Z2_Wassertiefen_HQextrem.zip;2026-09-17
Hitzacker;HQextrem;CRS3035RES100mN3342300E4387900;1.000000;4.0000;karte;https://www.umweltkarten-niedersachsen.de/Download_OE/HWSchutz/HWRMRL_Z2_Risikogebiete_HQextrem.zip;https://www.umweltkarten-niedersachsen.de/Download_OE/HWSchutz/HWRMRL_Z2_Wassertiefen_HQextrem.zip;2026-09-17
Hitzacker;HQextrem;CRS3035RES100mN3342300E4388000;1.000000;4.0000;karte;https://www.umweltkarten-niedersachsen.de/Download_OE/HWSchutz/HWRMRL_Z2_Risikogebiete_HQextrem.zip;https://www.umweltkarten-niedersachsen.de/Download_OE/HWSchutz/HWRMRL_Z2_Wassertiefen_HQextrem.zip;2026-09-17
Hitzacker;HQextrem;CRS3035RES100mN3342400E4386600;0.656990;2.9947;karte;https://www.umweltkarten-niedersachsen.de/Download_OE/HWSchutz/HWRMRL_Z2_Risikogebiete_HQextrem.zip;https://www.umweltkarten-niedersachsen.de/Download_OE/HWSchutz/HWRMRL_Z2_Wassertiefen_HQextrem.zip;2026-09-17
Hitzacker;HQextrem;CRS3035RES100mN3342400E4386700;1.000000;4.0000;karte;https://www.umweltkarten-niedersachsen.de/Download_OE/HWSchutz/HWRMRL_Z2_Risikogebiete_HQextrem.zip;https://www.umweltkarten-niedersachsen.de/Download_OE/HWSchutz/HWRMRL_Z2_Wassertiefen_HQextrem.zip;2026-09-17
Hitzacker;HQextrem;CRS3035RES100mN3342400E4386800;1.000000;3.8631;karte;https://www.umweltkarten-niedersachsen.de/Download_OE/HWSchutz/HWRMRL_Z2_Risikogebiete_HQextrem.zip;https://www.umweltkarten-niedersachsen.de/Download_OE/HWSchutz/HWRMRL_Z2_Wassertiefen_HQextrem.zip;2026-09-17
Hitzacker;HQextrem;CRS3035RES100mN3342400E4386900;1.000000;3.0591;karte;https://www.umweltkarten-niedersachsen.de/Download_OE/HWSchutz/HWRMRL_Z2_Risikogebiete_HQextrem.zip;https://www.umweltkarten-niedersachsen.de/Download_OE/HWSchutz/HWRMRL_Z2_Wassertiefen_HQextrem.zip;2026-09-17
Hitzacker;HQextrem;CRS3035RES100mN3342400E4387000;1.000000;3.8475;karte;https://www.umweltkarten-niedersachsen.de/Download_OE/HWSchutz/HWRMRL_Z2_Risikogebiete_HQextrem.zip;https://www.umweltkarten-niedersachsen.de/Download_OE/HWSchutz/HWRMRL_Z2_Wassertiefen_HQextrem.zip;2026-09-17
Hitzacker;HQextrem;CRS3035RES100mN3342400E4387100;1.000000;3.8416;karte;https://www.umweltkarten-niedersachsen.de/Download_OE/HWSchutz/HWRMRL_Z2_Risikogebiete_HQextrem.zip;https://www.umweltkarten-niedersachsen.de/Download_OE/HWSchutz/HWRMRL_Z2_Wassertiefen_HQextrem.zip;2026-09-17
Hitzacker;HQextrem;CRS3035RES100mN3342400E4387200;1.000000;3.3012;karte;https://www.umweltkarten-niedersachsen.de/Download_OE/HWSchutz/HWRMRL_Z2_Risikogebiete_HQextrem.zip;https://www.umweltkarten-niedersachsen.de/Download_OE/HWSchutz/HWRMRL_Z2_Wassertiefen_HQextrem.zip;2026-09-17
Hitzacker;HQextrem;CRS3035RES100mN3342400E4387300;1.000000;3.4351;karte;https://www.umweltkarten-niedersachsen.de/Download_OE/HWSchutz/HWRMRL_Z2_Risikogebiete_HQextrem.zip;https://www.umweltkarten-niedersachsen.de/Download_OE/HWSchutz/HWRMRL_Z2_Wassertiefen_HQextrem.zip;2026-09-17
Hitzacker;HQextrem;CRS3035RES100mN3342400E4387400;1.000000;3.9491;karte;https://www.umweltkarten-niedersachsen.de/Download_OE/HWSchutz/HWRMRL_Z2_Risikogebiete_HQextrem.zip;https://www.umweltkarten-niedersachsen.de/Download_OE/HWSchutz/HWRMRL_Z2_Wassertiefen_HQextrem.zip;2026-09-17
Hitzacker;HQextrem;CRS3035RES100mN3342400E4387500;1.000000;4.0000;karte;https://www.umweltkarten-niedersachsen.de/Download_OE/HWSchutz/HWRMRL_Z2_Risikogebiete_HQextrem.zip;https://www.umweltkarten-niedersachsen.de/Download_OE/HWSchutz/HWRMRL_Z2_Wassertiefen_HQextrem.zip;2026-09-17
Hitzacker;HQextrem;CRS3035RES100mN3342400E4387600;1.000000;4.0000;karte;https://www.umweltkarten-niedersachsen.de/Download_OE/HWSchutz/HWRMRL_Z2_Risikogebiete_HQextrem.zip;https://www.umweltkarten-niedersachsen.de/Download_OE/HWSchutz/HWRMRL_Z2_Wassertiefen_HQextrem.zip;2026-09-17
Hitzacker;HQextrem;CRS3035RES100mN3342400E4387700;1.000000;4.0000;karte;https://www.umweltkarten-niedersachsen.de/Download_OE/HWSchutz/HWRMRL_Z2_Risikogebiete_HQextrem.zip;https://www.umweltkarten-niedersachsen.de/Download_OE/HWSchutz/HWRMRL_Z2_Wassertiefen_HQextrem.zip;2026-09-17
Hitzacker;HQextrem;CRS3035RES100mN3342500E4386500;0.052667;2.2418;karte;https://www.umweltkarten-niedersachsen.de/Download_OE/HWSchutz/HWRMRL_Z2_Risikogebiete_HQextrem.zip;https://www.umweltkarten-niedersachsen.de/Download_OE/HWSchutz/HWRMRL_Z2_Wassertiefen_HQextrem.zip;2026-09-17
Hitzacker;HQextrem;CRS3035RES100mN3342500E4386600;0.961707;3.7778;karte;https://www.umweltkarten-niedersachsen.de/Download_OE/HWSchutz/HWRMRL_Z2_Risikogebiete_HQextrem.zip;https://www.umweltkarten-niedersachsen.de/Download_OE/HWSchutz/HWRMRL_Z2_Wassertiefen_HQextrem.zip;2026-09-17
Hitzacker;HQextrem;CRS3035RES100mN3342500E4386700;1.000000;4.0000;karte;https://www.umweltkarten-niedersachsen.de/Download_OE/HWSchutz/HWRMRL_Z2_Risikogebiete_HQextrem.zip;https://www.umweltkarten-niedersachsen.de/Download_OE/HWSchutz/HWRMRL_Z2_Wassertiefen_HQextrem.zip;2026-09-17
Hitzacker;HQextrem;CRS3035RES100mN3342500E4386800;1.000000;3.8105;karte;https://www.umweltkarten-niedersachsen.de/Download_OE/HWSchutz/HWRMRL_Z2_Risikogebiete_HQextrem.zip;https://www.umweltkarten-niedersachsen.de/Download_OE/HWSchutz/HWRMRL_Z2_Wassertiefen_HQextrem.zip;2026-09-17
Hitzacker;HQextrem;CRS3035RES100mN3342500E4386900;1.000000;3.5854;karte;https://www.umweltkarten-niedersachsen.de/Download_OE/HWSchutz/HWRMRL_Z2_Risikogebiete_HQextrem.zip;https://www.umweltkarten-niedersachsen.de/Download_OE/HWSchutz/HWRMRL_Z2_Wassertiefen_HQextrem.zip;2026-09-17
Hitzacker;HQextrem;CRS3035RES100mN3342500E4387000;1.000000;3.9527;karte;https://www.umweltkarten-niedersachsen.de/Download_OE/HWSchutz/HWRMRL_Z2_Risikogebiete_HQextrem.zip;https://www.umweltkarten-niedersachsen.de/Download_OE/HWSchutz/HWRMRL_Z2_Wassertiefen_HQextrem.zip;2026-09-17
Hitzacker;HQextrem;CRS3035RES100mN3342500E4387100;1.000000;3.6941;karte;https://www.umweltkarten-niedersachsen.de/Download_OE/HWSchutz/HWRMRL_Z2_Risikogebiete_HQextrem.zip;https://www.umweltkarten-niedersachsen.de/Download_OE/HWSchutz/HWRMRL_Z2_Wassertiefen_HQextrem.zip;2026-09-17
Hitzacker;HQextrem;CRS3035RES100mN3342500E4387200;1.000000;4.0000;karte;https://www.umweltkarten-niedersachsen.de/Download_OE/HWSchutz/HWRMRL_Z2_Risikogebiete_HQextrem.zip;https://www.umweltkarten-niedersachsen.de/Download_OE/HWSchutz/HWRMRL_Z2_Wassertiefen_HQextrem.zip;2026-09-17
Hitzacker;HQextrem;CRS3035RES100mN3342500E4387300;1.000000;4.0000;karte;https://www.umweltkarten-niedersachsen.de/Download_OE/HWSchutz/HWRMRL_Z2_Risikogebiete_HQextrem.zip;https://www.umweltkarten-niedersachsen.de/Download_OE/HWSchutz/HWRMRL_Z2_Wassertiefen_HQextrem.zip;2026-09-17
Hitzacker;HQextrem;CRS3035RES100mN3342500E4387400;1.000000;4.0000;karte;https://www.umweltkarten-niedersachsen.de/Download_OE/HWSchutz/HWRMRL_Z2_Risikogebiete_HQextrem.zip;https://www.umweltkarten-niedersachsen.de/Download_OE/HWSchutz/HWRMRL_Z2_Wassertiefen_HQextrem.zip;2026-09-17
Hitzacker;HQextrem;CRS3035RES100mN3342500E4387500;1.000000;4.0000;karte;https://www.umweltkarten-niedersachsen.de/Download_OE/HWSchutz/HWRMRL_Z2_Risikogebiete_HQextrem.zip;https://www.umweltkarten-niedersachsen.de/Download_OE/HWSchutz/HWRMRL_Z2_Wassertiefen_HQextrem.zip;2026-09-17
Hitzacker;HQextrem;CRS3035RES100mN3342600E4386500;0.515123;2.6409;karte;https://www.umweltkarten-niedersachsen.de/Download_OE/HWSchutz/HWRMRL_Z2_Risikogebiete_HQextrem.zip;https://www.umweltkarten-niedersachsen.de/Download_OE/HWSchutz/HWRMRL_Z2_Wassertiefen_HQextrem.zip;2026-09-17
Hitzacker;HQextrem;CRS3035RES100mN3342600E4386600;1.000000;4.0000;karte;https://www.umweltkarten-niedersachsen.de/Download_OE/HWSchutz/HWRMRL_Z2_Risikogebiete_HQextrem.zip;https://www.umweltkarten-niedersachsen.de/Download_OE/HWSchutz/HWRMRL_Z2_Wassertiefen_HQextrem.zip;2026-09-17
Hitzacker;HQextrem;CRS3035RES100mN3342600E4386700;1.000000;4.0000;karte;https://www.umweltkarten-niedersachsen.de/Download_OE/HWSchutz/HWRMRL_Z2_Risikogebiete_HQextrem.zip;https://www.umweltkarten-niedersachsen.de/Download_OE/HWSchutz/HWRMRL_Z2_Wassertiefen_HQextrem.zip;2026-09-17
Hitzacker;HQextrem;CRS3035RES100mN3342600E4386800;1.000000;3.9049;karte;https://www.umweltkarten-niedersachsen.de/Download_OE/HWSchutz/HWRMRL_Z2_Risikogebiete_HQextrem.zip;https://www.umweltkarten-niedersachsen.de/Download_OE/HWSchutz/HWRMRL_Z2_Wassertiefen_HQextrem.zip;2026-09-17
Hitzacker;HQextrem;CRS3035RES100mN3342600E4386900;1.000000;3.7349;karte;https://www.umweltkarten-niedersachsen.de/Download_OE/HWSchutz/HWRMRL_Z2_Risikogebiete_HQextrem.zip;https://www.umweltkarten-niedersachsen.de/Download_OE/HWSchutz/HWRMRL_Z2_Wassertiefen_HQextrem.zip;2026-09-17
Hitzacker;HQextrem;CRS3035RES100mN3342600E4387000;1.000000;3.9979;karte;https://www.umweltkarten-niedersachsen.de/Download_OE/HWSchutz/HWRMRL_Z2_Risikogebiete_HQextrem.zip;https://www.umweltkarten-niedersachsen.de/Download_OE/HWSchutz/HWRMRL_Z2_Wassertiefen_HQextrem.zip;2026-09-17
Hitzacker;HQextrem;CRS3035RES100mN3342600E4387100;1.000000;4.0000;karte;https://www.umweltkarten-niedersachsen.de/Download_OE/HWSchutz/HWRMRL_Z2_Risikogebiete_HQextrem.zip;https://www.umweltkarten-niedersachsen.de/Download_OE/HWSchutz/HWRMRL_Z2_Wassertiefen_HQextrem.zip;2026-09-17
Hitzacker;HQextrem;CRS3035RES100mN3342600E4387200;1.000000;4.0000;karte;https://www.umweltkarten-niedersachsen.de/Download_OE/HWSchutz/HWRMRL_Z2_Risikogebiete_HQextrem.zip;https://www.umweltkarten-niedersachsen.de/Download_OE/HWSchutz/HWRMRL_Z2_Wassertiefen_HQextrem.zip;2026-09-17
Hitzacker;HQextrem;CRS3035RES100mN3342600E4387300;1.000000;4.0000;karte;https://www.umweltkarten-niedersachsen.de/Download_OE/HWSchutz/HWRMRL_Z2_Risikogebiete_HQextrem.zip;https://www.umweltkarten-niedersachsen.de/Download_OE/HWSchutz/HWRMRL_Z2_Wassertiefen_HQextrem.zip;2026-09-17
Hitzacker;HQextrem;CRS3035RES100mN3342700E4386500;0.818733;3.4621;karte;https://www.umweltkarten-niedersachsen.de/Download_OE/HWSchutz/HWRMRL_Z2_Risikogebiete_HQextrem.zip;https://www.umweltkarten-niedersachsen.de/Download_OE/HWSchutz/HWRMRL_Z2_Wassertiefen_HQextrem.zip;2026-09-17
Hitzacker;HQextrem;CRS3035RES100mN3342700E4386600;1.000000;4.0000;karte;https://www.umweltkarten-niedersachsen.de/Download_OE/HWSchutz/HWRMRL_Z2_Risikogebiete_HQextrem.zip;https://www.umweltkarten-niedersachsen.de/Download_OE/HWSchutz/HWRMRL_Z2_Wassertiefen_HQextrem.zip;2026-09-17
Hitzacker;HQextrem;CRS3035RES100mN3342700E4386700;1.000000;4.0000;karte;https://www.umweltkarten-niedersachsen.de/Download_OE/HWSchutz/HWRMRL_Z2_Risikogebiete_HQextrem.zip;https://www.umweltkarten-niedersachsen.de/Download_OE/HWSchutz/HWRMRL_Z2_Wassertiefen_HQextrem.zip;2026-09-17
Hitzacker;HQextrem;CRS3035RES100mN3342700E4386800;1.000000;3.7618;karte;https://www.umweltkarten-niedersachsen.de/Download_OE/HWSchutz/HWRMRL_Z2_Risikogebiete_HQextrem.zip;https://www.umweltkarten-niedersachsen.de/Download_OE/HWSchutz/HWRMRL_Z2_Wassertiefen_HQextrem.zip;2026-09-17
Hitzacker;HQextrem;CRS3035RES100mN3342700E4386900;1.000000;3.7958;karte;https://www.umweltkarten-niedersachsen.de/Download_OE/HWSchutz/HWRMRL_Z2_Risikogebiete_HQextrem.zip;https://www.umweltkarten-niedersachsen.de/Download_OE/HWSchutz/HWRMRL_Z2_Wassertiefen_HQextrem.zip;2026-09-17
Hitzacker;HQextrem;CRS3035RES100mN3342700E4387000;1.000000;4.0000;karte;https://www.umweltkarten-niedersachsen.de/Download_OE/HWSchutz/HWRMRL_Z2_Risikogebiete_HQextrem.zip;https://www.umweltkarten-niedersachsen.de/Download_OE/HWSchutz/HWRMRL_Z2_Wassertiefen_HQextrem.zip;2026-09-17
Hitzacker;HQextrem;CRS3035RES100mN3342700E4387100;1.000000;4.0000;karte;https://www.umweltkarten-niedersachsen.de/Download_OE/HWSchutz/HWRMRL_Z2_Risikogebiete_HQextrem.zip;https://www.umweltkarten-niedersachsen.de/Download_OE/HWSchutz/HWRMRL_Z2_Wassertiefen_HQextrem.zip;2026-09-17
Hitzacker;HQextrem;CRS3035RES100mN3342800E4386400;0.365790;0.7558;karte;https://www.umweltkarten-niedersachsen.de/Download_OE/HWSchutz/HWRMRL_Z2_Risikogebiete_HQextrem.zip;https://www.umweltkarten-niedersachsen.de/Download_OE/HWSchutz/HWRMRL_Z2_Wassertiefen_HQextrem.zip;2026-09-17
Hitzacker;HQextrem;CRS3035RES100mN3342800E4386500;0.999640;3.3622;karte;https://www.umweltkarten-niedersachsen.de/Download_OE/HWSchutz/HWRMRL_Z2_Risikogebiete_HQextrem.zip;https://www.umweltkarten-niedersachsen.de/Download_OE/HWSchutz/HWRMRL_Z2_Wassertiefen_HQextrem.zip;2026-09-17
Hitzacker;HQextrem;CRS3035RES100mN3342800E4386600;1.000000;4.0000;karte;https://www.umweltkarten-niedersachsen.de/Download_OE/HWSchutz/HWRMRL_Z2_Risikogebiete_HQextrem.zip;https://www.umweltkarten-niedersachsen.de/Download_OE/HWSchutz/HWRMRL_Z2_Wassertiefen_HQextrem.zip;2026-09-17
Hitzacker;HQextrem;CRS3035RES100mN3342800E4386700;1.000000;3.9494;karte;https://www.umweltkarten-niedersachsen.de/Download_OE/HWSchutz/HWRMRL_Z2_Risikogebiete_HQextrem.zip;https://www.umweltkarten-niedersachsen.de/Download_OE/HWSchutz/HWRMRL_Z2_Wassertiefen_HQextrem.zip;2026-09-17
Hitzacker;HQextrem;CRS3035RES100mN3342800E4386800;1.000000;4.0000;karte;https://www.umweltkarten-niedersachsen.de/Download_OE/HWSchutz/HWRMRL_Z2_Risikogebiete_HQextrem.zip;https://www.umweltkarten-niedersachsen.de/Download_OE/HWSchutz/HWRMRL_Z2_Wassertiefen_HQextrem.zip;2026-09-17
Hitzacker;HQextrem;CRS3035RES100mN3342800E4386900;1.000000;4.0000;karte;https://www.umweltkarten-niedersachsen.de/Download_OE/HWSchutz/HWRMRL_Z2_Risikogebiete_HQextrem.zip;https://www.umweltkarten-niedersachsen.de/Download_OE/HWSchutz/HWRMRL_Z2_Wassertiefen_HQextrem.zip;2026-09-17
Hitzacker;HQextrem;CRS3035RES100mN3342800E4387000;1.000000;4.0000;karte;https://www.umweltkarten-niedersachsen.de/Download_OE/HWSchutz/HWRMRL_Z2_Risikogebiete_HQextrem.zip;https://www.umweltkarten-niedersachsen.de/Download_OE/HWSchutz/HWRMRL_Z2_Wassertiefen_HQextrem.zip;2026-09-17
Hitzacker;HQextrem;CRS3035RES100mN3342900E4386400;0.297052;2.8689;karte;https://www.umweltkarten-niedersachsen.de/Download_OE/HWSchutz/HWRMRL_Z2_Risikogebiete_HQextrem.zip;https://www.umweltkarten-niedersachsen.de/Download_OE/HWSchutz/HWRMRL_Z2_Wassertiefen_HQextrem.zip;2026-09-17
Hitzacker;HQextrem;CRS3035RES100mN3342900E4386500;1.000000;3.9508;karte;https://www.umweltkarten-niedersachsen.de/Download_OE/HWSchutz/HWRMRL_Z2_Risikogebiete_HQextrem.zip;https://www.umweltkarten-niedersachsen.de/Download_OE/HWSchutz/HWRMRL_Z2_Wassertiefen_HQextrem.zip;2026-09-17
Hitzacker;HQextrem;CRS3035RES100mN3342900E4386600;1.000000;4.0000;karte;https://www.umweltkarten-niedersachsen.de/Download_OE/HWSchutz/HWRMRL_Z2_Risikogebiete_HQextrem.zip;https://www.umweltkarten-niedersachsen.de/Download_OE/HWSchutz/HWRMRL_Z2_Wassertiefen_HQextrem.zip;2026-09-17
Hitzacker;HQextrem;CRS3035RES100mN3342900E4386700;1.000000;4.0000;karte;https://www.umweltkarten-niedersachsen.de/Download_OE/HWSchutz/HWRMRL_Z2_Risikogebiete_HQextrem.zip;https://www.umweltkarten-niedersachsen.de/Download_OE/HWSchutz/HWRMRL_Z2_Wassertiefen_HQextrem.zip;2026-09-17
Hitzacker;HQextrem;CRS3035RES100mN3342900E4386800;1.000000;4.0000;karte;https://www.umweltkarten-niedersachsen.de/Download_OE/HWSchutz/HWRMRL_Z2_Risikogebiete_HQextrem.zip;https://www.umweltkarten-niedersachsen.de/Download_OE/HWSchutz/HWRMRL_Z2_Wassertiefen_HQextrem.zip;2026-09-17
Hitzacker;HQextrem;CRS3035RES100mN3343000E4386300;0.149278;3.3351;karte;https://www.umweltkarten-niedersachsen.de/Download_OE/HWSchutz/HWRMRL_Z2_Risikogebiete_HQextrem.zip;https://www.umweltkarten-niedersachsen.de/Download_OE/HWSchutz/HWRMRL_Z2_Wassertiefen_HQextrem.zip;2026-09-17
Hitzacker;HQextrem;CRS3035RES100mN3343000E4386400;0.916896;3.8900;karte;https://www.umweltkarten-niedersachsen.de/Download_OE/HWSchutz/HWRMRL_Z2_Risikogebiete_HQextrem.zip;https://www.umweltkarten-niedersachsen.de/Download_OE/HWSchutz/HWRMRL_Z2_Wassertiefen_HQextrem.zip;2026-09-17
Hitzacker;HQextrem;CRS3035RES100mN3343000E4386500;1.000000;4.0000;karte;https://www.umweltkarten-niedersachsen.de/Download_OE/HWSchutz/HWRMRL_Z2_Risikogebiete_HQextrem.zip;https://www.umweltkarten-niedersachsen.de/Download_OE/HWSchutz/HWRMRL_Z2_Wassertiefen_HQextrem.zip;2026-09-17
Hitzacker;HQextrem;CRS3035RES100mN3343000E4386600;1.000000;4.0000;karte;https://www.umweltkarten-niedersachsen.de/Download_OE/HWSchutz/HWRMRL_Z2_Risikogebiete_HQextrem.zip;https://www.umweltkarten-niedersachsen.de/Download_OE/HWSchutz/HWRMRL_Z2_Wassertiefen_HQextrem.zip;2026-09-17
Hitzacker;HQextrem;CRS3035RES100mN3343000E4386700;1.000000;4.0000;karte;https://www.umweltkarten-niedersachsen.de/Download_OE/HWSchutz/HWRMRL_Z2_Risikogebiete_HQextrem.zip;https://www.umweltkarten-niedersachsen.de/Download_OE/HWSchutz/HWRMRL_Z2_Wassertiefen_HQextrem.zip;2026-09-17
Hitzacker;HQextrem;CRS3035RES100mN3343100E4386200;0.085789;3.1320;karte;https://www.umweltkarten-niedersachsen.de/Download_OE/HWSchutz/HWRMRL_Z2_Risikogebiete_HQextrem.zip;https://www.umweltkarten-niedersachsen.de/Download_OE/HWSchutz/HWRMRL_Z2_Wassertiefen_HQextrem.zip;2026-09-17
Hitzacker;HQextrem;CRS3035RES100mN3343100E4386300;0.822215;3.9151;karte;https://www.umweltkarten-niedersachsen.de/Download_OE/HWSchutz/HWRMRL_Z2_Risikogebiete_HQextrem.zip;https://www.umweltkarten-niedersachsen.de/Download_OE/HWSchutz/HWRMRL_Z2_Wassertiefen_HQextrem.zip;2026-09-17
Hitzacker;HQextrem;CRS3035RES100mN3343100E4386400;1.000000;4.0000;karte;https://www.umweltkarten-niedersachsen.de/Download_OE/HWSchutz/HWRMRL_Z2_Risikogebiete_HQextrem.zip;https://www.umweltkarten-niedersachsen.de/Download_OE/HWSchutz/HWRMRL_Z2_Wassertiefen_HQextrem.zip;2026-09-17
Hitzacker;HQextrem;CRS3035RES100mN3343100E4386500;1.000000;4.0000;karte;https://www.umweltkarten-niedersachsen.de/Download_OE/HWSchutz/HWRMRL_Z2_Risikogebiete_HQextrem.zip;https://www.umweltkarten-niedersachsen.de/Download_OE/HWSchutz/HWRMRL_Z2_Wassertiefen_HQextrem.zip;2026-09-17
Hitzacker;HQextrem;CRS3035RES100mN3343100E4386600;1.000000;4.0000;karte;https://www.umweltkarten-niedersachsen.de/Download_OE/HWSchutz/HWRMRL_Z2_Risikogebiete_HQextrem.zip;https://www.umweltkarten-niedersachsen.de/Download_OE/HWSchutz/HWRMRL_Z2_Wassertiefen_HQextrem.zip;2026-09-17
Hitzacker;HQextrem;CRS3035RES100mN3343200E4386100;0.210107;2.6464;karte;https://www.umweltkarten-niedersachsen.de/Download_OE/HWSchutz/HWRMRL_Z2_Risikogebiete_HQextrem.zip;https://www.umweltkarten-niedersachsen.de/Download_OE/HWSchutz/HWRMRL_Z2_Wassertiefen_HQextrem.zip;2026-09-17
Hitzacker;HQextrem;CRS3035RES100mN3343200E4386200;0.866601;3.7901;karte;https://www.umweltkarten-niedersachsen.de/Download_OE/HWSchutz/HWRMRL_Z2_Risikogebiete_HQextrem.zip;https://www.umweltkarten-niedersachsen.de/Download_OE/HWSchutz/HWRMRL_Z2_Wassertiefen_HQextrem.zip;2026-09-17
Hitzacker;HQextrem;CRS3035RES100mN3343200E4386300;1.000000;4.0000;karte;https://www.umweltkarten-niedersachsen.de/Download_OE/HWSchutz/HWRMRL_Z2_Risikogebiete_HQextrem.zip;https://www.umweltkarten-niedersachsen.de/Download_OE/HWSchutz/HWRMRL_Z2_Wassertiefen_HQextrem.zip;2026-09-17
Hitzacker;HQextrem;CRS3035RES100mN3343200E4386400;1.000000;4.0000;karte;https://www.umweltkarten-niedersachsen.de/Download_OE/HWSchutz/HWRMRL_Z2_Risikogebiete_HQextrem.zip;https://www.umweltkarten-niedersachsen.de/Download_OE/HWSchutz/HWRMRL_Z2_Wassertiefen_HQextrem.zip;2026-09-17
Hitzacker;HQextrem;CRS3035RES100mN3343200E4386500;1.000000;4.0000;karte;https://www.umweltkarten-niedersachsen.de/Download_OE/HWSchutz/HWRMRL_Z2_Risikogebiete_HQextrem.zip;https://www.umweltkarten-niedersachsen.de/Download_OE/HWSchutz/HWRMRL_Z2_Wassertiefen_HQextrem.zip;2026-09-17
Hitzacker;HQextrem;CRS3035RES100mN3343300E4386000;0.245171;3.0471;karte;https://www.umweltkarten-niedersachsen.de/Download_OE/HWSchutz/HWRMRL_Z2_Risikogebiete_HQextrem.zip;https://www.umweltkarten-niedersachsen.de/Download_OE/HWSchutz/HWRMRL_Z2_Wassertiefen_HQextrem.zip;2026-09-17
Hitzacker;HQextrem;CRS3035RES100mN3343300E4386100;0.929711;3.6237;karte;https://www.umweltkarten-niedersachsen.de/Download_OE/HWSchutz/HWRMRL_Z2_Risikogebiete_HQextrem.zip;https://www.umweltkarten-niedersachsen.de/Download_OE/HWSchutz/HWRMRL_Z2_Wassertiefen_HQextrem.zip;2026-09-17
Hitzacker;HQextrem;CRS3035RES100mN3343300E4386200;1.000000;4.0000;karte;https://www.umweltkarten-niedersachsen.de/Download_OE/HWSchutz/HWRMRL_Z2_Risikogebiete_HQextrem.zip;https://www.umweltkarten-niedersachsen.de/Download_OE/HWSchutz/HWRMRL_Z2_Wassertiefen_HQextrem.zip;2026-09-17
Hitzacker;HQextrem;CRS3035RES100mN3343300E4386300;1.000000;4.0000;karte;https://www.umweltkarten-niedersachsen.de/Download_OE/HWSchutz/HWRMRL_Z2_Risikogebiete_HQextrem.zip;https://www.umweltkarten-niedersachsen.de/Download_OE/HWSchutz/HWRMRL_Z2_Wassertiefen_HQextrem.zip;2026-09-17
Hitzacker;HQextrem;CRS3035RES100mN3343300E4386400;1.000000;4.0000;karte;https://www.umweltkarten-niedersachsen.de/Download_OE/HWSchutz/HWRMRL_Z2_Risikogebiete_HQextrem.zip;https://www.umweltkarten-niedersachsen.de/Download_OE/HWSchutz/HWRMRL_Z2_Wassertiefen_HQextrem.zip;2026-09-17
Hitzacker;HQextrem;CRS3035RES100mN3343400E4385800;0.015980;3.0000;karte;https://www.umweltkarten-niedersachsen.de/Download_OE/HWSchutz/HWRMRL_Z2_Risikogebiete_HQextrem.zip;https://www.umweltkarten-niedersachsen.de/Download_OE/HWSchutz/HWRMRL_Z2_Wassertiefen_HQextrem.zip;2026-09-17
Hitzacker;HQextrem;CRS3035RES100mN3343400E4385900;0.380702;3.6306;karte;https://www.umweltkarten-niedersachsen.de/Download_OE/HWSchutz/HWRMRL_Z2_Risikogebiete_HQextrem.zip;https://www.umweltkarten-niedersachsen.de/Download_OE/HWSchutz/HWRMRL_Z2_Wassertiefen_HQextrem.zip;2026-09-17
Hitzacker;HQextrem;CRS3035RES100mN3343400E4386000;0.974958;3.8723;karte;https://www.umweltkarten-niedersachsen.de/Download_OE/HWSchutz/HWRMRL_Z2_Risikogebiete_HQextrem.zip;https://www.umweltkarten-niedersachsen.de/Download_OE/HWSchutz/HWRMRL_Z2_Wassertiefen_HQextrem.zip;2026-09-17
Hitzacker;HQextrem;CRS3035RES100mN3343400E4386100;1.000000;4.0000;karte;https://www.umweltkarten-niedersachsen.de/Download_OE/HWSchutz/HWRMRL_Z2_Risikogebiete_HQextrem.zip;https://www.umweltkarten-niedersachsen.de/Download_OE/HWSchutz/HWRMRL_Z2_Wassertiefen_HQextrem.zip;2026-09-17
Hitzacker;HQextrem;CRS3035RES100mN3343400E4386200;1.000000;4.0000;karte;https://www.umweltkarten-niedersachsen.de/Download_OE/HWSchutz/HWRMRL_Z2_Risikogebiete_HQextrem.zip;https://www.umweltkarten-niedersachsen.de/Download_OE/HWSchutz/HWRMRL_Z2_Wassertiefen_HQextrem.zip;2026-09-17
Hitzacker;HQextrem;CRS3035RES100mN3343500E4385800;0.813288;3.8637;karte;https://www.umweltkarten-niedersachsen.de/Download_OE/HWSchutz/HWRMRL_Z2_Risikogebiete_HQextrem.zip;https://www.umweltkarten-niedersachsen.de/Download_OE/HWSchutz/HWRMRL_Z2_Wassertiefen_HQextrem.zip;2026-09-17
Hitzacker;HQextrem;CRS3035RES100mN3343500E4385900;0.999970;3.9943;karte;https://www.umweltkarten-niedersachsen.de/Download_OE/HWSchutz/HWRMRL_Z2_Risikogebiete_HQextrem.zip;https://www.umweltkarten-niedersachsen.de/Download_OE/HWSchutz/HWRMRL_Z2_Wassertiefen_HQextrem.zip;2026-09-17
Hitzacker;HQextrem;CRS3035RES100mN3343500E4386000;1.000000;4.0000;karte;https://www.umweltkarten-niedersachsen.de/Download_OE/HWSchutz/HWRMRL_Z2_Risikogebiete_HQextrem.zip;https://www.umweltkarten-niedersachsen.de/Download_OE/HWSchutz/HWRMRL_Z2_Wassertiefen_HQextrem.zip;2026-09-17
Hitzacker;HQextrem;CRS3035RES100mN3343500E4386100;1.000000;4.0000;karte;https://www.umweltkarten-niedersachsen.de/Download_OE/HWSchutz/HWRMRL_Z2_Risikogebiete_HQextrem.zip;https://www.umweltkarten-niedersachsen.de/Download_OE/HWSchutz/HWRMRL_Z2_Wassertiefen_HQextrem.zip;2026-09-17
Hitzacker;HQextrem;CRS3035RES100mN3343600E4385900;1.000000;4.0000;karte;https://www.umweltkarten-niedersachsen.de/Download_OE/HWSchutz/HWRMRL_Z2_Risikogebiete_HQextrem.zip;https://www.umweltkarten-niedersachsen.de/Download_OE/HWSchutz/HWRMRL_Z2_Wassertiefen_HQextrem.zip;2026-09-17
Hitzacker;HQextrem;CRS3035RES100mN3343600E4386000;1.000000;4.0000;karte;https://www.umweltkarten-niedersachsen.de/Download_OE/HWSchutz/HWRMRL_Z2_Risikogebiete_HQextrem.zip;https://www.umweltkarten-niedersachsen.de/Download_OE/HWSchutz/HWRMRL_Z2_Wassertiefen_HQextrem.zip;2026-09-17
