schluessel,ebene,insgesamt,g60_66,ab67
01001000,gemeinde,95015,7872,17089
01002000,gemeinde,249132,20353,42751
01003000,gemeinde,215958,19967,45423
01004000,gemeinde,79625,7550,16328
01051001,gemeinde,3717,366,817
01051002,gemeinde,227,18,31
01051003,gemeinde,568,91,94
01051004,gemeinde,920,92,208
01051005,gemeinde,177,19,49
01051006,gemeinde,763,88,137
01051008,gemeinde,35,3,10
01051010,gemeinde,191,11,36
01051011,gemeinde,12573,1423,2970
01051012,gemeinde,1001,100,192
01051013,gemeinde,4911,612,1915
01051014,gemeinde,343,45,140
01051015,gemeinde,771,83,189
01051016,gemeinde,4150,458,1155
01051017,gemeinde,308,34,56
01051019,gemeinde,718,80,159
01051020,gemeinde,760,106,189
01051021,gemeinde,675,84,104
01051022,gemeinde,648,81,111
01051023,gemeinde,637,62,125
01051024,gemeinde,1330,132,235
01051026,gemeinde,761,82,158
01051027,gemeinde,851,72,162
01051028,gemeinde,766,74,133
01051030,gemeinde,265,31,47
01051032,gemeinde,337,38,74
01051033,gemeinde,52,8,3
01051034,gemeinde,2403,307,680
01051035,gemeinde,175,21,33
01051036,gemeinde,107,12,30
01051037,gemeinde,482,49,100
01051038,gemeinde,90,5,22
01051039,gemeinde,428,52,71
01051043,gemeinde,218,19,30
01051044,gemeinde,21487,2036,4660
01051045,gemeinde,164,9,27
01051046,gemeinde,800,97,161
01051047,gemeinde,499,41,96
01051048,gemeinde,2860,309,575
01051049,gemeinde,2071,209,512
01051050,gemeinde,57,9,17
01051051,gemeinde,1124,133,238
01051052,gemeinde,64,7,15
01051053,gemeinde,304,35,63
01051054,gemeinde,106,7,15
01051057,gemeinde,356,36,43
01051058,gemeinde,132,16,27
01051060,gemeinde,413,56,103
01051061,gemeinde,600,65,130
01051062,gemeinde,833,98,152
01051063,gemeinde,496,62,118
01051064,gemeinde,622,78,113
01051065,gemeinde,1092,117,282
01051067,gemeinde,381,41,144
01051068,gemeinde,874,74,165
01051069,gemeinde,2040,208,511
01051071,gemeinde,1727,180,391
01051072,gemeinde,5766,589,1427
01051073,gemeinde,395,44,79
01051074,gemeinde,7180,873,1738
01051075,gemeinde,934,107,159
01051076,gemeinde,613,78,107
01051077,gemeinde,116,9,34
01051078,gemeinde,1095,124,217
01051079,gemeinde,434,52,78
01051080,gemeinde,131,23,19
01051081,gemeinde,262,34,53
01051082,gemeinde,2803,268,554
01051083,gemeinde,325,31,59
01051084,gemeinde,310,28,50
01051085,gemeinde,263,41,50
01051086,gemeinde,412,64,74
01051087,gemeinde,867,121,208
01051088,gemeinde,1171,104,234
01051089,gemeinde,188,32,36
01051090,gemeinde,160,25,19
01051092,gemeinde,539,54,110
01051093,gemeinde,389,47,62
01051096,gemeinde,311,43,64
01051097,gemeinde,3539,391,877
01051098,gemeinde,707,79,147
01051099,gemeinde,1280,134,267
01051100,gemeinde,578,72,115
01051102,gemeinde,243,21,58
01051103,gemeinde,174,16,38
01051104,gemeinde,74,15,16
01051105,gemeinde,369,42,78
01051107,gemeinde,460,56,115
01051108,gemeinde,95,5,27
01051109,gemeinde,435,54,89
01051110,gemeinde,771,72,132
01051113,gemeinde,1165,136,212
01051114,gemeinde,2673,268,600
01051117,gemeinde,156,31,43
01051118,gemeinde,229,35,50
01051119,gemeinde,328,30,67
01051120,gemeinde,33,10,8
01051121,gemeinde,226,33,66
01051122,gemeinde,2371,279,439
01051125,gemeinde,406,52,83
01051126,gemeinde,103,12,18
01051127,gemeinde,3346,341,755
01051128,gemeinde,107,18,22
01051129,gemeinde,165,15,39
01051130,gemeinde,1368,176,293
01051131,gemeinde,117,8,23
01051132,gemeinde,797,91,228
01051133,gemeinde,152,22,28
01051134,gemeinde,773,76,143
01051135,gemeinde,318,42,72
01051136,gemeinde,741,87,145
01051137,gemeinde,589,63,107
01051138,gemeinde,647,68,120
01051139,gemeinde,362,37,75
01051140,gemeinde,241,19,54
01051141,gemeinde,548,62,116
01053001,gemeinde,74,7,16
01053002,gemeinde,851,102,132
01053003,gemeinde,3200,295,948
01053004,gemeinde,919,82,189
01053005,gemeinde,225,25,59
01053006,gemeinde,633,79,161
01053007,gemeinde,437,39,98
01053008,gemeinde,405,42,68
01053009,gemeinde,2171,215,387
01053010,gemeinde,92,6,17
01053011,gemeinde,631,80,106
01053012,gemeinde,4773,428,922
01053013,gemeinde,315,35,49
01053014,gemeinde,2099,206,334
01053015,gemeinde,330,26,55
01053016,gemeinde,156,16,38
01053017,gemeinde,783,63,93
01053018,gemeinde,252,24,63
01053019,gemeinde,147,26,40
01053020,gemeinde,6366,641,1292
01053021,gemeinde,157,20,23
01053022,gemeinde,354,35,73
01053023,gemeinde,3465,382,717
01053024,gemeinde,154,19,28
01053025,gemeinde,554,50,94
01053026,gemeinde,447,38,101
01053027,gemeinde,881,67,118
01053028,gemeinde,3496,357,467
01053029,gemeinde,386,56,74
01053030,gemeinde,47,4,10
01053031,gemeinde,389,39,73
01053032,gemeinde,32343,3015,6461
01053033,gemeinde,175,24,34
01053034,gemeinde,231,15,46
01053035,gemeinde,61,13,13
01053036,gemeinde,363,35,65
01053037,gemeinde,534,56,90
01053038,gemeinde,288,30,137
01053039,gemeinde,213,25,45
01053040,gemeinde,84,14,10
01053041,gemeinde,3764,318,961
01053042,gemeinde,175,19,22
01053043,gemeinde,1052,90,183
01053044,gemeinde,572,57,106
01053045,gemeinde,263,39,42
01053046,gemeinde,1745,207,316
01053047,gemeinde,1368,133,239
01053048,gemeinde,1296,167,294
01053049,gemeinde,505,56,111
01053050,gemeinde,883,104,141
01053051,gemeinde,314,25,56
01053052,gemeinde,194,20,25
01053053,gemeinde,537,43,107
01053054,gemeinde,472,50,84
01053056,gemeinde,226,30,32
01053057,gemeinde,277,42,47
01053058,gemeinde,183,16,44
01053059,gemeinde,231,27,45
01053060,gemeinde,578,58,124
01053061,gemeinde,1165,112,154
01053062,gemeinde,299,22,47
01053064,gemeinde,679,83,119
01053066,gemeinde,247,34,47
01053067,gemeinde,597,73,89
01053068,gemeinde,614,61,95
01053069,gemeinde,791,93,123
01053070,gemeinde,301,43,44
01053071,gemeinde,622,80,102
01053072,gemeinde,1423,136,265
01053073,gemeinde,358,45,56
01053074,gemeinde,162,19,20
01053075,gemeinde,1629,174,373
01053076,gemeinde,1707,159,325
01053077,gemeinde,358,49,55
01053078,gemeinde,210,46,36
01053079,gemeinde,882,83,133
01053080,gemeinde,173,26,29
01053081,gemeinde,462,52,107
01053082,gemeinde,268,32,67
01053083,gemeinde,11395,1127,2378
01053084,gemeinde,591,83,106
01053085,gemeinde,1222,115,205
01053086,gemeinde,307,32,42
01053087,gemeinde,696,82,130
01053088,gemeinde,141,14,30
01053089,gemeinde,554,49,100
01053090,gemeinde,19392,2065,4747
01053091,gemeinde,206,23,28
01053092,gemeinde,1233,105,205
01053093,gemeinde,732,86,162
01053094,gemeinde,193,31,41
01053095,gemeinde,697,58,104
01053096,gemeinde,1176,130,150
01053097,gemeinde,651,91,127
01053098,gemeinde,510,57,70
01053099,gemeinde,363,40,83
01053100,gemeinde,14873,1446,3608
01053101,gemeinde,307,34,56
01053102,gemeinde,49,12,15
01053103,gemeinde,794,85,134
01053104,gemeinde,544,67,104
01053106,gemeinde,460,32,91
01053107,gemeinde,693,73,165
01053108,gemeinde,1886,172,299
01053109,gemeinde,681,58,95
01053110,gemeinde,572,69,124
01053111,gemeinde,912,93,189
01053112,gemeinde,1449,153,180
01053113,gemeinde,512,60,97
01053114,gemeinde,158,15,43
01053115,gemeinde,452,51,80
01053116,gemeinde,16889,1450,2830
01053117,gemeinde,595,81,163
01053118,gemeinde,607,56,107
01053119,gemeinde,269,39,51
01053120,gemeinde,441,29,79
01053121,gemeinde,333,41,56
01053122,gemeinde,564,64,84
01053123,gemeinde,927,119,168
01053124,gemeinde,381,55,60
01053125,gemeinde,543,56,107
01053126,gemeinde,323,28,64
01053127,gemeinde,209,24,30
01053128,gemeinde,210,25,41
01053129,gemeinde,13524,1217,3082
01053130,gemeinde,717,77,111
01053131,gemeinde,212,22,31
01053132,gemeinde,917,94,224
01053133,gemeinde,2579,253,611
01053134,gemeinde,350,32,49
01053135,gemeinde,170,22,45
01053136,gemeinde,1157,114,219
01054001,gemeinde,1534,162,279
01054002,gemeinde,532,50,118
01054003,gemeinde,524,55,92
01054004,gemeinde,224,23,49
01054005,gemeinde,392,46,88
01054006,gemeinde,544,67,110
01054007,gemeinde,341,40,73
01054009,gemeinde,406,54,116
01054010,gemeinde,664,72,129
01054011,gemeinde,551,59,78
01054012,gemeinde,767,89,154
01054013,gemeinde,186,13,27
01054014,gemeinde,2073,208,423
01054015,gemeinde,305,34,55
01054016,gemeinde,260,25,41
01054017,gemeinde,662,74,141
01054018,gemeinde,212,23,40
01054019,gemeinde,5608,589,1396
01054020,gemeinde,2385,273,489
01054022,gemeinde,918,128,280
01054023,gemeinde,651,85,148
01054024,gemeinde,1278,131,200
01054025,gemeinde,77,9,21
01054026,gemeinde,63,4,11
01054027,gemeinde,105,8,16
01054032,gemeinde,85,14,31
01054033,gemeinde,2614,262,780
01054034,gemeinde,169,17,28
01054035,gemeinde,326,50,43
01054036,gemeinde,2771,354,681
01054037,gemeinde,374,21,63
01054038,gemeinde,414,37,73
01054039,gemeinde,,,
01054040,gemeinde,25,0,4
01054041,gemeinde,920,91,154
01054042,gemeinde,2605,244,541
01054043,gemeinde,297,43,49
01054045,gemeinde,470,36,78
01054046,gemeinde,854,81,158
01054048,gemeinde,93,8,8
01054050,gemeinde,100,16,20
01054052,gemeinde,825,62,124
01054054,gemeinde,176,31,43
01054055,gemeinde,756,95,162
01054056,gemeinde,23628,2486,5704
01054057,gemeinde,671,61,109
01054059,gemeinde,819,75,132
01054061,gemeinde,533,66,141
01054062,gemeinde,214,26,35
01054063,gemeinde,157,16,47
01054065,gemeinde,1059,116,245
01054068,gemeinde,1058,95,189
01054070,gemeinde,935,105,177
01054071,gemeinde,75,8,12
01054072,gemeinde,188,24,37
01054073,gemeinde,1405,164,293
01054074,gemeinde,136,12,42
01054075,gemeinde,3330,361,683
01054076,gemeinde,7832,855,1711
01054077,gemeinde,55,5,8
01054078,gemeinde,1404,119,246
01054079,gemeinde,705,54,111
01054080,gemeinde,349,37,47
01054083,gemeinde,467,55,84
01054084,gemeinde,3993,423,862
01054085,gemeinde,921,95,188
01054086,gemeinde,1129,150,225
01054087,gemeinde,582,50,161
01054088,gemeinde,10163,1044,2158
01054089,gemeinde,571,59,104
01054090,gemeinde,54,0,9
01054091,gemeinde,2258,316,718
01054092,gemeinde,391,49,65
01054093,gemeinde,310,49,93
01054094,gemeinde,454,60,81
01054095,gemeinde,1237,136,238
01054096,gemeinde,754,76,105
01054097,gemeinde,463,45,64
01054098,gemeinde,561,57,117
01054099,gemeinde,1553,154,345
01054100,gemeinde,223,20,55
01054101,gemeinde,665,53,142
01054103,gemeinde,1231,169,319
01054104,gemeinde,236,19,53
01054105,gemeinde,432,49,101
01054106,gemeinde,1953,189,303
01054108,gemeinde,311,35,60
01054109,gemeinde,3912,398,728
01054110,gemeinde,413,68,73
01054113,gemeinde,3809,426,1168
01054116,gemeinde,1340,143,341
01054118,gemeinde,937,79,180
01054119,gemeinde,611,68,124
01054120,gemeinde,837,80,190
01054121,gemeinde,296,32,32
01054123,gemeinde,285,32,42
01054124,gemeinde,267,35,35
01054125,gemeinde,915,103,177
01054126,gemeinde,876,104,153
01054128,gemeinde,1029,123,226
01054129,gemeinde,178,21,26
01054130,gemeinde,23,0,3
01054131,gemeinde,2373,256,556
01054132,gemeinde,142,13,25
01054134,gemeinde,999,99,256
01054135,gemeinde,645,76,220
01054136,gemeinde,238,25,31
01054138,gemeinde,4789,546,1191
01054140,gemeinde,106,16,20
01054141,gemeinde,303,28,62
01054142,gemeinde,358,46,71
01054143,gemeinde,412,48,110
01054144,gemeinde,2248,172,385
01054145,gemeinde,208,23,47
01054146,gemeinde,176,21,19
01054148,gemeinde,191,20,33
01054149,gemeinde,1441,135,322
01054150,gemeinde,97,12,25
01054152,gemeinde,1078,85,183
01054154,gemeinde,350,32,61
01054156,gemeinde,722,58,131
01054157,gemeinde,111,3,24
01054158,gemeinde,41,4,14
01054159,gemeinde,792,73,175
01054160,gemeinde,814,78,139
01054161,gemeinde,1027,101,225
01054162,gemeinde,458,58,114
01054163,gemeinde,561,59,125
01054164,gemeinde,4217,490,1105
01054165,gemeinde,574,58,107
01054166,gemeinde,915,142,177
01054167,gemeinde,1186,122,215
01054168,gemeinde,14579,1462,3581
01055001,gemeinde,8106,867,1540
01055002,gemeinde,1082,117,216
01055004,gemeinde,20108,2106,5617
01055006,gemeinde,580,62,103
01055007,gemeinde,3363,385,740
01055010,gemeinde,1244,167,448
01055011,gemeinde,644,71,146
01055012,gemeinde,17057,1906,4393
01055014,gemeinde,1097,119,201
01055015,gemeinde,1634,189,300
01055016,gemeinde,6895,914,2129
01055017,gemeinde,2195,278,782
01055018,gemeinde,1028,135,240
01055020,gemeinde,696,91,142
01055021,gemeinde,9503,1170,2898
01055022,gemeinde,1137,158,289
01055023,gemeinde,417,41,87
01055024,gemeinde,1448,152,290
01055025,gemeinde,1143,144,437
01055027,gemeinde,4982,534,1089
01055028,gemeinde,10763,1217,2920
01055029,gemeinde,392,33,70
01055031,gemeinde,1228,141,291
01055032,gemeinde,15269,1790,4225
01055033,gemeinde,9718,1060,2455
01055035,gemeinde,15303,1659,3415
01055036,gemeinde,969,137,181
01055037,gemeinde,2010,248,413
01055038,gemeinde,2489,272,542
01055039,gemeinde,1561,184,489
01055040,gemeinde,16386,1779,3645
01055041,gemeinde,5005,548,889
01055042,gemeinde,8390,942,2594
01055043,gemeinde,2169,252,458
01055044,gemeinde,11634,1310,3132
01055046,gemeinde,13291,1604,3322
01056001,gemeinde,4818,468,932
01056002,gemeinde,10282,1022,2256
01056003,gemeinde,580,66,105
01056004,gemeinde,839,78,139
01056005,gemeinde,4525,380,799
01056006,gemeinde,589,69,103
01056008,gemeinde,1342,127,276
01056009,gemeinde,2401,221,477
01056010,gemeinde,1685,156,271
01056011,gemeinde,385,40,57
01056013,gemeinde,4348,413,911
01056014,gemeinde,1505,158,255
01056015,gemeinde,51248,4674,9185
01056016,gemeinde,821,62,116
01056017,gemeinde,456,59,57
01056018,gemeinde,18012,1693,3886
01056019,gemeinde,1128,124,224
01056020,gemeinde,1838,168,354
01056021,gemeinde,3755,367,772
01056022,gemeinde,839,79,124
01056023,gemeinde,2730,259,440
01056024,gemeinde,2832,281,564
01056025,gemeinde,1405,147,304
01056026,gemeinde,1746,167,308
01056027,gemeinde,1449,133,271
01056028,gemeinde,3304,354,667
01056029,gemeinde,3361,355,710
01056030,gemeinde,3089,293,501
01056031,gemeinde,3400,302,639
01056032,gemeinde,2351,204,437
01056033,gemeinde,1037,100,219
01056034,gemeinde,591,65,80
01056035,gemeinde,799,90,112
01056036,gemeinde,4488,422,856
01056037,gemeinde,496,53,89
01056038,gemeinde,423,36,71
01056039,gemeinde,43925,3898,8492
01056040,gemeinde,2299,229,413
01056041,gemeinde,22372,2021,4749
01056042,gemeinde,555,57,74
01056043,gemeinde,14560,1439,3424
01056044,gemeinde,19465,1922,4087
01056045,gemeinde,928,111,170
01056046,gemeinde,938,89,127
01056047,gemeinde,2231,184,367
01056048,gemeinde,14067,1504,2776
01056049,gemeinde,18344,1948,3875
01056050,gemeinde,34420,3354,7984
01056051,gemeinde,1274,140,236
01057001,gemeinde,3097,365,720
01057002,gemeinde,168,15,33
01057003,gemeinde,565,67,104
01057004,gemeinde,640,64,196
01057005,gemeinde,385,39,56
01057006,gemeinde,201,20,30
01057007,gemeinde,1634,227,384
01057008,gemeinde,2065,242,363
01057009,gemeinde,1247,136,334
01057010,gemeinde,481,48,82
01057011,gemeinde,255,28,43
01057012,gemeinde,406,45,69
01057013,gemeinde,585,85,110
01057015,gemeinde,956,88,229
01057016,gemeinde,1128,123,254
01057017,gemeinde,255,25,82
01057018,gemeinde,128,13,24
01057020,gemeinde,530,61,91
01057021,gemeinde,997,136,220
01057022,gemeinde,1004,103,240
01057023,gemeinde,254,32,28
01057024,gemeinde,487,57,78
01057025,gemeinde,8344,809,2683
01057026,gemeinde,302,42,93
01057027,gemeinde,397,51,77
01057028,gemeinde,462,38,86
01057029,gemeinde,1018,143,236
01057030,gemeinde,817,98,292
01057031,gemeinde,457,44,59
01057032,gemeinde,574,76,99
01057033,gemeinde,813,76,206
01057034,gemeinde,191,20,35
01057035,gemeinde,640,79,161
01057037,gemeinde,255,22,60
01057038,gemeinde,90,23,17
01057039,gemeinde,757,88,188
01057040,gemeinde,414,57,69
01057041,gemeinde,406,34,79
01057042,gemeinde,583,77,103
01057043,gemeinde,5412,593,1749
01057044,gemeinde,254,43,55
01057045,gemeinde,588,72,115
01057046,gemeinde,1247,152,208
01057047,gemeinde,280,38,51
01057048,gemeinde,5259,632,1350
01057049,gemeinde,330,49,66
01057050,gemeinde,934,110,141
01057051,gemeinde,4077,348,1045
01057052,gemeinde,579,66,118
01057053,gemeinde,293,36,81
01057054,gemeinde,427,38,73
01057055,gemeinde,1453,212,319
01057056,gemeinde,386,33,62
01057057,gemeinde,8889,950,2461
01057058,gemeinde,371,39,82
01057059,gemeinde,423,67,84
01057060,gemeinde,466,46,89
01057062,gemeinde,16245,1748,3889
01057063,gemeinde,2319,221,451
01057065,gemeinde,347,39,66
01057066,gemeinde,797,116,173
01057067,gemeinde,478,53,117
01057068,gemeinde,743,85,150
01057069,gemeinde,967,99,161
01057070,gemeinde,1521,166,324
01057071,gemeinde,850,91,131
01057072,gemeinde,574,65,97
01057073,gemeinde,6231,718,1867
01057074,gemeinde,6697,719,1473
01057076,gemeinde,784,87,142
01057077,gemeinde,1708,156,285
01057078,gemeinde,473,48,94
01057079,gemeinde,812,95,202
01057080,gemeinde,1270,114,183
01057081,gemeinde,323,43,63
01057082,gemeinde,363,21,87
01057083,gemeinde,336,22,98
01057084,gemeinde,439,48,104
01057085,gemeinde,2893,318,556
01057086,gemeinde,392,39,68
01057087,gemeinde,937,96,311
01057088,gemeinde,666,94,181
01057089,gemeinde,164,10,52
01057090,gemeinde,744,85,138
01057091,gemeinde,13905,1326,3493
01058001,gemeinde,1071,109,200
01058003,gemeinde,1905,205,344
01058004,gemeinde,337,38,59
01058005,gemeinde,9895,899,2661
01058007,gemeinde,298,20,54
01058008,gemeinde,984,99,211
01058009,gemeinde,3721,407,801
01058010,gemeinde,153,22,25
01058011,gemeinde,744,70,120
01058012,gemeinde,1581,178,320
01058013,gemeinde,284,32,55
01058014,gemeinde,440,60,73
01058015,gemeinde,730,77,125
01058016,gemeinde,166,17,33
01058018,gemeinde,617,77,153
01058019,gemeinde,292,27,55
01058021,gemeinde,582,71,108
01058022,gemeinde,7789,845,2026
01058023,gemeinde,454,81,85
01058024,gemeinde,1742,179,355
01058025,gemeinde,181,28,33
01058026,gemeinde,1085,95,211
01058027,gemeinde,359,46,73
01058028,gemeinde,1547,152,226
01058029,gemeinde,1327,149,276
01058030,gemeinde,963,95,184
01058031,gemeinde,101,17,25
01058032,gemeinde,709,89,237
01058033,gemeinde,1133,97,181
01058034,gemeinde,10452,1072,2580
01058035,gemeinde,531,67,94
01058036,gemeinde,230,29,40
01058037,gemeinde,3717,381,771
01058038,gemeinde,596,52,65
01058039,gemeinde,416,49,74
01058040,gemeinde,1510,177,372
01058042,gemeinde,737,84,131
01058043,gemeinde,21410,2473,5967
01058044,gemeinde,599,60,100
01058045,gemeinde,299,35,49
01058046,gemeinde,482,53,97
01058047,gemeinde,1609,168,307
01058048,gemeinde,203,25,35
01058049,gemeinde,1311,145,260
01058050,gemeinde,2078,232,399
01058051,gemeinde,1224,116,214
01058052,gemeinde,2076,217,400
01058053,gemeinde,7432,714,1695
01058054,gemeinde,6583,771,1590
01058055,gemeinde,50,10,8
01058056,gemeinde,391,47,67
01058057,gemeinde,519,57,129
01058058,gemeinde,7565,710,1671
01058059,gemeinde,1162,143,201
01058061,gemeinde,596,58,107
01058062,gemeinde,280,28,45
01058063,gemeinde,219,35,32
01058064,gemeinde,374,33,70
01058065,gemeinde,969,109,192
01058066,gemeinde,1308,145,246
01058067,gemeinde,673,60,87
01058068,gemeinde,501,49,86
01058069,gemeinde,549,65,98
01058070,gemeinde,1355,127,267
01058071,gemeinde,450,43,72
01058072,gemeinde,2902,316,629
01058073,gemeinde,274,37,40
01058074,gemeinde,139,18,22
01058075,gemeinde,55,9,11
01058076,gemeinde,171,29,30
01058077,gemeinde,5368,547,1194
01058078,gemeinde,2471,253,509
01058080,gemeinde,1244,154,250
01058081,gemeinde,336,43,66
01058082,gemeinde,868,93,147
01058083,gemeinde,215,33,37
01058084,gemeinde,279,27,50
01058085,gemeinde,227,22,43
01058086,gemeinde,3350,307,679
01058087,gemeinde,558,72,148
01058088,gemeinde,226,31,30
01058089,gemeinde,168,15,16
01058090,gemeinde,1398,167,322
01058091,gemeinde,432,40,93
01058092,gemeinde,12212,1097,3058
01058093,gemeinde,700,72,116
01058094,gemeinde,1587,182,275
01058096,gemeinde,1391,140,249
01058097,gemeinde,442,39,92
01058098,gemeinde,189,22,26
01058099,gemeinde,853,96,130
01058100,gemeinde,550,71,126
01058101,gemeinde,380,48,61
01058102,gemeinde,724,85,162
01058103,gemeinde,367,49,74
01058104,gemeinde,2077,169,381
01058105,gemeinde,1392,166,219
01058106,gemeinde,257,26,46
01058107,gemeinde,5046,537,1442
01058108,gemeinde,536,54,104
01058109,gemeinde,376,38,65
01058110,gemeinde,1125,111,194
01058111,gemeinde,129,6,20
01058112,gemeinde,1164,142,258
01058113,gemeinde,591,77,108
01058115,gemeinde,645,89,113
01058116,gemeinde,877,85,204
01058117,gemeinde,6958,644,1764
01058118,gemeinde,1542,161,305
01058119,gemeinde,269,29,47
01058120,gemeinde,151,14,19
01058121,gemeinde,2616,258,488
01058122,gemeinde,597,45,82
01058123,gemeinde,987,83,196
01058124,gemeinde,4977,516,878
01058125,gemeinde,660,74,94
01058126,gemeinde,999,88,226
01058127,gemeinde,3688,356,719
01058128,gemeinde,1770,152,220
01058129,gemeinde,156,18,30
01058130,gemeinde,1754,191,357
01058131,gemeinde,98,11,11
01058132,gemeinde,217,23,46
01058133,gemeinde,157,21,18
01058134,gemeinde,441,43,83
01058135,gemeinde,29462,2681,5430
01058136,gemeinde,1050,115,224
01058137,gemeinde,2829,273,566
01058138,gemeinde,457,48,112
01058139,gemeinde,818,67,142
01058140,gemeinde,4813,482,929
01058141,gemeinde,347,39,77
01058142,gemeinde,1030,127,208
01058143,gemeinde,296,26,36
01058144,gemeinde,215,22,35
01058145,gemeinde,329,41,65
01058146,gemeinde,753,48,112
01058147,gemeinde,779,73,124
01058148,gemeinde,1020,122,232
01058150,gemeinde,2843,310,630
01058151,gemeinde,329,36,61
01058152,gemeinde,782,109,148
01058153,gemeinde,190,26,32
01058154,gemeinde,312,35,55
01058155,gemeinde,355,34,63
01058156,gemeinde,329,42,44
01058157,gemeinde,1448,177,398
01058158,gemeinde,70,10,15
01058159,gemeinde,334,34,69
01058160,gemeinde,142,22,28
01058161,gemeinde,241,28,42
01058162,gemeinde,357,53,81
01058163,gemeinde,1097,97,214
01058164,gemeinde,1058,107,183
01058165,gemeinde,1311,139,222
01058166,gemeinde,1474,171,362
01058167,gemeinde,319,31,60
01058168,gemeinde,691,92,178
01058169,gemeinde,2464,237,425
01058170,gemeinde,2869,280,524
01058171,gemeinde,1558,200,315
01058172,gemeinde,4953,490,1098
01058173,gemeinde,990,128,239
01058174,gemeinde,571,59,103
01058175,gemeinde,485,51,100
01059001,gemeinde,327,44,54
01059002,gemeinde,275,36,88
01059005,gemeinde,726,94,166
01059006,gemeinde,733,87,125
01059008,gemeinde,1673,158,370
01059009,gemeinde,757,73,122
01059010,gemeinde,1403,174,228
01059012,gemeinde,736,93,243
01059018,gemeinde,2050,189,409
01059019,gemeinde,1153,128,224
01059020,gemeinde,591,66,107
01059023,gemeinde,734,92,151
01059024,gemeinde,2044,273,440
01059026,gemeinde,2597,262,726
01059032,gemeinde,351,49,63
01059034,gemeinde,212,25,56
01059035,gemeinde,943,100,144
01059037,gemeinde,954,83,162
01059039,gemeinde,1015,97,209
01059041,gemeinde,751,54,151
01059042,gemeinde,880,84,184
01059043,gemeinde,925,86,173
01059044,gemeinde,2679,258,547
01059045,gemeinde,8542,1025,2600
01059049,gemeinde,461,43,83
01059050,gemeinde,526,56,94
01059051,gemeinde,323,33,59
01059053,gemeinde,6557,664,1568
01059055,gemeinde,260,27,37
01059056,gemeinde,240,19,32
01059057,gemeinde,1084,122,210
01059058,gemeinde,705,78,114
01059060,gemeinde,937,104,186
01059062,gemeinde,1142,112,270
01059063,gemeinde,656,65,107
01059065,gemeinde,116,14,29
01059067,gemeinde,286,31,46
01059068,gemeinde,657,88,154
01059070,gemeinde,240,21,28
01059072,gemeinde,207,21,45
01059073,gemeinde,1537,171,326
01059074,gemeinde,350,50,73
01059075,gemeinde,24946,2588,5793
01059076,gemeinde,552,48,107
01059077,gemeinde,2738,274,541
01059078,gemeinde,830,82,170
01059079,gemeinde,2367,263,391
01059080,gemeinde,783,84,185
01059081,gemeinde,851,91,168
01059082,gemeinde,668,68,122
01059083,gemeinde,5231,570,1132
01059084,gemeinde,466,60,73
01059086,gemeinde,930,103,136
01059087,gemeinde,967,77,185
01059088,gemeinde,292,38,52
01059090,gemeinde,1042,135,159
01059092,gemeinde,1607,166,373
01059093,gemeinde,412,49,108
01059094,gemeinde,703,104,211
01059095,gemeinde,222,23,57
01059096,gemeinde,507,63,98
01059097,gemeinde,498,38,99
01059098,gemeinde,1283,156,257
01059101,gemeinde,397,40,81
01059102,gemeinde,207,21,37
01059103,gemeinde,523,57,102
01059105,gemeinde,115,7,13
01059106,gemeinde,1047,129,222
01059107,gemeinde,2477,213,408
01059109,gemeinde,814,96,179
01059112,gemeinde,2312,294,712
01059113,gemeinde,6184,676,2094
01059115,gemeinde,3213,319,571
01059116,gemeinde,1706,170,325
01059118,gemeinde,1018,112,234
01059120,gemeinde,11798,1105,2875
01059121,gemeinde,927,123,223
01059123,gemeinde,622,50,128
01059124,gemeinde,154,22,24
01059126,gemeinde,1258,142,241
01059127,gemeinde,2306,241,480
01059128,gemeinde,409,38,66
01059129,gemeinde,302,21,43
01059131,gemeinde,1043,98,147
01059132,gemeinde,868,103,105
01059136,gemeinde,266,45,76
01059137,gemeinde,1574,185,416
01059138,gemeinde,1040,92,253
01059141,gemeinde,692,80,128
01059142,gemeinde,660,100,239
01059143,gemeinde,993,92,184
01059144,gemeinde,737,61,120
01059145,gemeinde,1139,115,242
01059147,gemeinde,128,13,71
01059148,gemeinde,545,79,138
01059149,gemeinde,475,40,52
01059151,gemeinde,312,29,54
01059152,gemeinde,158,20,39
01059154,gemeinde,623,57,134
01059155,gemeinde,297,31,81
01059157,gemeinde,542,63,79
01059158,gemeinde,2939,259,550
01059159,gemeinde,1637,130,287
01059161,gemeinde,4140,475,899
01059162,gemeinde,493,43,81
01059163,gemeinde,228,32,64
01059164,gemeinde,859,89,261
01059167,gemeinde,1423,173,306
01059168,gemeinde,700,80,184
01059169,gemeinde,341,23,54
01059171,gemeinde,5918,533,1502
01059173,gemeinde,908,82,169
01059174,gemeinde,2636,271,495
01059176,gemeinde,2399,247,491
01059177,gemeinde,431,38,78
01059178,gemeinde,774,84,213
01059179,gemeinde,2008,219,310
01059182,gemeinde,1583,146,289
01059183,gemeinde,11330,1042,2030
01059184,gemeinde,3489,379,611
01059185,gemeinde,5293,469,1043
01059186,gemeinde,2817,341,695
01059187,gemeinde,1122,158,273
01059188,gemeinde,1927,212,444
01059189,gemeinde,663,77,168
01060002,gemeinde,2713,259,498
01060003,gemeinde,373,50,67
01060004,gemeinde,15161,1397,2920
01060005,gemeinde,17671,1774,4063
01060006,gemeinde,209,25,36
01060007,gemeinde,982,101,202
01060008,gemeinde,675,66,146
01060009,gemeinde,1056,97,169
01060010,gemeinde,575,66,93
01060011,gemeinde,5269,482,1088
01060012,gemeinde,3315,331,636
01060013,gemeinde,140,8,29
01060015,gemeinde,368,47,78
01060016,gemeinde,637,67,105
01060017,gemeinde,234,31,52
01060018,gemeinde,44,3,5
01060019,gemeinde,6196,489,1394
01060020,gemeinde,1542,170,312
01060021,gemeinde,307,33,62
01060022,gemeinde,420,36,36
01060023,gemeinde,431,35,72
01060024,gemeinde,560,43,94
01060025,gemeinde,830,91,152
01060026,gemeinde,539,54,77
01060027,gemeinde,2976,265,495
01060028,gemeinde,1810,179,368
01060029,gemeinde,677,73,136
01060030,gemeinde,516,42,102
01060031,gemeinde,476,55,87
01060033,gemeinde,481,54,87
01060034,gemeinde,1811,170,363
01060035,gemeinde,365,57,43
01060036,gemeinde,689,91,97
01060037,gemeinde,308,41,48
01060038,gemeinde,668,73,136
01060039,gemeinde,27966,2766,5678
01060040,gemeinde,1252,129,272
01060041,gemeinde,399,48,53
01060042,gemeinde,363,41,76
01060043,gemeinde,2497,248,481
01060044,gemeinde,23114,1935,4033
01060045,gemeinde,820,87,174
01060046,gemeinde,1176,90,244
01060047,gemeinde,3928,326,794
01060048,gemeinde,544,60,92
01060049,gemeinde,1795,226,417
01060050,gemeinde,395,59,59
01060051,gemeinde,455,52,90
01060052,gemeinde,612,70,127
01060053,gemeinde,1833,147,349
01060054,gemeinde,2611,201,386
01060056,gemeinde,249,24,60
01060057,gemeinde,463,57,73
01060058,gemeinde,2443,251,480
01060059,gemeinde,981,109,147
01060060,gemeinde,568,67,105
01060061,gemeinde,810,80,138
01060062,gemeinde,716,67,138
01060063,gemeinde,80316,7260,17304
01060064,gemeinde,1196,132,134
01060065,gemeinde,1394,121,217
01060066,gemeinde,876,83,186
01060067,gemeinde,1601,165,317
01060068,gemeinde,3119,438,595
01060069,gemeinde,1161,81,186
01060070,gemeinde,870,79,134
01060071,gemeinde,258,25,62
01060072,gemeinde,490,51,91
01060073,gemeinde,1874,220,313
01060074,gemeinde,275,23,43
01060075,gemeinde,2186,235,341
01060076,gemeinde,1756,184,311
01060077,gemeinde,1096,117,213
01060079,gemeinde,243,16,34
01060080,gemeinde,407,57,76
01060081,gemeinde,266,43,51
01060082,gemeinde,959,86,193
01060084,gemeinde,826,89,161
01060085,gemeinde,3320,345,625
01060086,gemeinde,171,13,22
01060087,gemeinde,703,74,136
01060088,gemeinde,1084,94,142
01060089,gemeinde,5023,521,1093
01060090,gemeinde,199,28,44
01060091,gemeinde,534,48,82
01060092,gemeinde,9782,1071,2042
01060093,gemeinde,482,53,86
01060094,gemeinde,1343,169,235
01060095,gemeinde,1065,94,162
01060096,gemeinde,1019,100,178
01060097,gemeinde,898,105,168
01060098,gemeinde,431,54,70
01060099,gemeinde,1691,171,248
01060100,gemeinde,377,43,90
01060101,gemeinde,1018,77,153
01061001,gemeinde,149,17,19
01061002,gemeinde,49,5,10
01061003,gemeinde,188,20,56
01061004,gemeinde,211,30,57
01061005,gemeinde,131,17,26
01061006,gemeinde,567,58,103
01061007,gemeinde,844,115,164
01061008,gemeinde,96,15,17
01061010,gemeinde,143,9,39
01061011,gemeinde,225,27,40
01061012,gemeinde,598,83,113
01061013,gemeinde,137,14,23
01061014,gemeinde,138,17,20
01061015,gemeinde,720,78,122
01061016,gemeinde,346,41,81
01061017,gemeinde,1240,136,185
01061018,gemeinde,993,123,176
01061019,gemeinde,2189,231,424
01061020,gemeinde,32,4,3
01061021,gemeinde,68,6,11
01061022,gemeinde,1026,110,154
01061023,gemeinde,269,39,38
01061024,gemeinde,232,34,39
01061025,gemeinde,289,39,42
01061026,gemeinde,162,10,23
01061027,gemeinde,821,122,184
01061028,gemeinde,396,43,86
01061029,gemeinde,11187,1243,2629
01061030,gemeinde,320,28,69
01061031,gemeinde,406,58,67
01061033,gemeinde,146,10,14
01061034,gemeinde,1475,159,271
01061035,gemeinde,721,85,171
01061036,gemeinde,610,61,105
01061037,gemeinde,1122,110,237
01061038,gemeinde,80,3,9
01061039,gemeinde,194,25,35
01061040,gemeinde,1875,209,377
01061041,gemeinde,887,89,154
01061042,gemeinde,5919,635,1210
01061043,gemeinde,407,36,81
01061044,gemeinde,5726,563,1029
01061045,gemeinde,275,24,60
01061046,gemeinde,32256,3340,7048
01061047,gemeinde,429,42,82
01061048,gemeinde,64,13,12
01061049,gemeinde,8113,798,1725
01061050,gemeinde,2147,247,483
01061052,gemeinde,541,67,106
01061053,gemeinde,30,4,9
01061054,gemeinde,225,28,47
01061055,gemeinde,2415,260,462
01061056,gemeinde,2316,279,557
01061057,gemeinde,530,39,118
01061058,gemeinde,168,18,33
01061059,gemeinde,74,7,8
01061060,gemeinde,119,19,28
01061061,gemeinde,2616,255,509
01061062,gemeinde,119,13,24
01061063,gemeinde,247,18,42
01061064,gemeinde,146,18,23
01061065,gemeinde,801,86,124
01061066,gemeinde,384,51,77
01061067,gemeinde,419,56,76
01061068,gemeinde,110,17,17
01061070,gemeinde,71,13,3
01061071,gemeinde,263,36,54
01061072,gemeinde,1833,177,493
01061073,gemeinde,665,74,95
01061074,gemeinde,822,91,195
01061076,gemeinde,129,11,23
01061077,gemeinde,809,76,142
01061078,gemeinde,259,34,60
01061079,gemeinde,1531,135,333
01061080,gemeinde,172,16,44
01061081,gemeinde,112,13,25
01061082,gemeinde,1080,120,224
01061083,gemeinde,726,64,119
01061084,gemeinde,302,25,48
01061085,gemeinde,263,23,37
01061086,gemeinde,374,41,75
01061087,gemeinde,535,61,89
01061088,gemeinde,436,49,113
01061089,gemeinde,100,5,17
01061091,gemeinde,727,92,139
01061092,gemeinde,561,53,118
01061093,gemeinde,365,34,96
01061095,gemeinde,814,105,168
01061096,gemeinde,447,42,83
01061097,gemeinde,2739,294,668
01061098,gemeinde,223,21,41
01061100,gemeinde,162,18,24
01061101,gemeinde,732,97,136
01061102,gemeinde,123,12,23
01061103,gemeinde,85,5,14
01061104,gemeinde,725,72,143
01061105,gemeinde,1232,151,242
01061106,gemeinde,127,20,15
01061107,gemeinde,1926,201,387
01061108,gemeinde,289,31,50
01061109,gemeinde,390,58,60
01061110,gemeinde,1309,155,259
01061111,gemeinde,11,0,3
01061112,gemeinde,164,22,17
01061113,gemeinde,4280,467,1013
01061114,gemeinde,317,23,54
01061115,gemeinde,158,20,30
01061116,gemeinde,2349,241,452
01061117,gemeinde,381,40,48
01061118,gemeinde,1591,158,362
01061119,gemeinde,415,43,79
01062001,gemeinde,34197,3099,7614
01062003,gemeinde,913,75,182
01062004,gemeinde,24780,2463,4906
01062005,gemeinde,3008,285,472
01062006,gemeinde,16121,1572,3513
01062008,gemeinde,836,98,130
01062009,gemeinde,13152,1220,3096
01062011,gemeinde,964,90,173
01062014,gemeinde,2245,238,317
01062016,gemeinde,2738,230,443
01062018,gemeinde,18295,1682,4326
01062019,gemeinde,796,89,136
01062020,gemeinde,685,72,146
01062021,gemeinde,1472,129,299
01062022,gemeinde,1866,177,346
01062023,gemeinde,9500,881,2487
01062025,gemeinde,1773,143,261
01062026,gemeinde,510,46,102
01062027,gemeinde,1288,105,202
01062031,gemeinde,508,54,69
01062032,gemeinde,559,63,107
01062033,gemeinde,46,6,13
01062035,gemeinde,3449,346,740
01062036,gemeinde,1797,197,384
01062039,gemeinde,771,84,131
01062040,gemeinde,317,52,75
01062045,gemeinde,3328,340,688
01062046,gemeinde,901,100,144
01062048,gemeinde,642,59,95
01062050,gemeinde,342,38,68
01062051,gemeinde,500,58,87
01062053,gemeinde,8724,836,2232
01062056,gemeinde,1249,121,187
01062058,gemeinde,221,26,50
01062059,gemeinde,725,73,118
01062060,gemeinde,27990,2473,6488
01062061,gemeinde,8978,837,1917
01062062,gemeinde,1164,121,189
01062065,gemeinde,1327,148,228
01062069,gemeinde,2476,230,412
01062071,gemeinde,1792,163,327
01062076,gemeinde,6456,613,1351
01062078,gemeinde,1246,131,200
01062081,gemeinde,1912,178,332
01062082,gemeinde,9148,939,1913
01062083,gemeinde,764,99,118
01062086,gemeinde,1517,157,279
01062087,gemeinde,1448,150,289
01062088,gemeinde,1647,136,332
01062089,gemeinde,1290,131,188
01062090,gemeinde,9981,1035,2212
01062091,gemeinde,2735,245,452
01062092,gemeinde,1741,188,277
01062093,gemeinde,542,68,71
01062094,gemeinde,1677,133,168
02000000,gemeinde,1808846,140136,294680
03101000,gemeinde,252816,21920,48022
03102000,gemeinde,104215,10111,21240
03103000,gemeinde,127145,11690,25310
03151001,gemeinde,1774,166,285
03151002,gemeinde,1013,122,197
03151003,gemeinde,893,110,138
03151004,gemeinde,1267,129,166
03151005,gemeinde,3132,354,601
03151006,gemeinde,5227,509,882
03151007,gemeinde,1208,157,279
03151008,gemeinde,1920,145,337
03151009,gemeinde,42006,4476,8809
03151010,gemeinde,1983,200,314
03151011,gemeinde,4340,477,873
03151012,gemeinde,2446,271,443
03151013,gemeinde,6156,746,1071
03151014,gemeinde,2049,230,273
03151015,gemeinde,4312,438,746
03151016,gemeinde,8365,880,1618
03151017,gemeinde,7903,906,1404
03151018,gemeinde,5223,544,1014
03151019,gemeinde,830,97,169
03151020,gemeinde,1884,189,442
03151021,gemeinde,1856,196,307
03151022,gemeinde,2114,238,292
03151023,gemeinde,2517,216,338
03151024,gemeinde,5837,509,848
03151025,gemeinde,11940,1211,1770
03151026,gemeinde,927,102,154
03151027,gemeinde,7086,686,1471
03151028,gemeinde,1160,136,295
03151029,gemeinde,1260,156,299
03151030,gemeinde,1532,148,204
03151031,gemeinde,1234,146,200
03151032,gemeinde,1436,152,267
03151033,gemeinde,1495,149,245
03151034,gemeinde,3073,372,556
03151035,gemeinde,1181,143,184
03151036,gemeinde,3751,419,562
03151037,gemeinde,1776,221,308
03151038,gemeinde,5459,598,944
03151039,gemeinde,2571,248,551
03151040,gemeinde,11216,1284,2307
03151041,gemeinde,1310,176,233
03153002,gemeinde,19817,2185,6212
03153008,gemeinde,7971,972,1910
03153012,gemeinde,18724,2076,4441
03153016,gemeinde,5116,714,1546
03153017,gemeinde,47433,5197,11684
03153018,gemeinde,13766,1311,2962
03153019,gemeinde,14779,1677,3606
03154001,gemeinde,1755,204,325
03154002,gemeinde,361,49,82
03154004,gemeinde,2463,251,381
03154005,gemeinde,789,66,184
03154006,gemeinde,619,78,127
03154007,gemeinde,1144,83,235
03154008,gemeinde,2340,274,508
03154009,gemeinde,2807,285,483
03154012,gemeinde,1082,121,275
03154013,gemeinde,15458,1670,3488
03154014,gemeinde,12020,1130,2423
03154015,gemeinde,965,101,226
03154016,gemeinde,476,68,71
03154017,gemeinde,801,93,171
03154018,gemeinde,720,90,128
03154019,gemeinde,11196,1355,2525
03154021,gemeinde,1753,195,329
03154022,gemeinde,643,56,154
03154024,gemeinde,4861,500,1016
03154025,gemeinde,804,91,185
03154026,gemeinde,889,112,204
03154027,gemeinde,1560,168,329
03154028,gemeinde,25040,2830,5412
03155001,gemeinde,9056,1104,2285
03155002,gemeinde,2949,334,723
03155003,gemeinde,9268,1212,2216
03155005,gemeinde,7383,867,1621
03155006,gemeinde,5847,694,1429
03155007,gemeinde,6759,714,1468
03155009,gemeinde,6701,742,1384
03155010,gemeinde,7623,841,1558
03155011,gemeinde,27369,2919,6282
03155012,gemeinde,13562,1629,3402
03155013,gemeinde,29713,3463,7321
03157001,gemeinde,12464,1340,2486
03157002,gemeinde,9308,904,1888
03157005,gemeinde,14118,1420,2559
03157006,gemeinde,50276,4741,9769
03157007,gemeinde,18141,1773,3442
03157008,gemeinde,10175,1024,1923
03157009,gemeinde,21637,2293,4457
03158002,gemeinde,2906,296,688
03158004,gemeinde,2096,224,416
03158005,gemeinde,810,102,133
03158006,gemeinde,12816,1318,2744
03158007,gemeinde,626,82,136
03158008,gemeinde,2715,333,566
03158009,gemeinde,1194,131,228
03158010,gemeinde,692,65,130
03158011,gemeinde,1489,150,344
03158012,gemeinde,869,135,194
03158013,gemeinde,1237,172,264
03158014,gemeinde,1061,141,209
03158016,gemeinde,1515,181,305
03158017,gemeinde,470,62,95
03158018,gemeinde,1018,96,207
03158019,gemeinde,641,73,111
03158021,gemeinde,1602,181,268
03158022,gemeinde,738,113,168
03158023,gemeinde,598,70,121
03158025,gemeinde,429,65,99
03158027,gemeinde,5339,587,1245
03158028,gemeinde,864,103,174
03158030,gemeinde,5976,640,1272
03158031,gemeinde,857,123,190
03158032,gemeinde,695,74,156
03158033,gemeinde,997,113,190
03158035,gemeinde,690,95,103
03158036,gemeinde,1074,143,234
03158037,gemeinde,51750,5108,11745
03158038,gemeinde,2864,326,537
03158039,gemeinde,8728,975,2034
03158040,gemeinde,2346,274,493
03159001,gemeinde,6186,724,1432
03159002,gemeinde,7910,987,1993
03159003,gemeinde,10451,1247,2893
03159004,gemeinde,7130,892,2054
03159005,gemeinde,2244,268,469
03159006,gemeinde,756,83,131
03159007,gemeinde,13981,1463,3051
03159008,gemeinde,525,61,123
03159009,gemeinde,4337,496,996
03159010,gemeinde,20433,2293,4522
03159011,gemeinde,1927,235,417
03159012,gemeinde,438,48,95
03159013,gemeinde,7442,822,1504
03159014,gemeinde,3791,426,775
03159015,gemeinde,8804,1006,1935
03159016,gemeinde,124548,10470,22096
03159017,gemeinde,23519,2515,5415
03159018,gemeinde,4003,449,1094
03159019,gemeinde,13002,1430,3224
03159020,gemeinde,937,126,247
03159021,gemeinde,958,102,216
03159022,gemeinde,1018,125,227
03159023,gemeinde,1111,135,230
03159024,gemeinde,1436,181,305
03159025,gemeinde,940,131,173
03159026,gemeinde,21693,2481,5449
03159027,gemeinde,1777,215,426
03159028,gemeinde,829,120,166
03159029,gemeinde,11956,1332,2306
03159030,gemeinde,802,88,182
03159031,gemeinde,1851,227,414
03159032,gemeinde,1599,189,270
03159033,gemeinde,1335,174,211
03159034,gemeinde,7605,843,1743
03159035,gemeinde,1276,149,288
03159036,gemeinde,4186,485,1224
03159037,gemeinde,665,52,189
03159038,gemeinde,489,48,68
03159039,gemeinde,1809,217,434
03241001,gemeinde,513291,42460,88172
03241002,gemeinde,33727,3426,7577
03241003,gemeinde,31045,3000,6768
03241004,gemeinde,20172,1981,4725
03241005,gemeinde,59534,5679,12836
03241006,gemeinde,15345,1501,3475
03241007,gemeinde,18896,1925,4254
03241008,gemeinde,24293,2293,5616
03241009,gemeinde,41966,4010,9438
03241010,gemeinde,53711,4971,10568
03241011,gemeinde,43501,4247,8419
03241012,gemeinde,44274,4615,9306
03241013,gemeinde,14773,1374,3335
03241014,gemeinde,23817,2549,4687
03241015,gemeinde,34324,3339,6588
03241016,gemeinde,23313,2366,4073
03241017,gemeinde,28513,3061,6523
03241018,gemeinde,20121,2028,4101
03241019,gemeinde,29409,2941,5987
03241020,gemeinde,14149,1558,3266
03241021,gemeinde,40984,4305,8706
03251001,gemeinde,853,83,202
03251002,gemeinde,2939,366,592
03251003,gemeinde,1085,134,223
03251004,gemeinde,1217,135,227
03251005,gemeinde,6641,656,1336
03251006,gemeinde,1061,94,224
03251007,gemeinde,16221,1747,3226
03251008,gemeinde,1194,129,262
03251009,gemeinde,1049,103,199
03251011,gemeinde,456,59,82
03251012,gemeinde,17817,1685,3318
03251013,gemeinde,2949,292,560
03251014,gemeinde,1010,98,209
03251015,gemeinde,1490,185,327
03251017,gemeinde,1779,187,319
03251018,gemeinde,578,121,107
03251019,gemeinde,548,63,90
03251020,gemeinde,1225,148,286
03251021,gemeinde,2194,230,492
03251022,gemeinde,1227,151,259
03251023,gemeinde,3253,303,709
03251024,gemeinde,431,54,90
03251025,gemeinde,699,99,155
03251026,gemeinde,2737,353,515
03251027,gemeinde,1073,114,227
03251028,gemeinde,1134,138,190
03251029,gemeinde,502,38,75
03251030,gemeinde,2211,183,371
03251031,gemeinde,741,83,176
03251032,gemeinde,1448,161,282
03251033,gemeinde,2619,268,433
03251034,gemeinde,1230,141,248
03251035,gemeinde,540,64,109
03251036,gemeinde,701,85,102
03251037,gemeinde,33324,2993,7653
03251038,gemeinde,1009,137,226
03251040,gemeinde,12998,1323,2721
03251041,gemeinde,24789,2730,4993
03251042,gemeinde,12710,1414,2229
03251043,gemeinde,1437,153,302
03251044,gemeinde,7073,795,1423
03251045,gemeinde,727,78,182
03251046,gemeinde,1856,166,282
03251047,gemeinde,30500,3234,6606
03251049,gemeinde,8981,968,1864
03252001,gemeinde,10502,1207,2279
03252002,gemeinde,17430,1942,3998
03252003,gemeinde,19848,2267,5469
03252004,gemeinde,6964,814,1562
03252005,gemeinde,9767,1097,2215
03252006,gemeinde,58123,5906,13034
03252007,gemeinde,18435,1962,3920
03252008,gemeinde,9219,997,2112
03254002,gemeinde,18080,1997,4488
03254003,gemeinde,7611,874,1471
03254005,gemeinde,13141,1497,2944
03254008,gemeinde,9600,1096,2077
03254011,gemeinde,6072,688,1529
03254013,gemeinde,2496,304,543
03254014,gemeinde,8756,904,1989
03254017,gemeinde,9425,987,1786
03254020,gemeinde,11099,1139,2233
03254021,gemeinde,97716,9141,19799
03254022,gemeinde,6674,774,1426
03254026,gemeinde,11928,1272,2476
03254028,gemeinde,18960,1834,3797
03254029,gemeinde,7493,826,1610
03254032,gemeinde,7568,804,1558
03254041,gemeinde,4730,526,1103
03254042,gemeinde,4512,527,1054
03254043,gemeinde,10344,1211,2462
03254044,gemeinde,5390,596,1219
03254045,gemeinde,5432,628,1237
03255001,gemeinde,378,30,90
03255002,gemeinde,3738,418,963
03255003,gemeinde,4775,528,1314
03255004,gemeinde,2511,311,588
03255005,gemeinde,550,68,144
03255007,gemeinde,1343,139,287
03255008,gemeinde,7424,794,1875
03255009,gemeinde,599,79,153
03255010,gemeinde,742,94,156
03255012,gemeinde,811,111,206
03255013,gemeinde,3514,397,871
03255014,gemeinde,1017,118,278
03255015,gemeinde,874,113,231
03255016,gemeinde,1400,163,308
03255017,gemeinde,1660,164,366
03255018,gemeinde,778,94,195
03255019,gemeinde,715,85,161
03255020,gemeinde,439,44,117
03255021,gemeinde,402,44,110
03255022,gemeinde,486,55,145
03255023,gemeinde,18798,1954,4246
03255025,gemeinde,877,100,240
03255026,gemeinde,2199,234,548
03255027,gemeinde,639,73,128
03255028,gemeinde,376,42,110
03255030,gemeinde,674,68,129
03255031,gemeinde,1131,128,224
03255032,gemeinde,389,46,95
03255033,gemeinde,1127,151,323
03255034,gemeinde,4853,512,1043
03255035,gemeinde,365,55,113
03255036,gemeinde,575,69,139
03256001,gemeinde,1666,192,368
03256002,gemeinde,978,114,188
03256003,gemeinde,2166,262,435
03256004,gemeinde,3848,375,733
03256005,gemeinde,1791,213,328
03256006,gemeinde,1704,200,327
03256007,gemeinde,3531,351,663
03256008,gemeinde,520,60,102
03256009,gemeinde,586,58,92
03256010,gemeinde,1738,206,336
03256011,gemeinde,1617,185,269
03256012,gemeinde,1771,185,310
03256013,gemeinde,2075,238,438
03256014,gemeinde,3819,429,847
03256015,gemeinde,960,124,180
03256016,gemeinde,2336,260,422
03256017,gemeinde,2748,302,587
03256018,gemeinde,1629,175,315
03256019,gemeinde,3677,391,729
03256020,gemeinde,1003,118,206
03256021,gemeinde,4523,478,956
03256022,gemeinde,32021,3200,6630
03256023,gemeinde,1206,141,239
03256024,gemeinde,1807,225,349
03256025,gemeinde,9848,1108,2049
03256026,gemeinde,2600,258,481
03256027,gemeinde,1116,100,176
03256028,gemeinde,828,94,158
03256029,gemeinde,2459,277,486
03256030,gemeinde,5161,630,1142
03256031,gemeinde,1284,175,235
03256032,gemeinde,7000,807,1414
03256033,gemeinde,4780,503,1043
03256034,gemeinde,3158,388,602
03256035,gemeinde,694,102,141
03256036,gemeinde,1963,204,366
03257001,gemeinde,1020,97,246
03257002,gemeinde,2366,296,462
03257003,gemeinde,6134,650,1282
03257004,gemeinde,1239,155,255
03257005,gemeinde,2500,239,857
03257006,gemeinde,11244,996,3384
03257007,gemeinde,1453,144,286
03257008,gemeinde,736,90,125
03257009,gemeinde,19192,2159,4338
03257010,gemeinde,4566,489,997
03257011,gemeinde,2697,269,616
03257012,gemeinde,1382,150,311
03257013,gemeinde,1967,232,478
03257014,gemeinde,2060,201,394
03257015,gemeinde,901,93,215
03257016,gemeinde,2141,213,398
03257017,gemeinde,1042,134,195
03257018,gemeinde,4220,438,853
03257019,gemeinde,1302,164,247
03257020,gemeinde,4109,440,826
03257021,gemeinde,1085,120,190
03257022,gemeinde,1116,102,208
03257023,gemeinde,1822,209,355
03257024,gemeinde,704,78,156
03257025,gemeinde,1957,195,387
03257026,gemeinde,4288,452,947
03257027,gemeinde,683,79,166
03257028,gemeinde,8953,949,2069
03257029,gemeinde,834,91,148
03257030,gemeinde,1033,111,265
03257031,gemeinde,25626,2803,5882
03257032,gemeinde,6346,676,1280
03257033,gemeinde,1878,200,370
03257034,gemeinde,1701,181,302
03257035,gemeinde,22190,2233,5050
03257036,gemeinde,1461,151,310
03257037,gemeinde,896,109,216
03257038,gemeinde,1570,165,426
03351001,gemeinde,2739,239,411
03351002,gemeinde,1620,161,260
03351003,gemeinde,982,106,222
03351004,gemeinde,12943,1351,2464
03351005,gemeinde,1951,199,300
03351006,gemeinde,66610,6566,14838
03351007,gemeinde,3123,296,536
03351008,gemeinde,2008,245,417
03351010,gemeinde,6163,653,1350
03351012,gemeinde,10167,945,2077
03351015,gemeinde,1704,172,342
03351016,gemeinde,6125,588,1230
03351017,gemeinde,2137,232,424
03351018,gemeinde,6471,617,1418
03351021,gemeinde,6326,618,1104
03351022,gemeinde,4020,462,985
03351023,gemeinde,7331,769,1556
03351024,gemeinde,12600,1345,2899
03351025,gemeinde,5485,647,1151
03351026,gemeinde,11056,1207,2709
03351501,gemeinde,747,79,159
03352002,gemeinde,690,62,134
03352004,gemeinde,794,92,207
03352008,gemeinde,850,111,196
03352011,gemeinde,49740,5220,13230
03352020,gemeinde,3530,386,812
03352022,gemeinde,8554,837,1815
03352024,gemeinde,869,99,187
03352025,gemeinde,1535,144,368
03352029,gemeinde,3342,327,750
03352032,gemeinde,15909,1709,3464
03352036,gemeinde,614,61,129
03352038,gemeinde,1346,159,260
03352039,gemeinde,1096,152,269
03352041,gemeinde,1023,127,229
03352042,gemeinde,1376,175,357
03352043,gemeinde,472,54,100
03352044,gemeinde,1777,216,403
03352045,gemeinde,486,67,110
03352046,gemeinde,7326,840,1779
03352050,gemeinde,14288,1541,3137
03352051,gemeinde,803,87,184
03352052,gemeinde,544,71,117
03352055,gemeinde,2218,268,412
03352056,gemeinde,3303,396,798
03352059,gemeinde,13376,1535,2743
03352060,gemeinde,10690,1178,2206
03352061,gemeinde,16605,1756,3432
03352062,gemeinde,30932,3388,7042
03352063,gemeinde,3895,422,1019
03353001,gemeinde,2069,213,371
03353002,gemeinde,2150,238,361
03353003,gemeinde,2327,225,576
03353004,gemeinde,1939,184,354
03353005,gemeinde,40849,3822,8864
03353006,gemeinde,1200,118,176
03353007,gemeinde,4154,475,789
03353008,gemeinde,793,99,142
03353009,gemeinde,2770,262,574
03353010,gemeinde,1234,120,211
03353011,gemeinde,1162,110,210
03353012,gemeinde,1407,137,343
03353013,gemeinde,1030,95,168
03353014,gemeinde,748,78,97
03353015,gemeinde,2447,282,487
03353016,gemeinde,6218,645,1383
03353017,gemeinde,812,84,168
03353018,gemeinde,2283,261,395
03353019,gemeinde,3842,294,733
03353020,gemeinde,7826,787,1818
03353021,gemeinde,1490,160,247
03353022,gemeinde,603,54,97
03353023,gemeinde,3913,425,730
03353024,gemeinde,1410,145,226
03353025,gemeinde,2066,156,343
03353026,gemeinde,22553,2221,4167
03353027,gemeinde,1680,150,285
03353028,gemeinde,1071,99,194
03353029,gemeinde,13955,1465,2767
03353030,gemeinde,4823,459,1035
03353031,gemeinde,43261,4200,9681
03353032,gemeinde,11675,1243,2293
03353033,gemeinde,4773,607,968
03353034,gemeinde,2214,217,424
03353035,gemeinde,13860,1352,2873
03353036,gemeinde,1060,132,224
03353037,gemeinde,959,83,225
03353038,gemeinde,1210,124,221
03353039,gemeinde,1504,133,253
03353040,gemeinde,36173,3238,6785
03353041,gemeinde,1691,170,305
03353042,gemeinde,1725,157,322
03354001,gemeinde,1340,168,339
03354002,gemeinde,2169,238,525
03354003,gemeinde,302,38,89
03354004,gemeinde,7887,885,1906
03354005,gemeinde,1360,192,492
03354006,gemeinde,596,90,132
03354007,gemeinde,575,80,182
03354008,gemeinde,1186,129,304
03354009,gemeinde,4493,558,1339
03354010,gemeinde,606,71,246
03354011,gemeinde,1086,137,244
03354012,gemeinde,738,76,173
03354013,gemeinde,1328,162,283
03354014,gemeinde,691,79,179
03354015,gemeinde,1369,174,351
03354016,gemeinde,540,68,121
03354017,gemeinde,842,94,151
03354018,gemeinde,9212,1029,2309
03354019,gemeinde,1330,170,375
03354020,gemeinde,418,56,111
03354021,gemeinde,461,66,164
03354022,gemeinde,1225,162,310
03354023,gemeinde,946,109,247
03354024,gemeinde,852,127,207
03354025,gemeinde,872,132,182
03354026,gemeinde,2616,318,541
03354027,gemeinde,1597,190,498
03355001,gemeinde,10652,1177,2393
03355002,gemeinde,3729,361,847
03355003,gemeinde,1691,162,312
03355004,gemeinde,6606,600,1154
03355005,gemeinde,2480,212,367
03355006,gemeinde,744,109,162
03355007,gemeinde,1991,171,333
03355008,gemeinde,1110,118,239
03355009,gemeinde,9195,1051,2033
03355010,gemeinde,341,52,70
03355011,gemeinde,3366,349,520
03355012,gemeinde,480,48,99
03355013,gemeinde,3011,316,608
03355014,gemeinde,3628,371,750
03355015,gemeinde,1064,94,160
03355016,gemeinde,2798,256,493
03355017,gemeinde,2114,245,312
03355018,gemeinde,947,102,145
03355019,gemeinde,2315,244,460
03355020,gemeinde,2379,229,457
03355021,gemeinde,641,59,122
03355022,gemeinde,72870,6092,12627
03355023,gemeinde,659,80,136
03355024,gemeinde,3301,348,581
03355025,gemeinde,1139,140,242
03355026,gemeinde,2648,273,415
03355027,gemeinde,936,104,154
03355028,gemeinde,2224,170,366
03355029,gemeinde,703,85,131
03355030,gemeinde,1192,127,226
03355031,gemeinde,6877,736,1595
03355032,gemeinde,1832,193,365
03355033,gemeinde,3221,302,591
03355034,gemeinde,1468,161,270
03355035,gemeinde,1584,155,288
03355036,gemeinde,1341,136,227
03355037,gemeinde,612,96,148
03355038,gemeinde,833,69,156
03355039,gemeinde,2381,261,534
03355040,gemeinde,1715,184,272
03355041,gemeinde,2022,168,351
03355042,gemeinde,1418,119,194
03355049,gemeinde,4371,566,1097
03356001,gemeinde,1225,142,211
03356002,gemeinde,7664,828,1518
03356003,gemeinde,5536,615,1101
03356004,gemeinde,1380,196,355
03356005,gemeinde,19893,2022,4556
03356006,gemeinde,731,105,174
03356007,gemeinde,29762,3284,6037
03356008,gemeinde,14712,1438,3095
03356009,gemeinde,19958,1964,4335
03356010,gemeinde,2887,340,604
03356011,gemeinde,9277,1043,2411
03357001,gemeinde,1890,190,387
03357002,gemeinde,848,68,186
03357003,gemeinde,832,104,157
03357004,gemeinde,1451,133,271
03357005,gemeinde,1046,88,185
03357006,gemeinde,2328,230,421
03357007,gemeinde,1013,117,223
03357008,gemeinde,18256,1873,4198
03357009,gemeinde,1376,124,283
03357010,gemeinde,734,73,128
03357011,gemeinde,645,67,112
03357012,gemeinde,1062,126,205
03357013,gemeinde,1999,220,342
03357014,gemeinde,618,79,111
03357015,gemeinde,2872,339,649
03357016,gemeinde,9200,979,1883
03357017,gemeinde,521,54,76
03357018,gemeinde,2400,256,421
03357019,gemeinde,535,49,83
03357020,gemeinde,1173,94,211
03357021,gemeinde,4856,456,915
03357022,gemeinde,1096,119,234
03357023,gemeinde,871,84,148
03357024,gemeinde,1170,137,203
03357025,gemeinde,1476,178,228
03357026,gemeinde,1050,96,188
03357027,gemeinde,1210,152,242
03357028,gemeinde,1266,121,212
03357029,gemeinde,611,62,82
03357030,gemeinde,922,100,163
03357031,gemeinde,1209,139,220
03357032,gemeinde,927,81,149
03357033,gemeinde,2478,264,515
03357034,gemeinde,482,47,81
03357035,gemeinde,1892,199,360
03357036,gemeinde,951,84,173
03357037,gemeinde,1753,159,312
03357038,gemeinde,1072,98,206
03357039,gemeinde,22698,2412,4582
03357040,gemeinde,791,73,130
03357041,gemeinde,12734,1296,2509
03357042,gemeinde,727,63,112
03357043,gemeinde,3591,341,705
03357044,gemeinde,5877,553,1078
03357045,gemeinde,6259,602,1179
03357046,gemeinde,795,85,163
03357047,gemeinde,4008,452,843
03357048,gemeinde,876,82,128
03357049,gemeinde,688,71,118
03357050,gemeinde,765,89,126
03357051,gemeinde,9451,1035,1986
03357052,gemeinde,1013,107,165
03357053,gemeinde,455,51,95
03357054,gemeinde,741,102,146
03357055,gemeinde,1689,175,380
03357056,gemeinde,794,84,115
03357057,gemeinde,13453,1280,2477
03358001,gemeinde,1583,165,293
03358002,gemeinde,6524,667,1337
03358003,gemeinde,922,150,234
03358005,gemeinde,2156,237,362
03358006,gemeinde,818,88,171
03358007,gemeinde,1223,145,213
03358008,gemeinde,12901,1284,2566
03358009,gemeinde,531,52,96
03358010,gemeinde,1259,169,222
03358011,gemeinde,665,72,120
03358012,gemeinde,877,95,198
03358013,gemeinde,805,79,143
03358014,gemeinde,3121,317,520
03358015,gemeinde,2700,285,455
03358016,gemeinde,15019,1514,3035
03358017,gemeinde,5529,613,1139
03358018,gemeinde,2299,231,415
03358019,gemeinde,18824,2045,4222
03358020,gemeinde,5700,528,1185
03358021,gemeinde,22122,2319,4753
03358023,gemeinde,4144,405,759
03358024,gemeinde,31007,3179,6354
03358501,gemeinde,2042,77,109
03359001,gemeinde,1330,125,228
03359002,gemeinde,5374,493,905
03359003,gemeinde,4382,363,677
03359004,gemeinde,972,143,221
03359005,gemeinde,2089,219,336
03359006,gemeinde,2771,273,444
03359007,gemeinde,1832,184,307
03359008,gemeinde,795,91,150
03359009,gemeinde,1015,93,194
03359010,gemeinde,39950,3726,8541
03359011,gemeinde,2110,230,374
03359012,gemeinde,2225,173,417
03359013,gemeinde,11138,1143,2252
03359014,gemeinde,1009,103,189
03359015,gemeinde,756,75,140
03359016,gemeinde,1462,185,244
03359017,gemeinde,6244,665,1282
03359018,gemeinde,1775,214,504
03359019,gemeinde,472,62,89
03359020,gemeinde,1827,207,445
03359021,gemeinde,1088,119,244
03359022,gemeinde,3115,290,499
03359023,gemeinde,14452,1258,2621
03359024,gemeinde,1433,151,221
03359025,gemeinde,5317,451,1064
03359026,gemeinde,3240,326,630
03359027,gemeinde,6533,581,1116
03359028,gemeinde,11674,1086,2318
03359029,gemeinde,750,82,151
03359030,gemeinde,470,73,121
03359031,gemeinde,4533,527,939
03359032,gemeinde,1071,94,187
03359033,gemeinde,839,87,99
03359034,gemeinde,1597,138,272
03359035,gemeinde,984,124,235
03359036,gemeinde,2997,303,653
03359037,gemeinde,2524,220,386
03359038,gemeinde,47852,4712,9569
03359039,gemeinde,1763,169,457
03359040,gemeinde,2863,321,549
03360001,gemeinde,1409,166,308
03360002,gemeinde,9090,981,2968
03360003,gemeinde,726,94,144
03360004,gemeinde,6579,733,1296
03360005,gemeinde,3809,486,1087
03360006,gemeinde,5316,596,1134
03360007,gemeinde,847,106,166
03360008,gemeinde,706,84,137
03360009,gemeinde,1422,176,336
03360010,gemeinde,910,119,160
03360011,gemeinde,1689,230,400
03360012,gemeinde,736,91,168
03360013,gemeinde,1178,118,271
03360014,gemeinde,727,98,157
03360015,gemeinde,1091,123,218
03360016,gemeinde,453,60,93
03360017,gemeinde,799,100,161
03360018,gemeinde,2013,214,428
03360019,gemeinde,673,86,132
03360020,gemeinde,1055,126,236
03360022,gemeinde,604,84,137
03360023,gemeinde,4301,459,975
03360024,gemeinde,2337,292,540
03360025,gemeinde,32680,3407,7157
03360026,gemeinde,928,121,209
03360029,gemeinde,2285,284,505
03360030,gemeinde,6177,678,1384
03361001,gemeinde,32176,2965,7090
03361002,gemeinde,2865,321,481
03361003,gemeinde,8737,885,1801
03361004,gemeinde,1487,203,286
03361005,gemeinde,10096,1165,1963
03361006,gemeinde,14304,1561,2929
03361008,gemeinde,13139,1297,2603
03361009,gemeinde,16080,1626,3446
03361010,gemeinde,2949,286,490
03361012,gemeinde,26950,2621,5381
03361013,gemeinde,7897,726,1457
03401000,gemeinde,80845,7587,16059
03402000,gemeinde,48920,4514,9586
03403000,gemeinde,172759,15463,30299
03404000,gemeinde,164898,13763,27931
03405000,gemeinde,75366,7460,17734
03451001,gemeinde,11608,1207,2171
03451002,gemeinde,29440,3018,8242
03451004,gemeinde,22455,2173,4106
03451005,gemeinde,22555,2298,4663
03451007,gemeinde,23674,2267,4721
03451008,gemeinde,16229,1683,3080
03452001,gemeinde,41631,4133,8220
03452002,gemeinde,562,61,95
03452003,gemeinde,2619,284,552
03452006,gemeinde,14014,1516,2769
03452007,gemeinde,8448,946,1625
03452008,gemeinde,6463,876,2031
03452009,gemeinde,395,46,98
03452010,gemeinde,975,99,171
03452011,gemeinde,7201,707,1638
03452012,gemeinde,12337,1271,2385
03452013,gemeinde,1186,110,187
03452014,gemeinde,11480,1465,2644
03452015,gemeinde,1775,200,308
03452016,gemeinde,716,69,164
03452017,gemeinde,2465,232,646
03452019,gemeinde,24865,2964,6333
03452020,gemeinde,5367,516,1100
03452021,gemeinde,2045,209,380
03452022,gemeinde,2020,196,319
03452023,gemeinde,18206,1831,3135
03452024,gemeinde,3622,358,653
03452025,gemeinde,13833,1536,3093
03452026,gemeinde,941,122,161
03452027,gemeinde,4349,645,1183
03453001,gemeinde,13516,1458,2448
03453002,gemeinde,8525,693,1059
03453003,gemeinde,8546,689,1027
03453004,gemeinde,35988,3262,5732
03453005,gemeinde,12345,1039,1600
03453006,gemeinde,9274,862,1316
03453007,gemeinde,22200,2152,3200
03453008,gemeinde,14703,1380,1902
03453009,gemeinde,7541,713,1149
03453010,gemeinde,5041,486,739
03453011,gemeinde,14282,1377,2268
03453012,gemeinde,9156,697,1101
03453013,gemeinde,14291,1405,2351
03454001,gemeinde,908,95,139
03454002,gemeinde,2517,238,432
03454003,gemeinde,1689,198,270
03454004,gemeinde,994,88,197
03454005,gemeinde,2888,308,496
03454006,gemeinde,824,85,125
03454007,gemeinde,1469,127,251
03454008,gemeinde,5323,537,967
03454009,gemeinde,1164,141,194
03454010,gemeinde,10704,1006,1785
03454011,gemeinde,5289,469,803
03454012,gemeinde,4828,514,874
03454013,gemeinde,938,88,160
03454014,gemeinde,11669,1218,1886
03454015,gemeinde,1172,110,197
03454016,gemeinde,683,64,93
03454017,gemeinde,837,95,144
03454018,gemeinde,24152,2425,3971
03454019,gemeinde,13205,1295,2710
03454020,gemeinde,2518,250,406
03454021,gemeinde,4606,519,841
03454022,gemeinde,771,74,134
03454023,gemeinde,551,54,78
03454024,gemeinde,1160,112,216
03454025,gemeinde,1758,193,350
03454026,gemeinde,4612,471,929
03454027,gemeinde,868,71,127
03454028,gemeinde,1451,150,226
03454029,gemeinde,6588,661,1279
03454030,gemeinde,986,94,151
03454031,gemeinde,2787,241,508
03454032,gemeinde,55092,5406,10295
03454033,gemeinde,3293,294,413
03454034,gemeinde,2047,240,388
03454035,gemeinde,36429,3435,6833
03454036,gemeinde,1046,111,181
03454037,gemeinde,1550,137,288
03454038,gemeinde,836,98,124
03454039,gemeinde,1299,130,264
03454040,gemeinde,987,110,156
03454041,gemeinde,36770,3583,6198
03454042,gemeinde,1082,104,201
03454043,gemeinde,673,66,105
03454044,gemeinde,4314,467,751
03454045,gemeinde,7852,756,1383
03454046,gemeinde,2416,232,393
03454047,gemeinde,7612,615,1247
03454048,gemeinde,1558,98,231
03454049,gemeinde,9702,850,1434
03454050,gemeinde,1045,99,208
03454051,gemeinde,4263,421,670
03454052,gemeinde,1311,146,217
03454053,gemeinde,1722,206,360
03454054,gemeinde,9689,1017,1522
03454055,gemeinde,1951,224,258
03454056,gemeinde,1649,229,419
03454057,gemeinde,10204,882,1306
03454058,gemeinde,1138,100,177
03454059,gemeinde,513,54,103
03454060,gemeinde,994,97,125
03455007,gemeinde,14580,1422,3754
03455014,gemeinde,8588,1007,2073
03455015,gemeinde,20718,2167,4866
03455020,gemeinde,9084,1080,2371
03455021,gemeinde,1069,149,232
03455025,gemeinde,9007,967,1988
03455026,gemeinde,24560,2536,5867
03455027,gemeinde,12046,1192,2717
03456001,gemeinde,16482,1648,3378
03456002,gemeinde,7477,771,1309
03456003,gemeinde,417,45,73
03456004,gemeinde,588,65,93
03456005,gemeinde,1256,135,215
03456006,gemeinde,528,42,127
03456007,gemeinde,583,63,133
03456008,gemeinde,683,60,138
03456009,gemeinde,2880,311,498
03456010,gemeinde,633,62,111
03456011,gemeinde,1721,203,323
03456012,gemeinde,2090,202,329
03456013,gemeinde,1034,111,201
03456014,gemeinde,10591,1014,2025
03456015,gemeinde,55724,5415,10988
03456016,gemeinde,622,58,96
03456017,gemeinde,1230,100,210
03456018,gemeinde,644,62,89
03456019,gemeinde,1982,191,335
03456020,gemeinde,813,75,140
03456023,gemeinde,5873,556,1244
03456024,gemeinde,503,70,99
03456025,gemeinde,12783,1186,1831
03456026,gemeinde,1652,159,328
03456027,gemeinde,13361,1285,2282
03457002,gemeinde,4468,456,886
03457003,gemeinde,808,63,155
03457006,gemeinde,2758,294,571
03457008,gemeinde,2213,233,404
03457009,gemeinde,813,68,137
03457010,gemeinde,4641,461,944
03457011,gemeinde,2208,209,480
03457012,gemeinde,3539,435,807
03457013,gemeinde,34181,3319,6925
03457014,gemeinde,23372,2325,4598
03457015,gemeinde,1795,159,259
03457016,gemeinde,1838,186,288
03457017,gemeinde,11454,1228,2374
03457018,gemeinde,18032,1860,3876
03457019,gemeinde,719,69,132
03457020,gemeinde,11907,1187,2133
03457021,gemeinde,15435,1641,2921
03457022,gemeinde,21002,2113,3538
03457024,gemeinde,7527,812,1543
03458001,gemeinde,778,86,173
03458002,gemeinde,767,95,134
03458003,gemeinde,6139,710,1038
03458004,gemeinde,1189,133,210
03458005,gemeinde,30897,3201,6875
03458006,gemeinde,1064,128,290
03458007,gemeinde,15626,1401,2507
03458008,gemeinde,4712,563,1070
03458009,gemeinde,14056,1479,2667
03458010,gemeinde,15827,1640,3113
03458011,gemeinde,1182,125,294
03458012,gemeinde,652,62,107
03458013,gemeinde,16209,1731,3378
03458014,gemeinde,20702,2006,3679
03458015,gemeinde,529,76,106
03459001,gemeinde,3989,395,585
03459002,gemeinde,7678,747,1240
03459003,gemeinde,16143,1712,3095
03459004,gemeinde,10710,1139,2370
03459005,gemeinde,8945,899,1665
03459006,gemeinde,8574,812,2400
03459007,gemeinde,4306,415,730
03459008,gemeinde,13729,1435,2885
03459009,gemeinde,3478,352,624
03459010,gemeinde,8248,829,1338
03459011,gemeinde,2893,311,522
03459012,gemeinde,14347,1550,2913
03459013,gemeinde,12968,1331,2431
03459014,gemeinde,30625,3155,5870
03459015,gemeinde,10254,967,1698
03459016,gemeinde,1749,178,276
03459017,gemeinde,9254,1001,1725
03459018,gemeinde,2510,250,323
03459019,gemeinde,31548,3274,6685
03459020,gemeinde,13185,1478,2676
03459021,gemeinde,10998,1166,2301
03459022,gemeinde,10135,1043,1770
03459023,gemeinde,1780,168,257
03459024,gemeinde,46187,4689,8866
03459025,gemeinde,2341,266,437
03459026,gemeinde,3743,427,586
03459027,gemeinde,4612,449,826
03459028,gemeinde,2871,327,479
03459029,gemeinde,9888,958,1831
03459030,gemeinde,13806,1264,2197
03459031,gemeinde,3595,365,527
03459032,gemeinde,1771,174,281
03459033,gemeinde,22790,2496,4571
03459034,gemeinde,6508,663,1076
03460001,gemeinde,6686,608,944
03460002,gemeinde,17352,1597,2832
03460003,gemeinde,13406,1332,2023
03460004,gemeinde,10365,1009,1462
03460005,gemeinde,7521,715,1081
03460006,gemeinde,27985,2440,4315
03460007,gemeinde,8845,778,1281
03460008,gemeinde,10064,961,1432
03460009,gemeinde,33126,2726,4908
03460010,gemeinde,9762,921,1451
03461001,gemeinde,6884,711,1381
03461002,gemeinde,15076,1651,3346
03461003,gemeinde,5979,811,1562
03461004,gemeinde,9012,943,1692
03461005,gemeinde,5849,626,1115
03461006,gemeinde,6953,702,1548
03461007,gemeinde,25862,2708,5623
03461008,gemeinde,5361,612,1008
03461009,gemeinde,7637,865,1718
03462001,gemeinde,1882,203,328
03462002,gemeinde,1028,108,243
03462003,gemeinde,6826,893,1974
03462004,gemeinde,835,88,145
03462005,gemeinde,10282,1131,2103
03462006,gemeinde,1791,199,387
03462007,gemeinde,1393,139,267
03462008,gemeinde,884,109,182
03462009,gemeinde,755,71,168
03462010,gemeinde,927,131,238
03462011,gemeinde,1179,153,207
03462012,gemeinde,936,98,191
03462013,gemeinde,744,66,192
03462014,gemeinde,632,63,89
03462015,gemeinde,1619,180,323
03462016,gemeinde,670,70,119
03462017,gemeinde,692,104,171
03462018,gemeinde,2595,257,558
03462019,gemeinde,19979,2322,4811
04011000,gemeinde,575071,49686,106274
04012000,gemeinde,118133,11123,22512
05111000,gemeinde,611258,50133,103829
05112000,gemeinde,501415,46429,89640
05113000,gemeinde,571039,53261,110470
05114000,gemeinde,230666,22624,44688
05116000,gemeinde,264089,26174,49710
05117000,gemeinde,171435,17016,36422
05119000,gemeinde,212127,21916,41749
05120000,gemeinde,113743,11302,22002
05122000,gemeinde,164621,16605,31677
05124000,gemeinde,356768,33104,65764
05154004,gemeinde,13197,1332,2418
05154008,gemeinde,30770,3065,6039
05154012,gemeinde,34603,3590,6668
05154016,gemeinde,34379,3534,6205
05154020,gemeinde,12232,1380,2644
05154024,gemeinde,14160,1512,2632
05154028,gemeinde,12801,1405,2596
05154032,gemeinde,27863,2879,5390
05154036,gemeinde,52208,4918,9621
05154040,gemeinde,10981,1049,1877
05154044,gemeinde,21647,2449,4323
05154048,gemeinde,6402,767,1356
05154052,gemeinde,16314,1722,2810
05154056,gemeinde,8197,890,1532
05154060,gemeinde,8161,870,1632
05154064,gemeinde,11446,1088,1749
05158004,gemeinde,43815,4520,10666
05158008,gemeinde,30000,3202,6810
05158012,gemeinde,26425,2665,5568
05158016,gemeinde,55085,5768,12777
05158020,gemeinde,59650,6462,12181
05158024,gemeinde,39448,3914,8291
05158026,gemeinde,42188,4005,8426
05158028,gemeinde,88425,8700,20383
05158032,gemeinde,82319,8393,16537
05158036,gemeinde,20773,2319,4417
05162004,gemeinde,64259,6635,12647
05162008,gemeinde,65230,6739,12574
05162012,gemeinde,23626,2489,4541
05162016,gemeinde,43165,4239,9928
05162020,gemeinde,34168,3810,7360
05162022,gemeinde,56999,5586,11940
05162024,gemeinde,153079,14639,28940
05162028,gemeinde,13886,1372,2510
05166004,gemeinde,16082,1782,3395
05166008,gemeinde,14710,1724,3121
05166012,gemeinde,34165,3856,7564
05166016,gemeinde,41669,4273,8252
05166020,gemeinde,14447,1745,2960
05166024,gemeinde,18658,2185,3614
05166028,gemeinde,29114,3284,6319
05166032,gemeinde,76146,7867,15401
05166036,gemeinde,49494,5320,9730
05170004,gemeinde,12085,1504,2585
05170008,gemeinde,66606,7459,14355
05170012,gemeinde,26520,2925,5539
05170016,gemeinde,13419,1535,3336
05170020,gemeinde,37469,4047,7349
05170024,gemeinde,100465,10931,21595
05170028,gemeinde,27021,3033,5999
05170032,gemeinde,31210,3478,6178
05170036,gemeinde,13417,1566,3155
05170040,gemeinde,8587,955,1615
05170044,gemeinde,35387,3987,7972
05170048,gemeinde,59988,6422,12629
05170052,gemeinde,20919,2600,4785
05314000,gemeinde,321544,26679,53118
05315000,gemeinde,1017355,81015,160816
05316000,gemeinde,166356,15690,31861
05334002,gemeinde,261178,20676,42654
05334004,gemeinde,48421,4883,8982
05334008,gemeinde,28757,2851,5096
05334012,gemeinde,57093,5883,11272
05334016,gemeinde,47832,5018,9828
05334020,gemeinde,12256,1556,2749
05334024,gemeinde,8685,999,1762
05334028,gemeinde,16393,1901,3421
05334032,gemeinde,57165,5809,11457
05334036,gemeinde,39792,3836,7995
05358004,gemeinde,13939,1478,2375
05358008,gemeinde,94149,8956,17513
05358012,gemeinde,4482,555,1016
05358016,gemeinde,8993,1011,1916
05358020,gemeinde,7467,810,1226
05358024,gemeinde,34208,3352,6780
05358028,gemeinde,18061,2207,3953
05358032,gemeinde,14654,1594,2837
05358036,gemeinde,13456,1487,2725
05358040,gemeinde,10344,1111,2036
05358044,gemeinde,10804,1316,2308
05358048,gemeinde,14783,1487,2817
05358052,gemeinde,11430,1289,2056
05358056,gemeinde,8795,1000,1619
05358060,gemeinde,9827,1100,1628
05362004,gemeinde,24685,2737,4535
05362008,gemeinde,61449,5932,11431
05362012,gemeinde,44397,4254,9413
05362016,gemeinde,21124,2110,3922
05362020,gemeinde,48267,5224,10496
05362024,gemeinde,51863,4890,10088
05362028,gemeinde,61209,5580,10441
05362032,gemeinde,65763,6180,11943
05362036,gemeinde,55199,5445,12306
05362040,gemeinde,37301,3532,6471
05366004,gemeinde,18026,2249,4244
05366008,gemeinde,8373,1010,1798
05366012,gemeinde,4362,528,915
05366016,gemeinde,58697,5918,11070
05366020,gemeinde,7646,927,1743
05366024,gemeinde,11119,1318,2244
05366028,gemeinde,28694,3129,5463
05366032,gemeinde,7939,918,1460
05366036,gemeinde,13151,1579,2803
05366040,gemeinde,18736,1893,3419
05366044,gemeinde,21093,2297,3836
05370004,gemeinde,44216,4840,8923
05370008,gemeinde,12849,1358,2310
05370012,gemeinde,28139,2949,5078
05370016,gemeinde,42593,4593,8171
05370020,gemeinde,40659,4102,7315
05370024,gemeinde,10461,1174,1888
05370028,gemeinde,23748,2568,4505
05370032,gemeinde,9021,1052,1699
05370036,gemeinde,19191,2124,3741
05370040,gemeinde,28098,3119,6004
05374004,gemeinde,18526,1818,3562
05374008,gemeinde,19550,2260,3944
05374012,gemeinde,51327,5025,9718
05374016,gemeinde,14521,1627,3021
05374020,gemeinde,21322,2391,4075
05374024,gemeinde,13403,1362,2396
05374028,gemeinde,10426,1120,2085
05374032,gemeinde,17339,1874,3152
05374036,gemeinde,21547,2282,4674
05374040,gemeinde,18592,2015,3105
05374044,gemeinde,19534,2006,3315
05374048,gemeinde,25010,2774,5231
05374052,gemeinde,21647,2255,4144
05378004,gemeinde,110898,11276,24577
05378008,gemeinde,19131,2120,3377
05378012,gemeinde,19837,2212,3774
05378016,gemeinde,27755,2952,6154
05378020,gemeinde,15616,1691,3242
05378024,gemeinde,26608,2699,5354
05378028,gemeinde,28300,2998,5657
05378032,gemeinde,34532,3724,7291
05382004,gemeinde,23692,2598,4245
05382008,gemeinde,24825,2621,5814
05382012,gemeinde,47695,5053,8893
05382016,gemeinde,18828,2066,3599
05382020,gemeinde,47923,4849,8590
05382024,gemeinde,40532,4241,8384
05382028,gemeinde,30889,3211,6296
05382032,gemeinde,24594,2542,6030
05382036,gemeinde,14307,1549,2710
05382040,gemeinde,19950,2162,4280
05382044,gemeinde,38069,3665,6999
05382048,gemeinde,26704,2819,5500
05382052,gemeinde,10878,1097,1955
05382056,gemeinde,55985,5641,11879
05382060,gemeinde,42142,3784,7679
05382064,gemeinde,18319,1850,3876
05382068,gemeinde,75335,7286,13855
05382072,gemeinde,20284,2134,3965
05382076,gemeinde,19335,2409,3884
05512000,gemeinde,117921,12858,24295
05513000,gemeinde,264130,25104,46956
05515000,gemeinde,303772,25000,48810
05554004,gemeinde,39443,3764,6284
05554008,gemeinde,71985,7237,13732
05554012,gemeinde,42443,4467,7801
05554016,gemeinde,17245,1772,3069
05554020,gemeinde,49506,4421,7820
05554024,gemeinde,8687,764,1357
05554028,gemeinde,8322,910,1576
05554032,gemeinde,11045,1106,1979
05554036,gemeinde,7380,681,1103
05554040,gemeinde,11525,1289,2175
05554044,gemeinde,14867,1580,2764
05554048,gemeinde,19219,1990,3406
05554052,gemeinde,6878,706,1154
05554056,gemeinde,20791,1910,3135
05554060,gemeinde,9632,969,1673
05554064,gemeinde,12662,1324,2180
05554068,gemeinde,22788,2273,3666
05558004,gemeinde,15459,1630,2795
05558008,gemeinde,11625,1217,2325
05558012,gemeinde,37371,3935,7313
05558016,gemeinde,46865,5055,9337
05558020,gemeinde,12033,1300,2569
05558024,gemeinde,24770,2589,4834
05558028,gemeinde,10334,1117,2036
05558032,gemeinde,20080,2286,3800
05558036,gemeinde,12814,1609,2614
05558040,gemeinde,11162,1101,1902
05558044,gemeinde,20440,2263,3920
05562004,gemeinde,72839,7995,14746
05562008,gemeinde,35277,3818,7010
05562012,gemeinde,74257,8146,16288
05562014,gemeinde,75515,7409,14510
05562016,gemeinde,38203,4272,8185
05562020,gemeinde,61062,6433,13136
05562024,gemeinde,85684,9424,17234
05562028,gemeinde,31051,3301,6021
05562032,gemeinde,115216,12204,23427
05562036,gemeinde,29246,3244,6481
05566004,gemeinde,10220,1068,1793
05566008,gemeinde,35513,3788,6531
05566012,gemeinde,37806,3895,6852
05566016,gemeinde,19600,2071,3214
05566020,gemeinde,7629,676,1199
05566024,gemeinde,6765,630,1187
05566028,gemeinde,50618,5127,9360
05566032,gemeinde,6765,739,1323
05566036,gemeinde,6721,681,1154
05566040,gemeinde,22196,2275,4429
05566044,gemeinde,8438,935,1680
05566048,gemeinde,13450,1430,2442
05566052,gemeinde,6404,617,1130
05566056,gemeinde,11507,1317,2130
05566060,gemeinde,13708,1235,2339
05566064,gemeinde,9901,977,1907
05566068,gemeinde,19884,1848,3344
05566072,gemeinde,11271,1206,1931
05566076,gemeinde,76344,7448,14278
05566080,gemeinde,6865,701,1124
05566084,gemeinde,33965,3429,6152
05566088,gemeinde,8996,947,1847
05566092,gemeinde,10885,1182,2122
05566096,gemeinde,8239,785,1348
05570004,gemeinde,52669,5038,10189
05570008,gemeinde,36692,3868,7205
05570012,gemeinde,5976,617,985
05570016,gemeinde,15914,1734,2857
05570020,gemeinde,19723,2121,3990
05570024,gemeinde,9704,1032,1892
05570028,gemeinde,29704,2944,5817
05570032,gemeinde,11027,1103,1787
05570036,gemeinde,14469,1470,2414
05570040,gemeinde,13785,1353,2635
05570044,gemeinde,19751,2082,4078
05570048,gemeinde,12619,1325,2553
05570052,gemeinde,37176,3995,7432
05711000,gemeinde,330072,28651,58932
05754004,gemeinde,8777,909,1605
05754008,gemeinde,99344,9748,18169
05754012,gemeinde,21189,2187,4297
05754016,gemeinde,25137,2258,4081
05754020,gemeinde,16398,1546,2887
05754024,gemeinde,8359,866,1386
05754028,gemeinde,47502,4381,8189
05754032,gemeinde,29284,2803,5202
05754036,gemeinde,26120,2667,4765
05754040,gemeinde,19821,2050,3911
05754044,gemeinde,25286,2429,4150
05754048,gemeinde,21303,2148,3804
05754052,gemeinde,11051,1277,2277
05758004,gemeinde,46591,4905,9439
05758008,gemeinde,20542,2265,3859
05758012,gemeinde,66985,6438,12938
05758016,gemeinde,19560,2056,4214
05758020,gemeinde,16214,1725,3187
05758024,gemeinde,40847,4167,8039
05758028,gemeinde,9962,1101,1835
05758032,gemeinde,14682,1623,3246
05758036,gemeinde,18625,1986,3924
05762004,gemeinde,18572,2106,4111
05762008,gemeinde,12664,1495,2818
05762012,gemeinde,8727,952,1768
05762016,gemeinde,16196,1738,3236
05762020,gemeinde,28012,3164,6358
05762024,gemeinde,4802,575,960
05762028,gemeinde,5977,664,1212
05762032,gemeinde,12106,1325,2430
05762036,gemeinde,23211,2594,4700
05762040,gemeinde,8180,904,1510
05766004,gemeinde,10054,905,1333
05766008,gemeinde,53889,5424,12223
05766012,gemeinde,8459,956,1749
05766016,gemeinde,15397,1674,3100
05766020,gemeinde,74486,7416,14857
05766024,gemeinde,7509,828,1502
05766028,gemeinde,11332,1324,2431
05766032,gemeinde,17433,1821,3797
05766036,gemeinde,13279,1472,2887
05766040,gemeinde,35048,3507,6622
05766044,gemeinde,39973,4103,8306
05766048,gemeinde,17125,1698,3294
05766052,gemeinde,9349,1047,1928
05766056,gemeinde,17193,1791,3593
05766060,gemeinde,8205,955,1764
05766064,gemeinde,9299,1026,1727
05770004,gemeinde,50394,5073,10197
05770008,gemeinde,25647,2592,4523
05770012,gemeinde,16082,1841,3162
05770016,gemeinde,13277,1402,2289
05770020,gemeinde,26525,2742,5247
05770024,gemeinde,83743,8275,16507
05770028,gemeinde,25281,2944,5359
05770032,gemeinde,36557,3715,7381
05770036,gemeinde,12434,1341,2345
05770040,gemeinde,15910,1766,3169
05770044,gemeinde,13606,1599,2778
05774004,gemeinde,9218,987,1739
05774008,gemeinde,17048,1697,3511
05774012,gemeinde,13849,1468,2446
05774016,gemeinde,21330,2267,3749
05774020,gemeinde,31570,3162,5258
05774024,gemeinde,16497,1734,2915
05774028,gemeinde,10679,1205,1845
05774032,gemeinde,155516,14176,24844
05774036,gemeinde,25288,2618,4560
05774040,gemeinde,12107,1232,2041
05911000,gemeinde,354288,33983,70084
05913000,gemeinde,598246,53479,108075
05914000,gemeinde,189614,18219,36236
05915000,gemeinde,179070,17032,33790
05916000,gemeinde,155446,15070,30228
05954004,gemeinde,8770,916,1901
05954008,gemeinde,29506,3009,6059
05954012,gemeinde,29768,3257,6249
05954016,gemeinde,52758,5862,12091
05954020,gemeinde,23158,2501,5570
05954024,gemeinde,27986,2800,5969
05954028,gemeinde,24156,2741,5500
05954032,gemeinde,26317,2890,5489
05954036,gemeinde,91735,9518,19254
05958004,gemeinde,74861,7908,15411
05958008,gemeinde,10238,1135,1961
05958012,gemeinde,25279,2791,5146
05958016,gemeinde,8782,810,1646
05958020,gemeinde,4375,466,862
05958024,gemeinde,19471,2391,4163
05958028,gemeinde,7965,842,1549
05958032,gemeinde,29632,3139,6091
05958036,gemeinde,14740,1648,2934
05958040,gemeinde,24518,2562,4794
05958044,gemeinde,27677,3010,5336
05958048,gemeinde,12974,1491,2858
05962004,gemeinde,16774,1852,3597
05962008,gemeinde,11283,1251,2232
05962012,gemeinde,16395,1852,3180
05962016,gemeinde,34984,3868,6842
05962020,gemeinde,6881,749,1470
05962024,gemeinde,91941,9529,19099
05962028,gemeinde,16592,1647,3034
05962032,gemeinde,71688,7253,14212
05962036,gemeinde,20261,2035,3693
05962040,gemeinde,52434,5725,11200
05962044,gemeinde,6201,632,1184
05962048,gemeinde,11538,1202,2249
05962052,gemeinde,24665,2564,4771
05962056,gemeinde,10469,1197,2123
05962060,gemeinde,17854,1764,3234
05966004,gemeinde,23527,2364,4200
05966008,gemeinde,11825,1281,2092
05966012,gemeinde,17084,1702,3026
05966016,gemeinde,11454,1283,2043
05966020,gemeinde,24423,2562,4704
05966024,gemeinde,24651,2473,4935
05966028,gemeinde,19266,1993,3290
05970004,gemeinde,18358,2145,3866
05970008,gemeinde,14572,1446,2739
05970012,gemeinde,6799,760,1424
05970016,gemeinde,17475,1839,3562
05970020,gemeinde,14488,1548,3076
05970024,gemeinde,30609,2940,5977
05970028,gemeinde,13101,1482,2765
05970032,gemeinde,23005,2556,4565
05970036,gemeinde,12949,1348,2739
05970040,gemeinde,102275,9430,18672
05970044,gemeinde,20115,2135,4332
05974004,gemeinde,10237,1098,1749
05974008,gemeinde,12110,1258,3625
05974012,gemeinde,12191,1314,2188
05974016,gemeinde,16066,1575,3340
05974020,gemeinde,20835,2114,3604
05974024,gemeinde,11840,1302,2207
05974028,gemeinde,68100,6918,12802
05974032,gemeinde,11537,1310,2384
05974036,gemeinde,10100,1101,1937
05974040,gemeinde,46453,4843,8822
05974044,gemeinde,25162,2896,5620
05974048,gemeinde,11927,1333,2422
05974052,gemeinde,29984,3061,5566
05974056,gemeinde,11525,1272,2379
05978004,gemeinde,48518,5104,8998
05978008,gemeinde,18097,1799,3678
05978012,gemeinde,20668,2246,4593
05978016,gemeinde,17272,1713,3858
05978020,gemeinde,42205,4555,9169
05978024,gemeinde,85234,8847,16554
05978028,gemeinde,45954,5006,10265
05978032,gemeinde,25701,3099,5123
05978036,gemeinde,59515,6395,12599
05978040,gemeinde,30229,3320,6860
06411000,gemeinde,161767,12474,24798
06412000,gemeinde,743268,54140,104506
06413000,gemeinde,129479,9980,18487
06414000,gemeinde,284260,24058,50103
06431001,gemeinde,2421,301,527
06431002,gemeinde,40993,3999,8247
06431003,gemeinde,8998,1046,1836
06431004,gemeinde,9489,1030,2160
06431005,gemeinde,17308,1773,3250
06431006,gemeinde,6385,692,1262
06431007,gemeinde,10843,1194,2191
06431008,gemeinde,4146,442,861
06431009,gemeinde,4010,469,840
06431010,gemeinde,3645,385,732
06431011,gemeinde,26912,2704,5293
06431012,gemeinde,3435,386,827
06431013,gemeinde,32058,3419,6659
06431014,gemeinde,6993,794,1519
06431015,gemeinde,5009,557,1117
06431016,gemeinde,14291,1475,2772
06431017,gemeinde,10300,1193,2143
06431018,gemeinde,3785,379,822
06431019,gemeinde,8642,887,1851
06431020,gemeinde,34252,3372,6573
06431021,gemeinde,10505,1237,2274
06431022,gemeinde,7197,782,1373
06432001,gemeinde,9195,1027,1992
06432002,gemeinde,16957,1617,3078
06432003,gemeinde,5964,567,1242
06432004,gemeinde,15694,1435,3025
06432005,gemeinde,6360,626,1240
06432006,gemeinde,7866,703,1444
06432007,gemeinde,2674,312,511
06432008,gemeinde,28578,2622,4700
06432009,gemeinde,4704,490,941
06432010,gemeinde,21244,2269,4183
06432011,gemeinde,14497,1428,2410
06432012,gemeinde,4120,404,857
06432013,gemeinde,5212,594,1065
06432014,gemeinde,14071,1393,2922
06432015,gemeinde,14772,1560,2703
06432016,gemeinde,14940,1584,2746
06432017,gemeinde,6428,720,1323
06432018,gemeinde,25474,2507,4874
06432019,gemeinde,16365,1665,3576
06432020,gemeinde,12918,1282,2376
06432021,gemeinde,9157,970,1664
06432022,gemeinde,16361,1652,3896
06432023,gemeinde,26311,2391,4391
06433001,gemeinde,6280,641,1237
06433002,gemeinde,12484,1022,2508
06433003,gemeinde,14573,1277,2546
06433004,gemeinde,10400,1040,1790
06433005,gemeinde,16322,1568,2929
06433006,gemeinde,24887,2302,4637
06433007,gemeinde,15811,1311,2273
06433008,gemeinde,31804,2804,5514
06433009,gemeinde,10443,979,2229
06433010,gemeinde,14908,1105,1999
06433011,gemeinde,22927,2258,3842
06433012,gemeinde,64517,5278,10854
06433013,gemeinde,6027,619,1121
06433014,gemeinde,12971,1247,2569
06434001,gemeinde,54795,4774,11772
06434002,gemeinde,25585,2343,5629
06434003,gemeinde,5395,574,1144
06434004,gemeinde,5321,557,964
06434005,gemeinde,16782,1482,3275
06434006,gemeinde,18454,1462,5032
06434007,gemeinde,14567,1633,2802
06434008,gemeinde,46218,4162,8948
06434009,gemeinde,9425,939,1607
06434010,gemeinde,10714,954,2129
06434011,gemeinde,15227,1523,2990
06434012,gemeinde,9336,1007,1941
06434013,gemeinde,6785,753,1379
06435001,gemeinde,9724,1080,2779
06435002,gemeinde,13364,1394,2789
06435003,gemeinde,8277,975,1663
06435004,gemeinde,6102,716,1340
06435005,gemeinde,4849,565,1038
06435006,gemeinde,20335,1928,4612
06435007,gemeinde,15333,1396,2532
06435008,gemeinde,2278,272,505
06435009,gemeinde,14078,1604,2916
06435010,gemeinde,22868,2343,4455
06435011,gemeinde,7297,748,1522
06435012,gemeinde,14356,1606,2708
06435013,gemeinde,4801,503,929
06435014,gemeinde,93632,8047,16195
06435015,gemeinde,7231,843,1449
06435016,gemeinde,3372,428,743
06435017,gemeinde,14297,1428,2775
06435018,gemeinde,9588,1060,1921
06435019,gemeinde,38712,3476,7337
06435020,gemeinde,5167,553,1156
06435021,gemeinde,20055,2128,3735
06435022,gemeinde,3765,305,631
06435023,gemeinde,10834,1061,2594
06435024,gemeinde,3463,415,694
06435025,gemeinde,15577,1639,3388
06435026,gemeinde,11577,1175,2251
06435027,gemeinde,8646,1012,1856
06435028,gemeinde,10031,1075,2204
06435029,gemeinde,12485,1241,2426
06436001,gemeinde,23242,1881,4784
06436002,gemeinde,13314,1278,2551
06436003,gemeinde,21663,1762,3703
06436004,gemeinde,21383,1883,3743
06436005,gemeinde,28016,2557,4925
06436006,gemeinde,18148,1799,3836
06436007,gemeinde,39004,3665,7451
06436008,gemeinde,28392,2624,5572
06436009,gemeinde,11137,992,2337
06436010,gemeinde,8545,778,1608
06436011,gemeinde,15359,1307,3126
06436012,gemeinde,8847,814,1617
06437001,gemeinde,9536,986,2306
06437003,gemeinde,4893,558,1069
06437004,gemeinde,7236,676,1374
06437005,gemeinde,3385,365,791
06437006,gemeinde,14013,1494,2944
06437007,gemeinde,3050,376,771
06437009,gemeinde,9758,1081,1905
06437010,gemeinde,6700,736,1304
06437011,gemeinde,15688,1702,3395
06437012,gemeinde,2398,323,534
06437013,gemeinde,8225,974,1808
06437016,gemeinde,9694,1158,2267
06438001,gemeinde,35183,2844,6052
06438002,gemeinde,41535,3954,8076
06438003,gemeinde,10910,982,2166
06438004,gemeinde,14326,1486,3096
06438005,gemeinde,19034,1763,4180
06438006,gemeinde,37169,3344,6534
06438007,gemeinde,9626,926,1763
06438008,gemeinde,28607,2700,5328
06438009,gemeinde,36531,3067,6959
06438010,gemeinde,24789,2331,4927
06438011,gemeinde,44501,4360,8640
06438012,gemeinde,28645,2743,5770
06438013,gemeinde,20850,2123,4246
06439001,gemeinde,6225,672,1294
06439002,gemeinde,11318,1088,2354
06439003,gemeinde,17187,1745,3770
06439004,gemeinde,11262,1193,2434
06439005,gemeinde,7430,914,1513
06439006,gemeinde,5887,618,1323
06439007,gemeinde,10514,1121,1989
06439008,gemeinde,25621,2584,5144
06439009,gemeinde,3858,423,824
06439010,gemeinde,3857,440,852
06439011,gemeinde,14410,1622,3176
06439012,gemeinde,11460,1196,2530
06439013,gemeinde,9699,1007,1794
06439014,gemeinde,6126,639,1397
06439015,gemeinde,30016,2838,6358
06439016,gemeinde,5186,617,1106
06439017,gemeinde,5252,533,1367
06440001,gemeinde,12565,1328,2259
06440002,gemeinde,32162,3013,7516
06440003,gemeinde,34955,3170,6149
06440004,gemeinde,22343,2207,4163
06440005,gemeinde,26529,2591,4797
06440006,gemeinde,5482,518,1117
06440007,gemeinde,9009,995,1771
06440008,gemeinde,28719,2655,4718
06440009,gemeinde,6730,743,1498
06440010,gemeinde,3093,322,665
06440011,gemeinde,2718,325,518
06440012,gemeinde,22361,2133,4558
06440013,gemeinde,2635,299,552
06440014,gemeinde,5599,518,1051
06440015,gemeinde,5660,609,1144
06440016,gemeinde,17100,1798,3705
06440017,gemeinde,9883,968,1903
06440018,gemeinde,5699,630,1124
06440019,gemeinde,8606,983,1903
06440020,gemeinde,5311,600,1078
06440021,gemeinde,6844,763,1283
06440022,gemeinde,4173,446,790
06440023,gemeinde,12904,1227,2280
06440024,gemeinde,9424,967,1856
06440025,gemeinde,6552,667,1115
06531001,gemeinde,3774,444,783
06531002,gemeinde,9882,1088,2176
06531003,gemeinde,12273,1364,2523
06531004,gemeinde,6922,646,1319
06531005,gemeinde,87217,6011,11706
06531006,gemeinde,13713,1540,2823
06531007,gemeinde,7614,738,1488
06531008,gemeinde,12667,1446,2681
06531009,gemeinde,11045,1209,2110
06531010,gemeinde,9743,1148,2160
06531011,gemeinde,13982,1506,2681
06531012,gemeinde,13027,1187,2294
06531013,gemeinde,10046,980,1873
06531014,gemeinde,17421,1737,3221
06531015,gemeinde,4845,568,1044
06531016,gemeinde,10334,1115,2073
06531017,gemeinde,8197,888,1715
06531018,gemeinde,12003,1243,2688
06532001,gemeinde,14288,1404,2702
06532002,gemeinde,3211,346,711
06532003,gemeinde,10921,1236,2602
06532004,gemeinde,4631,486,890
06532005,gemeinde,5457,572,1150
06532006,gemeinde,23003,2255,4373
06532007,gemeinde,5022,539,1041
06532008,gemeinde,9332,928,1839
06532009,gemeinde,9902,1107,1776
06532010,gemeinde,6578,766,1397
06532011,gemeinde,19105,1844,3604
06532012,gemeinde,20084,2128,4197
06532013,gemeinde,4825,570,1002
06532014,gemeinde,10601,1116,2003
06532015,gemeinde,8162,858,1760
06532016,gemeinde,5681,652,1057
06532017,gemeinde,4596,502,907
06532018,gemeinde,6522,691,1352
06532019,gemeinde,2490,308,527
06532020,gemeinde,6390,671,1253
06532021,gemeinde,13450,1429,2784
06532022,gemeinde,4605,604,964
06532023,gemeinde,53116,5164,10510
06533001,gemeinde,5708,523,983
06533002,gemeinde,6385,711,1264
06533003,gemeinde,14403,1546,2959
06533004,gemeinde,8407,863,1662
06533005,gemeinde,2446,261,452
06533006,gemeinde,8001,748,1554
06533007,gemeinde,13090,1313,2214
06533008,gemeinde,9754,1123,1984
06533009,gemeinde,35617,3459,7070
06533010,gemeinde,4606,492,919
06533011,gemeinde,5724,633,1036
06533012,gemeinde,3194,357,602
06533013,gemeinde,9535,1065,1833
06533014,gemeinde,8109,871,1519
06533015,gemeinde,6744,809,1427
06533016,gemeinde,5832,593,1053
06533017,gemeinde,12751,1386,2584
06533018,gemeinde,8766,1005,1897
06533019,gemeinde,4207,467,991
06534001,gemeinde,4944,571,942
06534002,gemeinde,3443,365,620
06534003,gemeinde,7917,834,1597
06534004,gemeinde,12930,1253,2852
06534005,gemeinde,6729,714,1230
06534006,gemeinde,6549,687,1334
06534007,gemeinde,11379,1174,2245
06534008,gemeinde,9005,993,1759
06534009,gemeinde,4052,480,832
06534010,gemeinde,12310,1320,2417
06534011,gemeinde,16211,1718,3154
06534012,gemeinde,6976,690,1205
06534013,gemeinde,5707,669,1031
06534014,gemeinde,72768,5658,11086
06534015,gemeinde,3222,391,682
06534016,gemeinde,8953,912,1631
06534017,gemeinde,4316,448,879
06534018,gemeinde,21101,1947,3785
06534019,gemeinde,3856,415,766
06534020,gemeinde,7207,758,1356
06534021,gemeinde,8966,1060,1768
06534022,gemeinde,2123,263,489
06535001,gemeinde,15276,1786,3473
06535002,gemeinde,1762,230,395
06535003,gemeinde,2228,294,521
06535004,gemeinde,2970,359,695
06535005,gemeinde,2648,327,595
06535006,gemeinde,2271,324,560
06535007,gemeinde,4421,579,1037
06535008,gemeinde,4603,606,962
06535009,gemeinde,7014,839,1550
06535010,gemeinde,3135,392,711
06535011,gemeinde,12948,1369,2978
06535012,gemeinde,2182,310,501
06535013,gemeinde,9277,1104,1919
06535014,gemeinde,2579,307,589
06535015,gemeinde,9109,1080,1841
06535016,gemeinde,9674,1259,2264
06535017,gemeinde,2694,338,622
06535018,gemeinde,2748,355,681
06535019,gemeinde,3475,372,812
06611000,gemeinde,195012,16958,34937
06631001,gemeinde,3433,352,798
06631002,gemeinde,6286,666,1285
06631003,gemeinde,3578,349,637
06631004,gemeinde,4650,477,846
06631005,gemeinde,2594,283,491
06631006,gemeinde,11689,1148,2052
06631007,gemeinde,7014,778,1359
06631008,gemeinde,8532,888,1766
06631009,gemeinde,64688,5681,11983
06631010,gemeinde,5253,577,1215
06631011,gemeinde,8592,944,1637
06631012,gemeinde,4803,503,1013
06631013,gemeinde,6078,662,1146
06631014,gemeinde,4477,465,928
06631015,gemeinde,16756,1726,3300
06631016,gemeinde,6411,651,1232
06631017,gemeinde,16975,1667,3534
06631018,gemeinde,10741,1127,2140
06631019,gemeinde,2827,315,438
06631020,gemeinde,15879,1501,3202
06631021,gemeinde,2696,267,483
06631022,gemeinde,1554,172,314
06631023,gemeinde,4447,528,935
06632001,gemeinde,4800,522,965
06632002,gemeinde,30635,3061,6560
06632003,gemeinde,13262,1304,2953
06632004,gemeinde,1698,214,375
06632005,gemeinde,1294,161,237
06632006,gemeinde,2570,263,588
06632007,gemeinde,3159,341,726
06632008,gemeinde,2850,333,595
06632009,gemeinde,6880,784,1702
06632010,gemeinde,2967,350,670
06632011,gemeinde,3602,379,750
06632012,gemeinde,5511,612,1275
06632013,gemeinde,2533,303,629
06632014,gemeinde,2996,320,599
06632015,gemeinde,5188,550,1122
06632016,gemeinde,3981,462,948
06632017,gemeinde,2294,245,522
06632018,gemeinde,12981,1403,2946
06632019,gemeinde,4261,488,983
06632020,gemeinde,4791,534,1096
06633001,gemeinde,7687,794,1928
06633002,gemeinde,3354,358,816
06633003,gemeinde,27734,2942,6201
06633004,gemeinde,3354,367,687
06633005,gemeinde,6859,751,1587
06633006,gemeinde,5658,627,1278
06633007,gemeinde,4963,509,1120
06633008,gemeinde,8545,928,2227
06633009,gemeinde,12191,1225,2794
06633010,gemeinde,5390,571,1291
06633011,gemeinde,5083,539,1078
06633012,gemeinde,5274,594,1401
06633013,gemeinde,14388,1581,3365
06633014,gemeinde,6893,723,1644
06633015,gemeinde,12854,1322,2873
06633016,gemeinde,2967,381,650
06633017,gemeinde,13853,1319,3008
06633018,gemeinde,4982,601,1043
06633019,gemeinde,1948,178,292
06633020,gemeinde,11003,1108,2352
06633022,gemeinde,4199,546,996
06633023,gemeinde,10338,1099,2176
06633024,gemeinde,4519,534,1022
06633025,gemeinde,4848,603,1174
06633026,gemeinde,17481,1817,4420
06633028,gemeinde,12626,1287,2582
06633029,gemeinde,6141,682,1458
06633030,gemeinde,4803,584,1206
06634001,gemeinde,12280,1278,2717
06634002,gemeinde,7421,762,1537
06634003,gemeinde,10377,1125,2193
06634004,gemeinde,7135,890,1504
06634005,gemeinde,14254,1589,3132
06634006,gemeinde,2907,334,670
06634007,gemeinde,9771,926,1827
06634008,gemeinde,5291,613,1050
06634009,gemeinde,14212,1468,2912
06634010,gemeinde,2171,288,559
06634011,gemeinde,4412,542,946
06634012,gemeinde,3032,317,620
06634013,gemeinde,3845,380,787
06634014,gemeinde,13734,1367,2963
06634015,gemeinde,3178,387,720
06634016,gemeinde,3023,359,653
06634017,gemeinde,6749,776,1530
06634018,gemeinde,5415,594,1102
06634019,gemeinde,3257,431,741
06634020,gemeinde,2197,247,476
06634021,gemeinde,2939,348,688
06634022,gemeinde,18105,1992,3879
06634023,gemeinde,1109,120,237
06634024,gemeinde,5928,678,1286
06634025,gemeinde,7364,801,1493
06634026,gemeinde,4687,560,960
06634027,gemeinde,3794,437,808
06635001,gemeinde,5559,610,1011
06635002,gemeinde,15862,1633,3467
06635003,gemeinde,17398,1853,3816
06635004,gemeinde,5444,646,1133
06635005,gemeinde,1865,186,380
06635006,gemeinde,4983,529,961
06635007,gemeinde,4529,535,1020
06635008,gemeinde,5101,547,1051
06635009,gemeinde,6181,737,1439
06635010,gemeinde,2809,350,572
06635011,gemeinde,17446,1828,3478
06635012,gemeinde,3603,429,748
06635013,gemeinde,3343,416,724
06635014,gemeinde,2859,360,599
06635015,gemeinde,22558,2471,4795
06635016,gemeinde,4145,447,816
06635017,gemeinde,2077,216,474
06635018,gemeinde,4119,496,866
06635019,gemeinde,5405,646,1282
06635020,gemeinde,6447,679,1289
06635021,gemeinde,6908,806,1548
06635022,gemeinde,5841,585,1216
06636001,gemeinde,8132,912,2113
06636002,gemeinde,1505,187,361
06636003,gemeinde,18984,2115,4489
06636004,gemeinde,6175,730,1345
06636005,gemeinde,2709,346,614
06636006,gemeinde,12132,1302,2661
06636007,gemeinde,4370,558,1106
06636008,gemeinde,2948,341,747
06636009,gemeinde,1744,210,410
06636010,gemeinde,2903,377,658
06636011,gemeinde,7494,811,1749
06636012,gemeinde,4167,528,947
06636013,gemeinde,4040,467,1048
06636014,gemeinde,4991,537,1178
06636015,gemeinde,965,129,226
06636016,gemeinde,15162,1700,3281
07111000,gemeinde,112963,9839,22215
07131001,gemeinde,3078,328,679
07131002,gemeinde,1099,141,204
07131003,gemeinde,1508,162,270
07131004,gemeinde,487,55,137
07131005,gemeinde,211,38,65
07131006,gemeinde,9617,1023,2265
07131007,gemeinde,25930,2602,7509
07131008,gemeinde,388,41,98
07131009,gemeinde,55,4,13
07131011,gemeinde,1304,159,279
07131014,gemeinde,2533,280,508
07131015,gemeinde,72,12,16
07131016,gemeinde,495,61,81
07131017,gemeinde,1333,190,312
07131018,gemeinde,180,11,59
07131021,gemeinde,68,7,15
07131022,gemeinde,93,15,29
07131025,gemeinde,658,62,105
07131026,gemeinde,139,16,28
07131027,gemeinde,237,31,51
07131028,gemeinde,278,25,79
07131029,gemeinde,1031,123,231
07131030,gemeinde,308,43,71
07131032,gemeinde,166,16,36
07131033,gemeinde,500,75,99
07131034,gemeinde,432,51,87
07131036,gemeinde,711,88,118
07131037,gemeinde,349,55,79
07131039,gemeinde,590,69,141
07131040,gemeinde,353,66,78
07131041,gemeinde,692,95,115
07131042,gemeinde,177,15,34
07131044,gemeinde,445,65,101
07131047,gemeinde,576,88,112
07131049,gemeinde,802,96,176
07131050,gemeinde,164,25,38
07131051,gemeinde,514,58,102
07131052,gemeinde,194,24,61
07131054,gemeinde,968,142,183
07131055,gemeinde,2725,286,561
07131058,gemeinde,188,11,20
07131059,gemeinde,667,102,111
07131060,gemeinde,1103,114,213
07131062,gemeinde,139,18,29
07131065,gemeinde,152,17,35
07131066,gemeinde,259,30,56
07131068,gemeinde,540,47,119
07131069,gemeinde,500,62,108
07131070,gemeinde,17719,1866,3639
07131072,gemeinde,242,30,50
07131073,gemeinde,835,111,162
07131074,gemeinde,607,79,166
07131075,gemeinde,85,8,25
07131076,gemeinde,88,9,24
07131077,gemeinde,17272,1814,3719
07131079,gemeinde,78,5,15
07131081,gemeinde,899,97,161
07131082,gemeinde,935,106,219
07131083,gemeinde,258,34,40
07131084,gemeinde,438,66,99
07131085,gemeinde,196,25,49
07131086,gemeinde,155,18,39
07131090,gemeinde,11067,1319,1978
07131201,gemeinde,180,19,33
07131202,gemeinde,3237,332,607
07131204,gemeinde,222,17,44
07131205,gemeinde,577,53,122
07131206,gemeinde,356,40,48
07131208,gemeinde,829,82,152
07131209,gemeinde,1245,158,211
07131210,gemeinde,1158,130,257
07131211,gemeinde,1536,197,335
07131501,gemeinde,607,87,142
07131502,gemeinde,1870,203,377
07132001,gemeinde,412,44,108
07132002,gemeinde,1500,155,325
07132004,gemeinde,99,13,19
07132005,gemeinde,206,20,29
07132006,gemeinde,10142,931,1923
07132007,gemeinde,436,45,74
07132008,gemeinde,2514,302,481
07132009,gemeinde,633,68,125
07132010,gemeinde,772,90,148
07132011,gemeinde,991,127,240
07132012,gemeinde,2355,282,533
07132013,gemeinde,1023,120,177
07132014,gemeinde,769,89,148
07132015,gemeinde,573,68,142
07132016,gemeinde,505,53,93
07132017,gemeinde,358,28,73
07132018,gemeinde,4371,439,888
07132019,gemeinde,984,107,160
07132020,gemeinde,340,48,64
07132022,gemeinde,505,72,90
07132023,gemeinde,539,60,82
07132024,gemeinde,328,35,64
07132025,gemeinde,1853,194,361
07132026,gemeinde,648,90,137
07132027,gemeinde,75,10,10
07132028,gemeinde,1346,100,184
07132029,gemeinde,46,6,7
07132030,gemeinde,373,52,71
07132031,gemeinde,285,24,62
07132032,gemeinde,1422,176,314
07132033,gemeinde,663,72,165
07132034,gemeinde,625,60,124
07132035,gemeinde,151,26,35
07132036,gemeinde,1109,104,221
07132037,gemeinde,1599,185,348
07132038,gemeinde,1199,158,239
07132039,gemeinde,1862,213,391
07132040,gemeinde,680,80,131
07132041,gemeinde,99,15,19
07132042,gemeinde,501,62,93
07132043,gemeinde,759,78,149
07132044,gemeinde,3687,320,783
07132045,gemeinde,542,61,101
07132046,gemeinde,341,26,45
07132047,gemeinde,915,93,172
07132048,gemeinde,218,28,48
07132049,gemeinde,293,38,37
07132050,gemeinde,6570,692,1380
07132051,gemeinde,248,37,47
07132052,gemeinde,305,32,80
07132053,gemeinde,333,36,57
07132054,gemeinde,528,67,106
07132055,gemeinde,2094,244,455
07132056,gemeinde,67,4,9
07132057,gemeinde,494,67,90
07132058,gemeinde,113,14,32
07132059,gemeinde,774,89,145
07132060,gemeinde,132,13,24
07132061,gemeinde,315,39,37
07132062,gemeinde,545,63,120
07132063,gemeinde,8265,937,1816
07132064,gemeinde,166,26,34
07132065,gemeinde,614,76,107
07132066,gemeinde,1023,166,163
07132067,gemeinde,1041,106,171
07132068,gemeinde,117,16,17
07132069,gemeinde,458,45,159
07132070,gemeinde,544,52,90
07132071,gemeinde,553,49,112
07132072,gemeinde,5953,616,1269
07132073,gemeinde,1211,115,223
07132075,gemeinde,883,100,169
07132076,gemeinde,4128,433,1044
07132077,gemeinde,84,6,18
07132078,gemeinde,204,23,72
07132079,gemeinde,357,44,69
07132080,gemeinde,1738,199,331
07132081,gemeinde,555,61,93
07132082,gemeinde,623,66,133
07132083,gemeinde,782,73,146
07132085,gemeinde,245,35,41
07132086,gemeinde,397,57,68
07132087,gemeinde,76,12,26
07132088,gemeinde,233,31,58
07132089,gemeinde,331,41,60
07132090,gemeinde,823,81,139
07132091,gemeinde,1496,135,269
07132092,gemeinde,142,15,29
07132093,gemeinde,443,50,82
07132094,gemeinde,358,43,74
07132095,gemeinde,747,74,136
07132096,gemeinde,1504,139,274
07132097,gemeinde,377,59,66
07132098,gemeinde,2094,219,425
07132099,gemeinde,426,46,52
07132100,gemeinde,284,31,71
07132101,gemeinde,379,36,75
07132102,gemeinde,140,14,24
07132103,gemeinde,291,37,57
07132104,gemeinde,116,21,19
07132105,gemeinde,783,100,157
07132106,gemeinde,266,24,46
07132107,gemeinde,1313,156,239
07132108,gemeinde,551,60,119
07132109,gemeinde,233,34,58
07132110,gemeinde,82,8,10
07132111,gemeinde,1198,114,231
07132112,gemeinde,166,18,30
07132113,gemeinde,2353,259,414
07132114,gemeinde,221,23,45
07132115,gemeinde,1411,140,307
07132116,gemeinde,974,68,143
07132117,gemeinde,8457,829,1704
07132118,gemeinde,390,43,65
07132119,gemeinde,181,18,18
07132201,gemeinde,589,61,125
07132501,gemeinde,6525,675,1384
07132502,gemeinde,1101,122,188
07133001,gemeinde,188,30,43
07133002,gemeinde,200,24,34
07133003,gemeinde,812,96,148
07133004,gemeinde,344,52,64
07133005,gemeinde,191,23,47
07133006,gemeinde,53062,5382,11365
07133008,gemeinde,488,75,110
07133009,gemeinde,227,27,69
07133010,gemeinde,439,47,85
07133011,gemeinde,854,128,197
07133012,gemeinde,685,59,140
07133013,gemeinde,1224,139,247
07133014,gemeinde,360,46,78
07133015,gemeinde,654,74,130
07133016,gemeinde,66,9,25
07133017,gemeinde,396,50,91
07133018,gemeinde,2790,311,504
07133019,gemeinde,229,29,52
07133020,gemeinde,339,45,58
07133021,gemeinde,234,26,59
07133022,gemeinde,234,31,37
07133023,gemeinde,757,94,171
07133024,gemeinde,318,50,84
07133025,gemeinde,722,65,157
07133026,gemeinde,748,74,130
07133027,gemeinde,560,70,119
07133028,gemeinde,226,26,60
07133030,gemeinde,1587,193,366
07133031,gemeinde,1064,114,223
07133032,gemeinde,1665,170,313
07133033,gemeinde,146,15,35
07133035,gemeinde,2492,300,479
07133036,gemeinde,1035,115,189
07133037,gemeinde,2159,215,470
07133038,gemeinde,576,71,142
07133039,gemeinde,783,94,132
07133040,gemeinde,2965,320,588
07133041,gemeinde,403,61,76
07133042,gemeinde,20,3,5
07133043,gemeinde,1227,141,275
07133044,gemeinde,509,45,87
07133045,gemeinde,637,62,149
07133046,gemeinde,1650,229,333
07133047,gemeinde,46,9,9
07133048,gemeinde,1262,148,216
07133049,gemeinde,362,44,81
07133050,gemeinde,156,12,32
07133051,gemeinde,213,39,57
07133052,gemeinde,8408,863,1820
07133053,gemeinde,294,29,75
07133054,gemeinde,4186,436,840
07133055,gemeinde,85,13,17
07133056,gemeinde,852,107,192
07133057,gemeinde,558,71,128
07133058,gemeinde,205,30,44
07133059,gemeinde,293,47,56
07133060,gemeinde,195,22,47
07133061,gemeinde,930,111,186
07133062,gemeinde,261,36,60
07133063,gemeinde,372,41,82
07133064,gemeinde,1331,147,343
07133065,gemeinde,2861,340,649
07133066,gemeinde,1434,158,270
07133067,gemeinde,1568,176,283
07133068,gemeinde,283,60,74
07133069,gemeinde,960,131,225
07133070,gemeinde,587,99,111
07133071,gemeinde,1576,154,358
07133072,gemeinde,460,51,87
07133073,gemeinde,890,117,211
07133074,gemeinde,383,45,79
07133075,gemeinde,294,34,54
07133076,gemeinde,1767,195,356
07133077,gemeinde,194,37,28
07133078,gemeinde,1581,154,226
07133080,gemeinde,345,35,54
07133081,gemeinde,411,42,99
07133082,gemeinde,47,7,11
07133083,gemeinde,685,93,177
07133084,gemeinde,224,29,46
07133085,gemeinde,283,30,59
07133086,gemeinde,2756,272,522
07133087,gemeinde,1423,151,264
07133088,gemeinde,402,50,79
07133089,gemeinde,389,33,83
07133090,gemeinde,189,23,30
07133091,gemeinde,623,78,132
07133092,gemeinde,151,18,41
07133093,gemeinde,931,97,178
07133094,gemeinde,505,64,114
07133095,gemeinde,1316,149,272
07133096,gemeinde,1906,214,386
07133098,gemeinde,408,49,94
07133099,gemeinde,1213,124,226
07133100,gemeinde,187,24,26
07133101,gemeinde,756,93,165
07133102,gemeinde,1439,171,335
07133103,gemeinde,3478,422,711
07133104,gemeinde,135,12,19
07133105,gemeinde,600,75,131
07133106,gemeinde,1219,120,234
07133107,gemeinde,2227,247,460
07133108,gemeinde,825,82,172
07133109,gemeinde,1622,183,341
07133110,gemeinde,537,45,112
07133111,gemeinde,458,52,99
07133112,gemeinde,1794,212,345
07133113,gemeinde,202,23,48
07133114,gemeinde,1814,202,373
07133115,gemeinde,503,46,111
07133116,gemeinde,208,22,50
07133117,gemeinde,2691,252,607
07133201,gemeinde,357,30,74
07133202,gemeinde,246,33,59
07133203,gemeinde,69,10,33
07133204,gemeinde,230,40,43
07133205,gemeinde,246,41,57
07133501,gemeinde,6510,670,1523
07134001,gemeinde,444,57,85
07134002,gemeinde,395,52,102
07134003,gemeinde,632,81,146
07134004,gemeinde,139,30,43
07134005,gemeinde,4128,509,843
07134006,gemeinde,489,58,82
07134007,gemeinde,459,45,99
07134008,gemeinde,538,49,96
07134009,gemeinde,280,47,47
07134010,gemeinde,6985,683,1286
07134011,gemeinde,162,16,39
07134012,gemeinde,134,21,26
07134013,gemeinde,341,37,57
07134014,gemeinde,528,71,120
07134015,gemeinde,1272,147,241
07134016,gemeinde,481,54,98
07134017,gemeinde,848,110,192
07134018,gemeinde,156,19,32
07134019,gemeinde,426,51,94
07134020,gemeinde,334,32,70
07134021,gemeinde,170,26,24
07134022,gemeinde,102,6,14
07134023,gemeinde,92,12,18
07134024,gemeinde,337,32,76
07134025,gemeinde,864,83,207
07134026,gemeinde,331,40,63
07134027,gemeinde,376,40,107
07134028,gemeinde,235,18,58
07134029,gemeinde,388,53,88
07134030,gemeinde,242,19,47
07134031,gemeinde,122,13,23
07134032,gemeinde,184,28,27
07134033,gemeinde,179,30,30
07134034,gemeinde,258,26,66
07134035,gemeinde,185,30,31
07134036,gemeinde,1038,146,188
07134037,gemeinde,193,22,47
07134038,gemeinde,508,60,139
07134039,gemeinde,825,99,274
07134040,gemeinde,670,69,174
07134041,gemeinde,327,53,76
07134042,gemeinde,3186,279,462
07134043,gemeinde,359,51,60
07134044,gemeinde,564,88,153
07134045,gemeinde,29753,3343,6786
07134046,gemeinde,770,89,172
07134047,gemeinde,1062,107,313
07134048,gemeinde,311,51,89
07134049,gemeinde,158,17,35
07134050,gemeinde,533,68,108
07134051,gemeinde,103,8,14
07134052,gemeinde,366,52,91
07134053,gemeinde,109,17,34
07134054,gemeinde,242,33,42
07134055,gemeinde,775,90,152
07134056,gemeinde,764,85,164
07134057,gemeinde,513,67,97
07134058,gemeinde,322,42,84
07134059,gemeinde,306,53,70
07134060,gemeinde,855,103,236
07134061,gemeinde,344,42,95
07134062,gemeinde,398,53,98
07134063,gemeinde,261,37,45
07134064,gemeinde,132,15,19
07134065,gemeinde,308,31,75
07134066,gemeinde,612,71,138
07134067,gemeinde,110,17,33
07134068,gemeinde,524,47,112
07134069,gemeinde,2288,264,439
07134070,gemeinde,119,11,23
07134071,gemeinde,309,41,78
07134072,gemeinde,468,57,129
07134073,gemeinde,172,22,51
07134074,gemeinde,377,61,65
07134075,gemeinde,751,99,153
07134076,gemeinde,497,64,110
07134077,gemeinde,379,48,99
07134078,gemeinde,207,21,44
07134079,gemeinde,53,5,15
07134080,gemeinde,435,56,108
07134081,gemeinde,418,66,102
07134082,gemeinde,540,61,116
07134083,gemeinde,178,34,45
07134084,gemeinde,368,48,99
07134085,gemeinde,424,45,108
07134086,gemeinde,100,15,29
07134087,gemeinde,833,112,185
07134088,gemeinde,290,29,71
07134089,gemeinde,710,74,132
07134090,gemeinde,452,76,128
07134091,gemeinde,84,10,17
07134092,gemeinde,88,6,26
07134093,gemeinde,158,21,35
07134094,gemeinde,293,22,47
07134095,gemeinde,285,34,83
07134502,gemeinde,249,30,49
07135001,gemeinde,836,95,249
07135002,gemeinde,802,76,171
07135003,gemeinde,438,63,102
07135004,gemeinde,330,53,94
07135005,gemeinde,653,59,114
07135007,gemeinde,150,19,20
07135008,gemeinde,401,60,85
07135009,gemeinde,712,66,134
07135010,gemeinde,1669,183,331
07135011,gemeinde,248,40,41
07135012,gemeinde,715,90,188
07135013,gemeinde,898,102,226
07135014,gemeinde,143,28,29
07135015,gemeinde,366,40,76
07135016,gemeinde,337,40,79
07135017,gemeinde,1134,129,275
07135018,gemeinde,1208,133,208
07135019,gemeinde,1665,186,366
07135020,gemeinde,5003,522,1246
07135021,gemeinde,610,68,178
07135022,gemeinde,273,40,49
07135023,gemeinde,1302,137,223
07135024,gemeinde,903,118,234
07135025,gemeinde,812,130,181
07135026,gemeinde,243,36,42
07135027,gemeinde,549,65,138
07135028,gemeinde,192,22,26
07135029,gemeinde,1043,133,211
07135030,gemeinde,85,15,22
07135031,gemeinde,390,37,84
07135032,gemeinde,58,6,15
07135033,gemeinde,508,68,111
07135034,gemeinde,710,87,127
07135035,gemeinde,248,21,67
07135036,gemeinde,701,75,134
07135037,gemeinde,368,66,88
07135038,gemeinde,721,53,113
07135039,gemeinde,191,35,27
07135040,gemeinde,331,37,63
07135041,gemeinde,111,18,29
07135042,gemeinde,811,74,140
07135043,gemeinde,806,105,120
07135044,gemeinde,298,32,62
07135045,gemeinde,3197,309,633
07135046,gemeinde,244,14,49
07135048,gemeinde,224,28,55
07135049,gemeinde,1227,157,338
07135051,gemeinde,957,105,193
07135052,gemeinde,648,70,123
07135053,gemeinde,374,34,101
07135054,gemeinde,311,37,73
07135056,gemeinde,296,47,76
07135057,gemeinde,1502,157,334
07135058,gemeinde,1055,122,182
07135060,gemeinde,296,39,82
07135061,gemeinde,418,58,81
07135062,gemeinde,115,21,24
07135064,gemeinde,135,9,18
07135065,gemeinde,566,66,125
07135066,gemeinde,643,94,145
07135067,gemeinde,653,76,141
07135068,gemeinde,417,56,136
07135069,gemeinde,113,14,23
07135070,gemeinde,257,20,33
07135071,gemeinde,709,86,101
07135072,gemeinde,421,43,114
07135073,gemeinde,790,99,195
07135074,gemeinde,168,23,42
07135075,gemeinde,490,51,97
07135076,gemeinde,530,62,166
07135077,gemeinde,419,55,66
07135078,gemeinde,121,28,16
07135079,gemeinde,569,65,147
07135080,gemeinde,177,29,32
07135081,gemeinde,295,24,71
07135082,gemeinde,2123,216,585
07135083,gemeinde,3392,342,670
07135084,gemeinde,461,52,90
07135085,gemeinde,205,48,37
07135086,gemeinde,444,34,104
07135087,gemeinde,64,3,10
07135088,gemeinde,228,29,35
07135089,gemeinde,280,31,62
07135090,gemeinde,226,19,54
07135091,gemeinde,203,20,46
07135092,gemeinde,3979,508,1097
07135093,gemeinde,268,27,48
07135501,gemeinde,1009,104,249
07135502,gemeinde,345,34,67
07137001,gemeinde,84,18,19
07137003,gemeinde,29995,3082,6409
07137004,gemeinde,273,37,56
07137006,gemeinde,237,34,47
07137007,gemeinde,749,97,146
07137008,gemeinde,1313,149,311
07137011,gemeinde,353,53,87
07137014,gemeinde,604,61,137
07137019,gemeinde,261,37,41
07137023,gemeinde,144,22,36
07137025,gemeinde,2808,340,545
07137027,gemeinde,325,30,65
07137029,gemeinde,416,51,78
07137030,gemeinde,276,27,37
07137034,gemeinde,382,54,74
07137035,gemeinde,503,53,101
07137036,gemeinde,258,36,46
07137041,gemeinde,447,59,74
07137043,gemeinde,1220,120,206
07137048,gemeinde,528,52,66
07137049,gemeinde,976,114,189
07137053,gemeinde,576,74,76
07137055,gemeinde,2565,287,607
07137056,gemeinde,721,67,138
07137057,gemeinde,4621,468,849
07137060,gemeinde,664,91,165
07137061,gemeinde,84,10,32
07137063,gemeinde,50,8,13
07137065,gemeinde,1247,106,198
07137066,gemeinde,330,24,44
07137068,gemeinde,19288,2075,3979
07137069,gemeinde,9053,968,1710
07137070,gemeinde,1368,159,249
07137074,gemeinde,779,97,208
07137077,gemeinde,255,30,60
07137079,gemeinde,553,74,115
07137080,gemeinde,462,39,96
07137081,gemeinde,3621,383,681
07137086,gemeinde,5371,583,950
07137087,gemeinde,472,63,98
07137088,gemeinde,5904,624,1023
07137089,gemeinde,6738,736,1151
07137092,gemeinde,364,51,49
07137093,gemeinde,1228,160,286
07137095,gemeinde,880,126,151
07137096,gemeinde,2186,249,387
07137097,gemeinde,921,107,156
07137099,gemeinde,200,29,34
07137101,gemeinde,1536,175,297
07137102,gemeinde,597,80,117
07137105,gemeinde,359,53,91
07137106,gemeinde,557,61,98
07137110,gemeinde,506,60,100
07137112,gemeinde,909,109,153
07137113,gemeinde,48,8,19
07137114,gemeinde,328,37,76
07137201,gemeinde,643,81,164
07137202,gemeinde,2896,329,587
07137203,gemeinde,17581,1669,3292
07137204,gemeinde,1408,151,375
07137205,gemeinde,672,66,158
07137206,gemeinde,738,103,186
07137207,gemeinde,2598,261,548
07137208,gemeinde,606,59,147
07137209,gemeinde,2173,223,365
07137211,gemeinde,3407,344,601
07137212,gemeinde,2980,315,619
07137214,gemeinde,1464,161,294
07137215,gemeinde,380,51,75
07137216,gemeinde,11135,1122,2202
07137217,gemeinde,984,123,233
07137218,gemeinde,1252,137,247
07137219,gemeinde,1162,128,229
07137220,gemeinde,1138,124,261
07137221,gemeinde,2948,344,680
07137222,gemeinde,2727,282,530
07137223,gemeinde,1933,184,479
07137224,gemeinde,3171,306,582
07137225,gemeinde,3406,384,731
07137226,gemeinde,8569,833,2205
07137227,gemeinde,2260,260,445
07137228,gemeinde,8868,822,1491
07137229,gemeinde,2464,223,480
07137230,gemeinde,2457,286,587
07137231,gemeinde,1052,121,214
07137501,gemeinde,3429,441,672
07137504,gemeinde,1323,157,265
07138002,gemeinde,1425,171,280
07138003,gemeinde,7677,848,1422
07138004,gemeinde,6128,636,1426
07138005,gemeinde,921,99,184
07138006,gemeinde,2199,273,374
07138007,gemeinde,1842,233,444
07138008,gemeinde,970,121,174
07138009,gemeinde,1508,195,311
07138010,gemeinde,300,29,33
07138011,gemeinde,1081,112,160
07138012,gemeinde,5969,571,1073
07138013,gemeinde,646,61,162
07138014,gemeinde,1311,162,194
07138015,gemeinde,1584,146,289
07138019,gemeinde,2601,296,568
07138023,gemeinde,2346,232,437
07138024,gemeinde,357,35,83
07138025,gemeinde,641,73,77
07138026,gemeinde,852,89,172
07138027,gemeinde,441,48,73
07138030,gemeinde,790,91,136
07138031,gemeinde,647,88,127
07138034,gemeinde,1346,120,197
07138036,gemeinde,963,105,190
07138037,gemeinde,1598,181,372
07138038,gemeinde,1798,196,396
07138040,gemeinde,526,68,79
07138041,gemeinde,6269,678,1456
07138042,gemeinde,523,47,110
07138043,gemeinde,1974,168,456
07138044,gemeinde,6470,720,1202
07138045,gemeinde,66125,6839,13777
07138047,gemeinde,1567,184,261
07138048,gemeinde,441,34,51
07138050,gemeinde,455,69,94
07138052,gemeinde,912,100,182
07138053,gemeinde,1054,88,187
07138054,gemeinde,682,72,109
07138055,gemeinde,1047,129,216
07138057,gemeinde,2514,240,537
07138058,gemeinde,244,36,51
07138059,gemeinde,2069,172,346
07138061,gemeinde,2868,302,589
07138062,gemeinde,4432,518,941
07138063,gemeinde,4154,454,920
07138064,gemeinde,717,81,139
07138065,gemeinde,1461,186,290
07138066,gemeinde,826,87,176
07138068,gemeinde,3498,376,595
07138069,gemeinde,371,42,57
07138070,gemeinde,1329,129,257
07138071,gemeinde,1935,198,428
07138072,gemeinde,805,75,117
07138073,gemeinde,4993,513,1133
07138074,gemeinde,1552,129,259
07138075,gemeinde,3695,431,683
07138076,gemeinde,1913,236,532
07138077,gemeinde,4414,526,773
07138078,gemeinde,596,70,115
07138080,gemeinde,4584,522,766
07138201,gemeinde,485,43,89
07138501,gemeinde,1425,147,284
07140001,gemeinde,379,39,93
07140002,gemeinde,281,26,70
07140003,gemeinde,1657,197,320
07140005,gemeinde,158,20,24
07140006,gemeinde,481,46,71
07140007,gemeinde,118,21,22
07140008,gemeinde,197,25,45
07140009,gemeinde,1440,178,276
07140010,gemeinde,1949,229,437
07140011,gemeinde,216,12,43
07140012,gemeinde,109,14,33
07140014,gemeinde,354,37,73
07140015,gemeinde,303,29,67
07140016,gemeinde,142,17,33
07140018,gemeinde,660,80,122
07140020,gemeinde,238,42,45
07140021,gemeinde,875,92,201
07140023,gemeinde,202,30,26
07140024,gemeinde,1890,175,315
07140025,gemeinde,682,65,125
07140027,gemeinde,617,64,114
07140028,gemeinde,721,78,136
07140029,gemeinde,207,19,44
07140030,gemeinde,580,59,131
07140031,gemeinde,528,57,106
07140035,gemeinde,903,112,151
07140036,gemeinde,4978,530,1114
07140037,gemeinde,290,33,65
07140039,gemeinde,234,28,39
07140040,gemeinde,219,30,43
07140041,gemeinde,1297,118,345
07140042,gemeinde,495,50,103
07140043,gemeinde,1280,143,250
07140044,gemeinde,206,22,26
07140045,gemeinde,1298,132,223
07140046,gemeinde,222,13,40
07140047,gemeinde,219,22,32
07140048,gemeinde,107,23,24
07140049,gemeinde,434,65,71
07140050,gemeinde,165,11,40
07140053,gemeinde,278,35,57
07140055,gemeinde,304,41,54
07140056,gemeinde,551,49,87
07140058,gemeinde,344,34,73
07140060,gemeinde,273,22,65
07140062,gemeinde,445,68,78
07140063,gemeinde,641,82,114
07140064,gemeinde,5631,642,1079
07140065,gemeinde,333,50,47
07140067,gemeinde,4110,453,748
07140068,gemeinde,597,72,115
07140070,gemeinde,272,29,62
07140071,gemeinde,123,17,22
07140073,gemeinde,85,13,14
07140075,gemeinde,408,38,74
07140076,gemeinde,496,71,81
07140077,gemeinde,499,46,100
07140079,gemeinde,453,62,99
07140080,gemeinde,433,45,65
07140081,gemeinde,810,109,170
07140082,gemeinde,418,37,51
07140084,gemeinde,726,89,121
07140085,gemeinde,502,57,96
07140086,gemeinde,189,27,40
07140087,gemeinde,513,78,107
07140089,gemeinde,128,17,29
07140090,gemeinde,107,13,25
07140092,gemeinde,725,105,145
07140093,gemeinde,233,34,53
07140094,gemeinde,98,14,32
07140095,gemeinde,197,19,40
07140096,gemeinde,343,37,51
07140098,gemeinde,61,7,14
07140099,gemeinde,454,45,81
07140100,gemeinde,618,66,97
07140101,gemeinde,322,33,48
07140102,gemeinde,366,43,78
07140104,gemeinde,678,94,155
07140105,gemeinde,182,17,26
07140106,gemeinde,325,44,63
07140107,gemeinde,458,52,77
07140108,gemeinde,126,13,27
07140109,gemeinde,389,47,71
07140110,gemeinde,504,50,83
07140111,gemeinde,259,22,49
07140112,gemeinde,2912,337,728
07140113,gemeinde,323,47,71
07140115,gemeinde,127,15,24
07140116,gemeinde,329,23,77
07140117,gemeinde,617,83,104
07140118,gemeinde,318,25,42
07140119,gemeinde,324,40,67
07140120,gemeinde,132,12,33
07140121,gemeinde,105,22,20
07140122,gemeinde,377,37,61
07140123,gemeinde,332,40,59
07140125,gemeinde,4095,371,864
07140126,gemeinde,242,23,25
07140127,gemeinde,806,82,160
07140128,gemeinde,130,19,19
07140129,gemeinde,191,22,40
07140130,gemeinde,171,22,43
07140131,gemeinde,252,29,42
07140133,gemeinde,2815,352,656
07140134,gemeinde,473,41,98
07140135,gemeinde,170,22,38
07140138,gemeinde,270,41,35
07140139,gemeinde,277,37,44
07140140,gemeinde,317,34,65
07140141,gemeinde,142,10,27
07140144,gemeinde,7970,765,1706
07140145,gemeinde,3162,350,585
07140146,gemeinde,114,11,19
07140147,gemeinde,152,29,29
07140148,gemeinde,142,21,20
07140149,gemeinde,145,14,34
07140150,gemeinde,750,85,157
07140151,gemeinde,89,12,16
07140153,gemeinde,345,42,66
07140154,gemeinde,409,59,79
07140155,gemeinde,691,88,201
07140156,gemeinde,109,21,18
07140158,gemeinde,177,24,19
07140159,gemeinde,210,40,39
07140161,gemeinde,584,65,70
07140163,gemeinde,188,25,49
07140164,gemeinde,225,20,59
07140165,gemeinde,156,19,37
07140166,gemeinde,311,32,53
07140201,gemeinde,503,48,131
07140202,gemeinde,1116,129,259
07140204,gemeinde,1010,154,213
07140205,gemeinde,340,42,81
07140501,gemeinde,15769,1781,3617
07140502,gemeinde,167,25,34
07140503,gemeinde,612,76,155
07140504,gemeinde,288,37,65
07141001,gemeinde,595,60,115
07141002,gemeinde,2216,220,466
07141003,gemeinde,426,58,85
07141004,gemeinde,177,21,47
07141005,gemeinde,423,48,97
07141006,gemeinde,9914,947,2067
07141008,gemeinde,662,82,154
07141009,gemeinde,246,30,49
07141010,gemeinde,301,36,45
07141011,gemeinde,399,47,69
07141012,gemeinde,317,48,79
07141013,gemeinde,316,41,72
07141014,gemeinde,1581,177,265
07141015,gemeinde,813,91,150
07141016,gemeinde,952,121,281
07141018,gemeinde,276,45,59
07141019,gemeinde,618,75,112
07141020,gemeinde,1089,114,212
07141021,gemeinde,153,27,32
07141022,gemeinde,485,60,86
07141023,gemeinde,995,97,220
07141024,gemeinde,844,74,197
07141025,gemeinde,1293,147,280
07141026,gemeinde,183,26,32
07141027,gemeinde,231,32,56
07141029,gemeinde,11167,1040,2107
07141030,gemeinde,465,63,88
07141031,gemeinde,384,65,98
07141032,gemeinde,417,50,87
07141033,gemeinde,203,30,30
07141034,gemeinde,134,20,36
07141035,gemeinde,76,16,10
07141036,gemeinde,261,36,45
07141037,gemeinde,142,20,31
07141038,gemeinde,728,90,127
07141039,gemeinde,138,21,19
07141040,gemeinde,141,15,44
07141041,gemeinde,1275,140,302
07141042,gemeinde,638,86,136
07141043,gemeinde,992,122,180
07141044,gemeinde,577,75,128
07141045,gemeinde,361,47,84
07141046,gemeinde,359,51,54
07141047,gemeinde,546,57,108
07141049,gemeinde,1142,141,187
07141050,gemeinde,353,45,80
07141051,gemeinde,2929,301,616
07141052,gemeinde,496,78,100
07141053,gemeinde,1029,117,196
07141054,gemeinde,394,60,70
07141055,gemeinde,328,46,77
07141057,gemeinde,406,39,65
07141058,gemeinde,325,33,71
07141059,gemeinde,1068,137,209
07141060,gemeinde,1169,129,232
07141061,gemeinde,894,104,185
07141062,gemeinde,316,32,57
07141063,gemeinde,270,34,62
07141064,gemeinde,378,47,65
07141065,gemeinde,558,68,101
07141066,gemeinde,1531,138,440
07141067,gemeinde,234,29,62
07141068,gemeinde,2220,202,515
07141069,gemeinde,824,109,198
07141070,gemeinde,182,25,58
07141071,gemeinde,529,82,110
07141072,gemeinde,598,81,156
07141073,gemeinde,757,65,143
07141074,gemeinde,565,56,114
07141075,gemeinde,18299,1851,4170
07141076,gemeinde,514,80,106
07141077,gemeinde,292,29,85
07141078,gemeinde,246,20,53
07141079,gemeinde,476,65,113
07141080,gemeinde,263,36,58
07141081,gemeinde,610,59,107
07141082,gemeinde,181,30,34
07141083,gemeinde,232,16,47
07141084,gemeinde,332,55,52
07141085,gemeinde,2001,228,401
07141086,gemeinde,341,52,81
07141087,gemeinde,97,14,17
07141088,gemeinde,142,26,25
07141089,gemeinde,439,52,81
07141091,gemeinde,4820,524,1048
07141092,gemeinde,4415,514,964
07141093,gemeinde,357,48,59
07141094,gemeinde,265,31,46
07141095,gemeinde,1469,145,274
07141096,gemeinde,182,25,19
07141097,gemeinde,418,52,86
07141098,gemeinde,1053,116,214
07141099,gemeinde,485,47,132
07141100,gemeinde,201,33,24
07141101,gemeinde,157,26,31
07141102,gemeinde,713,84,117
07141103,gemeinde,392,45,79
07141104,gemeinde,388,43,77
07141105,gemeinde,204,24,36
07141106,gemeinde,148,16,29
07141107,gemeinde,571,60,104
07141108,gemeinde,1262,140,267
07141109,gemeinde,350,49,79
07141110,gemeinde,158,19,34
07141111,gemeinde,337,41,64
07141112,gemeinde,296,36,78
07141113,gemeinde,230,31,36
07141114,gemeinde,158,24,44
07141115,gemeinde,342,36,58
07141116,gemeinde,308,36,65
07141117,gemeinde,437,65,90
07141118,gemeinde,200,27,36
07141120,gemeinde,327,45,74
07141121,gemeinde,1238,160,273
07141122,gemeinde,140,24,37
07141124,gemeinde,332,42,72
07141125,gemeinde,260,28,52
07141126,gemeinde,723,90,135
07141127,gemeinde,231,30,38
07141128,gemeinde,452,43,76
07141129,gemeinde,1827,215,341
07141130,gemeinde,227,31,52
07141131,gemeinde,320,40,68
07141132,gemeinde,190,27,35
07141133,gemeinde,296,43,58
07141134,gemeinde,109,11,30
07141135,gemeinde,459,60,112
07141136,gemeinde,1033,129,223
07141137,gemeinde,451,71,84
07141138,gemeinde,450,61,109
07141139,gemeinde,735,84,153
07141140,gemeinde,153,21,32
07141141,gemeinde,93,13,25
07141201,gemeinde,1723,179,396
07141501,gemeinde,3005,272,669
07141502,gemeinde,231,28,51
07141503,gemeinde,601,77,105
07143001,gemeinde,656,69,125
07143003,gemeinde,689,81,138
07143005,gemeinde,620,59,117
07143006,gemeinde,725,78,114
07143007,gemeinde,687,77,123
07143008,gemeinde,481,59,88
07143009,gemeinde,753,66,120
07143010,gemeinde,2502,251,695
07143011,gemeinde,1019,109,184
07143012,gemeinde,1216,143,228
07143013,gemeinde,2499,261,556
07143015,gemeinde,294,26,69
07143018,gemeinde,694,92,126
07143019,gemeinde,682,79,111
07143020,gemeinde,555,67,100
07143021,gemeinde,1210,142,213
07143022,gemeinde,437,41,69
07143023,gemeinde,918,99,144
07143024,gemeinde,984,102,143
07143025,gemeinde,750,86,143
07143026,gemeinde,664,91,99
07143027,gemeinde,1461,168,303
07143028,gemeinde,1225,113,221
07143029,gemeinde,2817,285,549
07143030,gemeinde,1523,148,278
07143031,gemeinde,2459,279,536
07143032,gemeinde,9314,1008,1889
07143033,gemeinde,1029,141,190
07143034,gemeinde,719,85,200
07143036,gemeinde,525,68,98
07143037,gemeinde,1982,214,339
07143038,gemeinde,474,38,65
07143039,gemeinde,1349,147,311
07143040,gemeinde,249,31,52
07143041,gemeinde,297,44,52
07143042,gemeinde,850,85,147
07143044,gemeinde,1024,114,186
07143045,gemeinde,242,24,41
07143046,gemeinde,1034,109,206
07143047,gemeinde,1368,133,238
07143048,gemeinde,14601,1308,2752
07143049,gemeinde,744,57,139
07143050,gemeinde,2321,242,477
07143051,gemeinde,2071,191,356
07143052,gemeinde,2075,249,519
07143053,gemeinde,1738,161,339
07143054,gemeinde,1038,117,172
07143055,gemeinde,712,88,126
07143056,gemeinde,550,65,106
07143057,gemeinde,1167,120,190
07143058,gemeinde,501,56,103
07143059,gemeinde,402,46,67
07143060,gemeinde,1382,164,197
07143061,gemeinde,489,69,95
07143062,gemeinde,8111,816,1478
07143064,gemeinde,480,46,92
07143065,gemeinde,1239,115,239
07143066,gemeinde,651,82,120
07143067,gemeinde,2855,300,505
07143068,gemeinde,513,68,79
07143069,gemeinde,854,113,158
07143070,gemeinde,2893,256,597
07143071,gemeinde,1542,156,368
07143072,gemeinde,775,86,121
07143073,gemeinde,1268,121,231
07143074,gemeinde,790,96,123
07143075,gemeinde,234,31,39
07143077,gemeinde,526,55,95
07143078,gemeinde,565,65,113
07143079,gemeinde,974,118,208
07143080,gemeinde,560,78,107
07143081,gemeinde,5516,467,1102
07143082,gemeinde,347,39,70
07143084,gemeinde,657,74,119
07143085,gemeinde,478,62,83
07143200,gemeinde,648,67,104
07143202,gemeinde,1636,159,314
07143203,gemeinde,174,21,23
07143204,gemeinde,267,26,43
07143205,gemeinde,634,86,103
07143206,gemeinde,6139,615,1366
07143207,gemeinde,620,63,100
07143208,gemeinde,543,51,90
07143209,gemeinde,485,53,94
07143210,gemeinde,477,46,91
07143211,gemeinde,229,32,64
07143212,gemeinde,517,64,101
07143213,gemeinde,467,67,74
07143214,gemeinde,216,25,25
07143215,gemeinde,274,35,57
07143216,gemeinde,556,74,88
07143218,gemeinde,957,110,201
07143219,gemeinde,293,29,64
07143220,gemeinde,342,40,59
07143221,gemeinde,230,22,35
07143222,gemeinde,765,98,140
07143223,gemeinde,638,74,111
07143224,gemeinde,1024,123,192
07143225,gemeinde,346,38,69
07143226,gemeinde,600,68,102
07143227,gemeinde,618,64,102
07143228,gemeinde,980,103,180
07143229,gemeinde,6304,634,1361
07143230,gemeinde,382,46,52
07143231,gemeinde,465,68,76
07143232,gemeinde,413,64,70
07143233,gemeinde,363,49,50
07143234,gemeinde,457,41,90
07143235,gemeinde,1772,193,323
07143236,gemeinde,282,34,50
07143237,gemeinde,1251,143,199
07143238,gemeinde,455,62,82
07143239,gemeinde,908,102,150
07143240,gemeinde,116,15,31
07143241,gemeinde,718,78,127
07143242,gemeinde,3133,292,627
07143243,gemeinde,1308,152,207
07143244,gemeinde,185,25,28
07143245,gemeinde,301,34,74
07143246,gemeinde,779,76,219
07143247,gemeinde,574,58,105
07143248,gemeinde,591,55,116
07143249,gemeinde,978,107,183
07143250,gemeinde,747,60,164
07143251,gemeinde,153,25,28
07143252,gemeinde,253,41,54
07143253,gemeinde,1052,87,292
07143254,gemeinde,1421,130,279
07143255,gemeinde,461,42,62
07143256,gemeinde,827,85,116
07143257,gemeinde,405,41,82
07143258,gemeinde,146,15,31
07143259,gemeinde,331,23,63
07143260,gemeinde,681,59,115
07143261,gemeinde,277,29,47
07143262,gemeinde,415,39,115
07143263,gemeinde,1916,213,319
07143264,gemeinde,533,57,80
07143265,gemeinde,414,55,92
07143266,gemeinde,454,45,95
07143267,gemeinde,750,91,158
07143268,gemeinde,818,109,154
07143269,gemeinde,975,120,184
07143270,gemeinde,1025,119,164
07143271,gemeinde,557,63,107
07143272,gemeinde,587,76,159
07143273,gemeinde,811,90,135
07143274,gemeinde,681,73,110
07143275,gemeinde,183,16,34
07143276,gemeinde,1064,94,221
07143277,gemeinde,826,104,153
07143278,gemeinde,287,36,57
07143279,gemeinde,1196,127,249
07143280,gemeinde,957,113,178
07143281,gemeinde,560,64,95
07143282,gemeinde,629,75,130
07143283,gemeinde,348,33,75
07143284,gemeinde,1058,122,214
07143285,gemeinde,1006,86,153
07143286,gemeinde,4472,421,763
07143287,gemeinde,856,75,158
07143288,gemeinde,505,57,89
07143289,gemeinde,918,102,169
07143290,gemeinde,874,115,145
07143291,gemeinde,232,21,50
07143292,gemeinde,1199,128,228
07143293,gemeinde,379,61,82
07143294,gemeinde,857,78,146
07143295,gemeinde,437,39,76
07143296,gemeinde,221,25,94
07143297,gemeinde,416,46,60
07143298,gemeinde,665,79,140
07143299,gemeinde,497,69,114
07143300,gemeinde,1995,204,375
07143301,gemeinde,918,93,148
07143302,gemeinde,213,17,32
07143303,gemeinde,316,38,42
07143304,gemeinde,1536,143,318
07143305,gemeinde,563,64,101
07143306,gemeinde,142,11,35
07143307,gemeinde,312,34,65
07143308,gemeinde,5995,599,1239
07143309,gemeinde,938,114,159
07143310,gemeinde,514,52,89
07143311,gemeinde,285,42,55
07143312,gemeinde,654,82,103
07143313,gemeinde,252,22,31
07143314,gemeinde,511,49,91
07143315,gemeinde,399,44,68
07143316,gemeinde,193,26,27
07143501,gemeinde,321,43,69
07143502,gemeinde,211,28,39
07211000,gemeinde,102727,8902,17380
07231001,gemeinde,1709,188,315
07231003,gemeinde,372,50,57
07231004,gemeinde,1416,144,267
07231005,gemeinde,838,99,178
07231006,gemeinde,449,59,84
07231007,gemeinde,865,88,185
07231008,gemeinde,6768,740,1727
07231009,gemeinde,666,75,138
07231010,gemeinde,1264,111,210
07231012,gemeinde,1146,114,252
07231013,gemeinde,469,64,81
07231014,gemeinde,357,45,107
07231016,gemeinde,563,87,124
07231017,gemeinde,115,15,32
07231018,gemeinde,273,42,58
07231019,gemeinde,119,17,23
07231020,gemeinde,84,11,12
07231021,gemeinde,12,0,0
07231022,gemeinde,162,27,26
07231023,gemeinde,97,9,32
07231024,gemeinde,1399,165,277
07231025,gemeinde,369,41,59
07231026,gemeinde,316,47,51
07231029,gemeinde,1401,164,362
07231030,gemeinde,425,55,86
07231031,gemeinde,426,49,100
07231032,gemeinde,67,14,15
07231033,gemeinde,425,54,62
07231035,gemeinde,147,18,30
07231036,gemeinde,225,33,45
07231037,gemeinde,366,41,76
07231040,gemeinde,195,29,54
07231041,gemeinde,629,78,172
07231042,gemeinde,104,9,24
07231044,gemeinde,260,33,39
07231046,gemeinde,989,109,187
07231049,gemeinde,594,62,97
07231050,gemeinde,139,15,16
07231051,gemeinde,166,19,36
07231053,gemeinde,2463,266,378
07231054,gemeinde,248,29,46
07231056,gemeinde,271,34,41
07231057,gemeinde,788,85,160
07231058,gemeinde,486,52,94
07231062,gemeinde,646,83,111
07231064,gemeinde,158,16,27
07231065,gemeinde,205,25,48
07231066,gemeinde,330,42,86
07231067,gemeinde,1038,107,225
07231068,gemeinde,818,98,194
07231069,gemeinde,1461,142,227
07231070,gemeinde,699,95,150
07231071,gemeinde,287,32,54
07231072,gemeinde,2163,238,576
07231074,gemeinde,516,50,97
07231075,gemeinde,1240,127,259
07231076,gemeinde,486,42,117
07231077,gemeinde,1086,122,226
07231078,gemeinde,94,3,16
07231079,gemeinde,1399,182,267
07231080,gemeinde,1437,153,325
07231081,gemeinde,1421,155,333
07231082,gemeinde,354,31,63
07231083,gemeinde,71,8,11
07231085,gemeinde,736,71,134
07231086,gemeinde,449,67,94
07231087,gemeinde,1310,125,284
07231090,gemeinde,1027,112,211
07231091,gemeinde,45,5,18
07231092,gemeinde,2316,242,490
07231093,gemeinde,151,15,31
07231095,gemeinde,422,42,65
07231096,gemeinde,279,27,61
07231100,gemeinde,283,24,47
07231101,gemeinde,193,19,43
07231103,gemeinde,1816,206,318
07231104,gemeinde,250,29,55
07231105,gemeinde,2021,256,488
07231107,gemeinde,859,105,170
07231108,gemeinde,618,75,149
07231110,gemeinde,983,147,255
07231111,gemeinde,739,75,132
07231112,gemeinde,59,4,10
07231113,gemeinde,2436,222,447
07231114,gemeinde,156,23,26
07231115,gemeinde,238,29,41
07231116,gemeinde,60,7,14
07231117,gemeinde,990,122,138
07231120,gemeinde,237,27,61
07231122,gemeinde,228,33,42
07231123,gemeinde,1896,216,449
07231124,gemeinde,5465,600,1369
07231125,gemeinde,877,92,223
07231126,gemeinde,956,107,207
07231127,gemeinde,361,45,53
07231132,gemeinde,60,6,9
07231133,gemeinde,941,113,252
07231134,gemeinde,18751,1836,3757
07231136,gemeinde,2174,226,491
07231202,gemeinde,314,38,62
07231203,gemeinde,217,25,44
07231204,gemeinde,704,89,119
07231206,gemeinde,464,52,95
07231501,gemeinde,629,79,171
07231502,gemeinde,10582,1174,2096
07231503,gemeinde,2240,243,410
07231504,gemeinde,713,75,105
07232001,gemeinde,29,3,12
07232002,gemeinde,462,53,79
07232003,gemeinde,83,4,22
07232004,gemeinde,18,3,6
07232005,gemeinde,255,32,42
07232006,gemeinde,116,13,33
07232007,gemeinde,1204,131,202
07232008,gemeinde,81,6,11
07232009,gemeinde,450,53,66
07232010,gemeinde,388,38,65
07232011,gemeinde,79,15,21
07232012,gemeinde,57,0,7
07232013,gemeinde,1041,105,203
07232014,gemeinde,529,57,80
07232015,gemeinde,562,58,105
07232016,gemeinde,246,20,40
07232017,gemeinde,46,6,3
07232018,gemeinde,15405,1511,2785
07232019,gemeinde,1648,186,293
07232020,gemeinde,193,25,30
07232022,gemeinde,21,4,3
07232024,gemeinde,242,22,48
07232025,gemeinde,86,13,12
07232026,gemeinde,238,16,44
07232027,gemeinde,1207,117,214
07232028,gemeinde,1004,110,179
07232029,gemeinde,90,17,17
07232030,gemeinde,440,45,69
07232031,gemeinde,72,14,11
07232032,gemeinde,37,5,6
07232033,gemeinde,402,37,86
07232034,gemeinde,115,9,15
07232035,gemeinde,24,4,0
07232036,gemeinde,29,6,10
07232037,gemeinde,1031,105,188
07232038,gemeinde,49,13,8
07232039,gemeinde,643,97,118
07232040,gemeinde,424,40,60
07232041,gemeinde,40,3,9
07232042,gemeinde,76,15,12
07232043,gemeinde,307,31,55
07232044,gemeinde,311,31,47
07232045,gemeinde,111,18,21
07232046,gemeinde,18,0,11
07232047,gemeinde,114,20,20
07232048,gemeinde,101,16,12
07232049,gemeinde,22,4,3
07232050,gemeinde,1214,150,196
07232053,gemeinde,640,77,109
07232054,gemeinde,98,4,10
07232055,gemeinde,173,18,40
07232056,gemeinde,50,6,6
07232057,gemeinde,155,19,35
07232058,gemeinde,322,35,76
07232059,gemeinde,147,14,28
07232060,gemeinde,428,66,68
07232061,gemeinde,406,51,61
07232062,gemeinde,207,32,30
07232063,gemeinde,1571,161,295
07232064,gemeinde,423,44,66
07232065,gemeinde,66,7,6
07232066,gemeinde,18,3,0
07232067,gemeinde,1093,118,224
07232068,gemeinde,91,14,15
07232069,gemeinde,388,41,68
07232070,gemeinde,884,112,175
07232071,gemeinde,97,0,25
07232072,gemeinde,188,15,34
07232073,gemeinde,47,8,14
07232074,gemeinde,75,8,14
07232075,gemeinde,560,78,129
07232076,gemeinde,351,37,73
07232077,gemeinde,418,38,62
07232078,gemeinde,175,15,36
07232079,gemeinde,560,64,88
07232080,gemeinde,1099,102,189
07232081,gemeinde,530,45,93
07232082,gemeinde,257,28,44
07232083,gemeinde,102,15,17
07232084,gemeinde,39,3,10
07232085,gemeinde,44,7,6
07232086,gemeinde,563,59,82
07232087,gemeinde,858,103,157
07232088,gemeinde,1388,141,318
07232089,gemeinde,49,13,14
07232090,gemeinde,48,3,13
07232091,gemeinde,227,31,32
07232092,gemeinde,85,16,20
07232093,gemeinde,267,29,48
07232094,gemeinde,70,5,9
07232095,gemeinde,423,55,68
07232096,gemeinde,128,13,31
07232097,gemeinde,66,8,13
07232098,gemeinde,168,18,30
07232099,gemeinde,528,67,91
07232100,gemeinde,97,5,14
07232101,gemeinde,195,13,31
07232102,gemeinde,443,43,94
07232103,gemeinde,235,27,50
07232104,gemeinde,84,9,24
07232105,gemeinde,297,40,54
07232106,gemeinde,94,0,13
07232107,gemeinde,701,75,136
07232108,gemeinde,547,68,84
07232109,gemeinde,1315,152,191
07232110,gemeinde,171,19,25
07232111,gemeinde,426,58,99
07232112,gemeinde,237,33,39
07232113,gemeinde,245,28,64
07232114,gemeinde,204,23,25
07232115,gemeinde,94,13,17
07232116,gemeinde,30,4,7
07232117,gemeinde,44,6,4
07232118,gemeinde,363,44,74
07232119,gemeinde,311,39,69
07232120,gemeinde,252,37,45
07232121,gemeinde,43,0,9
07232122,gemeinde,392,57,65
07232123,gemeinde,3533,349,580
07232124,gemeinde,99,10,22
07232125,gemeinde,406,53,81
07232126,gemeinde,289,35,44
07232127,gemeinde,50,8,11
07232128,gemeinde,64,7,6
07232129,gemeinde,53,8,9
07232130,gemeinde,20,4,4
07232131,gemeinde,393,47,69
07232132,gemeinde,165,22,21
07232133,gemeinde,31,6,9
07232134,gemeinde,259,31,33
07232135,gemeinde,180,17,33
07232137,gemeinde,1035,93,136
07232138,gemeinde,60,8,14
07232201,gemeinde,1417,120,237
07232202,gemeinde,620,64,157
07232203,gemeinde,206,20,64
07232206,gemeinde,1304,115,234
07232207,gemeinde,315,42,78
07232208,gemeinde,245,42,51
07232209,gemeinde,575,65,109
07232210,gemeinde,698,70,133
07232211,gemeinde,113,24,31
07232212,gemeinde,347,28,66
07232213,gemeinde,901,110,170
07232214,gemeinde,223,30,43
07232216,gemeinde,116,16,16
07232217,gemeinde,42,3,14
07232218,gemeinde,374,38,57
07232220,gemeinde,194,14,29
07232221,gemeinde,134,11,22
07232222,gemeinde,317,30,64
07232223,gemeinde,383,35,68
07232224,gemeinde,136,12,16
07232225,gemeinde,426,39,68
07232226,gemeinde,1005,99,192
07232227,gemeinde,484,53,119
07232228,gemeinde,319,39,67
07232229,gemeinde,142,22,35
07232230,gemeinde,116,13,22
07232231,gemeinde,662,51,152
07232233,gemeinde,106,20,16
07232234,gemeinde,75,7,18
07232236,gemeinde,151,20,28
07232238,gemeinde,114,18,37
07232240,gemeinde,36,0,8
07232245,gemeinde,232,24,51
07232246,gemeinde,170,20,31
07232247,gemeinde,74,18,17
07232248,gemeinde,45,0,6
07232249,gemeinde,49,5,16
07232250,gemeinde,150,13,30
07232253,gemeinde,213,18,63
07232254,gemeinde,380,35,59
07232255,gemeinde,81,13,17
07232256,gemeinde,314,36,61
07232258,gemeinde,101,7,19
07232259,gemeinde,197,20,29
07232260,gemeinde,329,29,67
07232261,gemeinde,89,10,16
07232262,gemeinde,604,49,97
07232263,gemeinde,347,38,72
07232264,gemeinde,54,4,14
07232265,gemeinde,53,3,8
07232266,gemeinde,48,0,25
07232267,gemeinde,50,16,10
07232270,gemeinde,37,3,16
07232271,gemeinde,123,15,23
07232272,gemeinde,107,18,24
07232273,gemeinde,247,22,42
07232276,gemeinde,34,6,8
07232277,gemeinde,32,7,6
07232279,gemeinde,265,35,47
07232280,gemeinde,92,14,14
07232282,gemeinde,555,58,128
07232283,gemeinde,144,19,29
07232284,gemeinde,73,4,11
07232285,gemeinde,331,39,56
07232287,gemeinde,192,17,39
07232288,gemeinde,601,53,110
07232289,gemeinde,1337,154,230
07232290,gemeinde,252,21,48
07232291,gemeinde,40,3,7
07232292,gemeinde,104,8,21
07232293,gemeinde,305,37,54
07232294,gemeinde,168,17,23
07232295,gemeinde,958,106,184
07232296,gemeinde,5154,531,1050
07232297,gemeinde,56,4,12
07232298,gemeinde,77,12,14
07232300,gemeinde,677,60,115
07232301,gemeinde,51,6,13
07232302,gemeinde,463,56,92
07232304,gemeinde,1462,175,314
07232305,gemeinde,460,36,103
07232306,gemeinde,158,26,44
07232307,gemeinde,133,10,31
07232308,gemeinde,281,31,52
07232309,gemeinde,26,0,6
07232310,gemeinde,73,5,21
07232311,gemeinde,846,86,154
07232313,gemeinde,174,15,50
07232315,gemeinde,33,4,8
07232318,gemeinde,747,84,133
07232320,gemeinde,442,45,63
07232321,gemeinde,277,30,59
07232322,gemeinde,1060,110,277
07232327,gemeinde,62,9,14
07232328,gemeinde,150,20,36
07232329,gemeinde,844,96,148
07232331,gemeinde,123,16,31
07232332,gemeinde,406,43,71
07232333,gemeinde,397,43,83
07232501,gemeinde,804,87,135
07232502,gemeinde,113,8,25
07233002,gemeinde,91,11,18
07233003,gemeinde,89,6,15
07233004,gemeinde,219,29,47
07233005,gemeinde,500,58,117
07233006,gemeinde,248,39,56
07233007,gemeinde,434,53,98
07233008,gemeinde,290,43,80
07233010,gemeinde,222,17,32
07233011,gemeinde,182,25,38
07233014,gemeinde,937,99,138
07233016,gemeinde,280,30,46
07233017,gemeinde,390,36,87
07233018,gemeinde,665,62,139
07233019,gemeinde,210,19,40
07233020,gemeinde,791,107,148
07233021,gemeinde,279,37,42
07233022,gemeinde,429,69,107
07233023,gemeinde,511,64,163
07233025,gemeinde,90,10,12
07233026,gemeinde,7156,817,1507
07233027,gemeinde,1389,143,266
07233028,gemeinde,475,54,134
07233029,gemeinde,3165,337,742
07233030,gemeinde,214,24,51
07233031,gemeinde,116,13,27
07233032,gemeinde,123,21,46
07233033,gemeinde,321,29,82
07233034,gemeinde,233,23,49
07233035,gemeinde,1801,203,430
07233036,gemeinde,374,52,78
07233037,gemeinde,131,17,24
07233038,gemeinde,465,61,108
07233039,gemeinde,391,34,89
07233040,gemeinde,152,17,38
07233041,gemeinde,1116,123,287
07233042,gemeinde,1321,139,304
07233043,gemeinde,234,25,51
07233046,gemeinde,229,26,36
07233048,gemeinde,135,26,32
07233049,gemeinde,239,21,32
07233050,gemeinde,856,108,183
07233052,gemeinde,450,48,98
07233053,gemeinde,687,85,132
07233054,gemeinde,310,48,72
07233055,gemeinde,527,62,116
07233056,gemeinde,969,113,202
07233058,gemeinde,273,32,59
07233060,gemeinde,318,53,90
07233061,gemeinde,180,15,45
07233062,gemeinde,63,11,16
07233063,gemeinde,611,75,118
07233064,gemeinde,258,32,63
07233065,gemeinde,145,16,45
07233067,gemeinde,194,22,46
07233068,gemeinde,205,21,30
07233070,gemeinde,483,60,102
07233071,gemeinde,422,51,122
07233074,gemeinde,270,32,33
07233075,gemeinde,1094,132,200
07233076,gemeinde,1349,182,349
07233077,gemeinde,164,31,26
07233079,gemeinde,409,58,96
07233080,gemeinde,880,96,164
07233081,gemeinde,253,35,71
07233083,gemeinde,637,64,119
07233084,gemeinde,135,22,20
07233201,gemeinde,123,13,36
07233202,gemeinde,119,10,30
07233203,gemeinde,171,23,32
07233204,gemeinde,1073,128,237
07233205,gemeinde,198,27,62
07233206,gemeinde,242,30,63
07233207,gemeinde,67,12,27
07233208,gemeinde,72,11,12
07233209,gemeinde,494,62,104
07233210,gemeinde,161,17,30
07233211,gemeinde,270,32,66
07233212,gemeinde,85,13,24
07233213,gemeinde,108,11,18
07233214,gemeinde,452,68,105
07233215,gemeinde,325,35,92
07233216,gemeinde,128,10,24
07233217,gemeinde,172,16,40
07233218,gemeinde,1853,203,377
07233219,gemeinde,198,33,29
07233220,gemeinde,73,16,21
07233221,gemeinde,119,12,19
07233222,gemeinde,102,15,26
07233223,gemeinde,157,34,52
07233224,gemeinde,202,21,43
07233225,gemeinde,249,34,53
07233226,gemeinde,159,23,39
07233227,gemeinde,521,58,146
07233228,gemeinde,30,5,15
07233229,gemeinde,456,49,93
07233230,gemeinde,127,20,37
07233232,gemeinde,349,63,75
07233233,gemeinde,70,9,7
07233234,gemeinde,301,27,76
07233235,gemeinde,182,21,38
07233236,gemeinde,91,4,20
07233237,gemeinde,125,15,31
07233239,gemeinde,288,38,99
07233240,gemeinde,1522,164,308
07233241,gemeinde,637,82,150
07233242,gemeinde,666,103,115
07233243,gemeinde,53,8,10
07233244,gemeinde,108,14,24
07233501,gemeinde,7604,862,1675
07235001,gemeinde,1096,90,199
07235002,gemeinde,1563,183,248
07235003,gemeinde,261,30,37
07235004,gemeinde,1009,92,123
07235005,gemeinde,387,69,53
07235008,gemeinde,934,107,179
07235010,gemeinde,233,29,43
07235014,gemeinde,610,63,161
07235015,gemeinde,593,65,128
07235019,gemeinde,463,56,105
07235021,gemeinde,803,88,115
07235022,gemeinde,2366,224,476
07235025,gemeinde,417,31,43
07235026,gemeinde,2927,282,494
07235027,gemeinde,357,37,74
07235028,gemeinde,1817,194,266
07235030,gemeinde,500,43,99
07235033,gemeinde,986,107,233
07235035,gemeinde,452,47,95
07235036,gemeinde,1132,133,226
07235037,gemeinde,1991,190,459
07235038,gemeinde,734,59,161
07235040,gemeinde,273,29,43
07235043,gemeinde,387,46,79
07235044,gemeinde,244,24,44
07235045,gemeinde,6461,617,1160
07235046,gemeinde,131,14,37
07235047,gemeinde,286,36,47
07235048,gemeinde,277,24,46
07235050,gemeinde,435,58,85
07235051,gemeinde,2059,230,407
07235052,gemeinde,1534,150,289
07235055,gemeinde,637,66,108
07235056,gemeinde,1257,130,246
07235057,gemeinde,423,57,72
07235058,gemeinde,1930,239,419
07235060,gemeinde,2869,280,526
07235062,gemeinde,801,77,147
07235063,gemeinde,1091,118,221
07235067,gemeinde,401,36,72
07235068,gemeinde,17999,1811,3747
07235069,gemeinde,2012,216,451
07235070,gemeinde,763,78,192
07235072,gemeinde,541,73,121
07235073,gemeinde,1744,163,258
07235074,gemeinde,1587,166,359
07235077,gemeinde,120,10,11
07235078,gemeinde,1329,142,238
07235080,gemeinde,548,82,118
07235081,gemeinde,901,99,157
07235082,gemeinde,355,44,55
07235083,gemeinde,2295,236,420
07235085,gemeinde,1673,185,351
07235090,gemeinde,886,108,160
07235091,gemeinde,343,38,66
07235092,gemeinde,206,25,41
07235093,gemeinde,709,103,159
07235094,gemeinde,2668,284,449
07235095,gemeinde,2529,243,317
07235096,gemeinde,976,80,195
07235098,gemeinde,585,74,131
07235100,gemeinde,157,28,24
07235101,gemeinde,144,14,29
07235103,gemeinde,2238,223,341
07235104,gemeinde,1479,152,242
07235105,gemeinde,236,40,40
07235106,gemeinde,1232,112,204
07235107,gemeinde,1689,123,349
07235108,gemeinde,419,53,127
07235111,gemeinde,1935,244,357
07235112,gemeinde,478,62,97
07235114,gemeinde,2373,237,497
07235115,gemeinde,1267,141,195
07235116,gemeinde,400,47,60
07235118,gemeinde,7441,783,1610
07235119,gemeinde,1184,147,231
07235120,gemeinde,246,23,46
07235122,gemeinde,702,69,122
07235123,gemeinde,127,20,22
07235124,gemeinde,769,99,142
07235125,gemeinde,7607,826,1638
07235126,gemeinde,1619,164,278
07235129,gemeinde,73,8,10
07235131,gemeinde,786,97,152
07235132,gemeinde,2658,232,423
07235133,gemeinde,799,67,117
07235134,gemeinde,217,18,45
07235135,gemeinde,1062,123,174
07235136,gemeinde,1134,135,175
07235137,gemeinde,3681,386,667
07235140,gemeinde,195,23,36
07235141,gemeinde,2017,223,398
07235142,gemeinde,843,95,153
07235143,gemeinde,2194,256,390
07235144,gemeinde,608,54,126
07235146,gemeinde,812,76,129
07235148,gemeinde,1355,158,249
07235149,gemeinde,2429,191,279
07235151,gemeinde,2819,314,552
07235152,gemeinde,1548,183,293
07235153,gemeinde,562,61,144
07235154,gemeinde,820,90,120
07235207,gemeinde,1066,124,265
07235501,gemeinde,2489,266,406
07311000,gemeinde,47992,4715,9960
07312000,gemeinde,99689,9497,18666
07313000,gemeinde,47072,4476,8380
07314000,gemeinde,172889,14905,29170
07315000,gemeinde,220386,16915,35099
07316000,gemeinde,52778,5889,11729
07317000,gemeinde,38936,4264,8821
07318000,gemeinde,49482,5199,10339
07319000,gemeinde,84986,8271,15231
07320000,gemeinde,33141,3624,7164
07331001,gemeinde,1591,198,336
07331002,gemeinde,2738,312,482
07331003,gemeinde,19035,1959,3592
07331004,gemeinde,2451,324,417
07331005,gemeinde,413,58,101
07331006,gemeinde,1812,193,321
07331007,gemeinde,1774,183,295
07331008,gemeinde,387,52,84
07331009,gemeinde,337,42,54
07331010,gemeinde,677,85,126
07331011,gemeinde,417,52,68
07331012,gemeinde,889,103,123
07331014,gemeinde,147,29,22
07331015,gemeinde,2109,239,359
07331017,gemeinde,441,70,92
07331018,gemeinde,3795,417,738
07331019,gemeinde,489,60,86
07331020,gemeinde,1173,163,240
07331021,gemeinde,1410,181,243
07331022,gemeinde,391,55,77
07331023,gemeinde,3108,366,665
07331024,gemeinde,1073,112,167
07331025,gemeinde,2639,304,475
07331026,gemeinde,1547,203,265
07331027,gemeinde,701,81,112
07331028,gemeinde,317,38,45
07331029,gemeinde,712,68,138
07331030,gemeinde,2133,243,361
07331031,gemeinde,557,64,102
07331032,gemeinde,3815,413,632
07331033,gemeinde,589,75,103
07331034,gemeinde,3048,340,564
07331035,gemeinde,605,70,102
07331036,gemeinde,1567,194,325
07331037,gemeinde,986,120,188
07331038,gemeinde,1904,241,424
07331039,gemeinde,436,64,71
07331041,gemeinde,715,81,141
07331042,gemeinde,325,34,64
07331043,gemeinde,601,79,111
07331044,gemeinde,965,99,178
07331045,gemeinde,1569,182,244
07331046,gemeinde,551,68,126
07331047,gemeinde,1022,120,188
07331048,gemeinde,2269,241,475
07331049,gemeinde,563,83,117
07331050,gemeinde,594,76,128
07331051,gemeinde,588,81,116
07331052,gemeinde,1312,133,185
07331053,gemeinde,661,81,105
07331054,gemeinde,1838,186,366
07331055,gemeinde,9422,918,1877
07331056,gemeinde,1577,187,304
07331058,gemeinde,7942,751,1409
07331059,gemeinde,1630,168,319
07331060,gemeinde,1238,166,188
07331061,gemeinde,981,111,201
07331062,gemeinde,653,78,138
07331063,gemeinde,1237,154,188
07331064,gemeinde,1356,152,220
07331065,gemeinde,540,58,111
07331066,gemeinde,708,94,169
07331067,gemeinde,572,66,111
07331068,gemeinde,1762,206,274
07331070,gemeinde,1438,185,257
07331071,gemeinde,3378,341,719
07331072,gemeinde,4413,493,764
07331073,gemeinde,8191,826,1600
07331075,gemeinde,915,114,169
07332001,gemeinde,1716,247,368
07332002,gemeinde,19020,2101,4499
07332003,gemeinde,390,50,120
07332004,gemeinde,454,81,99
07332005,gemeinde,833,107,229
07332006,gemeinde,2294,260,494
07332007,gemeinde,3555,453,720
07332008,gemeinde,462,56,79
07332009,gemeinde,3642,403,954
07332010,gemeinde,3040,348,656
07332012,gemeinde,1283,187,241
07332013,gemeinde,2408,242,555
07332014,gemeinde,2377,355,520
07332015,gemeinde,1332,143,338
07332016,gemeinde,1344,162,287
07332017,gemeinde,786,90,182
07332018,gemeinde,821,88,150
07332019,gemeinde,4713,620,1154
07332020,gemeinde,1490,148,371
07332021,gemeinde,1793,225,338
07332022,gemeinde,1619,176,340
07332023,gemeinde,1161,138,280
07332024,gemeinde,14180,1499,3137
07332025,gemeinde,20301,2380,4306
07332026,gemeinde,730,102,150
07332027,gemeinde,3105,311,681
07332028,gemeinde,1247,157,274
07332029,gemeinde,1024,83,220
07332030,gemeinde,1900,191,385
07332031,gemeinde,870,121,159
07332032,gemeinde,3895,421,717
07332033,gemeinde,905,93,213
07332034,gemeinde,1076,112,230
07332035,gemeinde,3449,410,708
07332036,gemeinde,385,46,59
07332037,gemeinde,771,95,155
07332038,gemeinde,826,113,152
07332039,gemeinde,2274,281,420
07332040,gemeinde,723,89,122
07332041,gemeinde,2826,319,549
07332042,gemeinde,811,109,125
07332043,gemeinde,1430,165,334
07332044,gemeinde,860,117,137
07332046,gemeinde,4497,565,1199
07332047,gemeinde,1647,190,330
07332048,gemeinde,1661,220,369
07332049,gemeinde,1701,198,488
07332050,gemeinde,4220,506,953
07333001,gemeinde,1818,234,343
07333003,gemeinde,1605,196,363
07333004,gemeinde,382,40,88
07333005,gemeinde,170,28,22
07333006,gemeinde,613,80,93
07333007,gemeinde,795,76,121
07333008,gemeinde,217,33,47
07333009,gemeinde,928,105,161
07333010,gemeinde,2354,221,399
07333011,gemeinde,473,55,86
07333012,gemeinde,439,53,84
07333013,gemeinde,876,110,205
07333014,gemeinde,463,73,98
07333016,gemeinde,142,14,30
07333017,gemeinde,957,102,195
07333018,gemeinde,812,99,156
07333019,gemeinde,9224,1019,1773
07333020,gemeinde,188,21,41
07333021,gemeinde,284,35,78
07333022,gemeinde,660,84,119
07333023,gemeinde,505,59,111
07333024,gemeinde,313,40,90
07333025,gemeinde,513,54,115
07333026,gemeinde,3768,389,765
07333027,gemeinde,507,64,92
07333028,gemeinde,504,70,101
07333030,gemeinde,609,81,154
07333031,gemeinde,605,75,99
07333032,gemeinde,135,14,20
07333033,gemeinde,850,112,177
07333034,gemeinde,540,66,116
07333035,gemeinde,250,27,51
07333036,gemeinde,179,22,52
07333037,gemeinde,489,62,110
07333038,gemeinde,2078,266,382
07333039,gemeinde,7712,786,1589
07333040,gemeinde,993,117,228
07333041,gemeinde,628,82,111
07333042,gemeinde,895,101,188
07333043,gemeinde,380,60,86
07333045,gemeinde,1712,187,297
07333046,gemeinde,484,61,95
07333047,gemeinde,725,87,119
07333048,gemeinde,1181,135,229
07333049,gemeinde,501,75,78
07333050,gemeinde,228,41,43
07333051,gemeinde,491,48,94
07333053,gemeinde,151,20,44
07333054,gemeinde,1077,124,219
07333055,gemeinde,256,27,51
07333056,gemeinde,556,61,110
07333057,gemeinde,683,106,134
07333058,gemeinde,360,62,66
07333060,gemeinde,1856,222,394
07333061,gemeinde,237,36,60
07333062,gemeinde,188,35,30
07333064,gemeinde,536,70,91
07333065,gemeinde,371,40,66
07333066,gemeinde,280,38,56
07333067,gemeinde,222,34,50
07333068,gemeinde,112,17,34
07333069,gemeinde,340,56,61
07333071,gemeinde,1082,129,234
07333072,gemeinde,94,11,27
07333073,gemeinde,173,16,34
07333074,gemeinde,198,18,45
07333075,gemeinde,732,78,146
07333076,gemeinde,647,72,104
07333077,gemeinde,120,13,28
07333078,gemeinde,195,28,48
07333079,gemeinde,231,32,41
07333080,gemeinde,443,49,76
07333081,gemeinde,490,56,87
07333083,gemeinde,173,19,43
07333084,gemeinde,214,25,51
07333201,gemeinde,166,21,29
07333202,gemeinde,109,6,24
07333203,gemeinde,158,14,29
07333501,gemeinde,1128,150,267
07333502,gemeinde,5268,662,1244
07333503,gemeinde,4766,472,882
07334001,gemeinde,8641,961,1619
07334002,gemeinde,1991,254,407
07334004,gemeinde,735,76,139
07334005,gemeinde,1546,193,321
07334006,gemeinde,1214,120,179
07334007,gemeinde,21465,1990,3087
07334008,gemeinde,5354,602,1064
07334009,gemeinde,2799,273,470
07334011,gemeinde,2658,249,457
07334012,gemeinde,7434,774,1487
07334013,gemeinde,8979,938,1839
07334014,gemeinde,1047,104,175
07334015,gemeinde,1940,229,341
07334016,gemeinde,2615,309,550
07334017,gemeinde,5823,574,995
07334018,gemeinde,3483,387,551
07334020,gemeinde,1686,219,312
07334021,gemeinde,2614,293,576
07334022,gemeinde,1926,206,327
07334023,gemeinde,1820,220,324
07334024,gemeinde,4972,587,851
07334025,gemeinde,8401,998,1583
07334027,gemeinde,595,89,134
07334028,gemeinde,3118,324,515
07334030,gemeinde,1986,233,326
07334031,gemeinde,212,28,52
07334032,gemeinde,1890,178,273
07334033,gemeinde,1744,192,308
07334034,gemeinde,1053,107,182
07334036,gemeinde,2252,241,371
07334501,gemeinde,18558,1785,3789
07335002,gemeinde,2221,253,443
07335003,gemeinde,7759,748,1380
07335004,gemeinde,7154,780,1600
07335005,gemeinde,758,97,134
07335006,gemeinde,486,59,109
07335007,gemeinde,784,82,175
07335009,gemeinde,312,53,67
07335010,gemeinde,926,97,192
07335011,gemeinde,161,23,31
07335012,gemeinde,1194,141,242
07335013,gemeinde,580,72,118
07335014,gemeinde,740,93,137
07335015,gemeinde,4645,530,862
07335016,gemeinde,3900,424,808
07335017,gemeinde,1898,166,370
07335018,gemeinde,2467,280,527
07335019,gemeinde,531,60,60
07335020,gemeinde,1295,141,253
07335021,gemeinde,1183,143,268
07335022,gemeinde,8305,879,1581
07335023,gemeinde,1130,130,216
07335024,gemeinde,2052,251,446
07335025,gemeinde,1106,126,216
07335026,gemeinde,3841,435,671
07335027,gemeinde,721,83,119
07335028,gemeinde,932,108,163
07335029,gemeinde,1875,240,399
07335030,gemeinde,1454,172,275
07335031,gemeinde,409,47,85
07335033,gemeinde,1057,161,222
07335034,gemeinde,3958,408,785
07335035,gemeinde,5339,543,1086
07335037,gemeinde,2765,324,578
07335038,gemeinde,7700,899,1482
07335040,gemeinde,3190,421,621
07335041,gemeinde,870,109,169
07335042,gemeinde,544,84,112
07335043,gemeinde,1065,125,184
07335044,gemeinde,2414,295,494
07335045,gemeinde,1249,163,279
07335046,gemeinde,443,55,90
07335047,gemeinde,2887,336,639
07335048,gemeinde,417,59,72
07335049,gemeinde,4553,510,892
07335201,gemeinde,713,102,156
07335202,gemeinde,278,27,31
07335203,gemeinde,1449,203,380
07335204,gemeinde,1482,195,309
07335205,gemeinde,1147,151,191
07335501,gemeinde,1422,153,258
07336001,gemeinde,145,10,37
07336002,gemeinde,143,17,27
07336003,gemeinde,2759,379,713
07336004,gemeinde,1284,161,289
07336005,gemeinde,325,43,71
07336006,gemeinde,403,39,114
07336008,gemeinde,426,47,67
07336009,gemeinde,683,88,151
07336010,gemeinde,1791,237,375
07336011,gemeinde,2110,287,475
07336012,gemeinde,128,18,22
07336013,gemeinde,154,17,38
07336014,gemeinde,95,11,25
07336015,gemeinde,268,41,67
07336016,gemeinde,853,98,146
07336017,gemeinde,852,113,190
07336018,gemeinde,171,21,33
07336019,gemeinde,422,52,106
07336021,gemeinde,131,16,23
07336022,gemeinde,604,76,116
07336023,gemeinde,349,43,79
07336024,gemeinde,664,78,147
07336025,gemeinde,373,49,86
07336027,gemeinde,471,74,101
07336029,gemeinde,270,32,75
07336030,gemeinde,471,57,107
07336031,gemeinde,1191,139,293
07336032,gemeinde,1101,112,169
07336033,gemeinde,476,48,107
07336034,gemeinde,656,83,129
07336035,gemeinde,43,10,9
07336036,gemeinde,554,61,118
07336037,gemeinde,317,40,59
07336038,gemeinde,243,43,57
07336039,gemeinde,487,69,93
07336040,gemeinde,161,23,36
07336041,gemeinde,1274,168,263
07336042,gemeinde,330,46,79
07336043,gemeinde,350,46,87
07336044,gemeinde,201,31,52
07336045,gemeinde,273,34,71
07336046,gemeinde,228,27,48
07336047,gemeinde,494,66,94
07336048,gemeinde,764,91,182
07336049,gemeinde,190,20,41
07336050,gemeinde,165,21,51
07336051,gemeinde,332,57,85
07336052,gemeinde,821,96,162
07336053,gemeinde,721,85,181
07336054,gemeinde,637,71,148
07336055,gemeinde,5341,586,1097
07336056,gemeinde,450,47,94
07336057,gemeinde,214,16,72
07336058,gemeinde,1954,253,471
07336060,gemeinde,372,60,91
07336061,gemeinde,450,61,105
07336062,gemeinde,154,20,40
07336064,gemeinde,1130,149,224
07336065,gemeinde,114,14,14
07336066,gemeinde,411,57,92
07336067,gemeinde,330,42,59
07336068,gemeinde,253,26,53
07336069,gemeinde,548,82,137
07336070,gemeinde,222,31,45
07336071,gemeinde,263,23,44
07336072,gemeinde,169,21,34
07336073,gemeinde,275,29,56
07336074,gemeinde,788,116,171
07336075,gemeinde,1021,138,247
07336076,gemeinde,786,91,160
07336077,gemeinde,893,113,169
07336079,gemeinde,1452,201,347
07336081,gemeinde,144,14,30
07336082,gemeinde,423,48,88
07336084,gemeinde,525,83,108
07336085,gemeinde,358,34,111
07336086,gemeinde,176,24,38
07336087,gemeinde,615,77,140
07336088,gemeinde,439,52,105
07336089,gemeinde,299,33,85
07336090,gemeinde,355,33,57
07336091,gemeinde,497,59,108
07336092,gemeinde,5459,601,1113
07336094,gemeinde,305,45,66
07336095,gemeinde,1087,137,260
07336096,gemeinde,861,100,177
07336097,gemeinde,523,75,135
07336098,gemeinde,688,100,164
07336099,gemeinde,671,95,149
07336100,gemeinde,79,12,21
07336101,gemeinde,659,90,145
07336102,gemeinde,5156,536,1100
07336103,gemeinde,182,19,42
07336104,gemeinde,384,58,89
07336105,gemeinde,1839,199,441
07336106,gemeinde,755,109,148
07336107,gemeinde,614,79,127
07336501,gemeinde,493,70,103
07337001,gemeinde,1980,212,444
07337002,gemeinde,935,96,193
07337005,gemeinde,8575,870,2268
07337006,gemeinde,670,68,147
07337007,gemeinde,3867,426,803
07337008,gemeinde,661,79,156
07337009,gemeinde,727,90,144
07337011,gemeinde,800,71,122
07337012,gemeinde,735,103,146
07337013,gemeinde,230,31,50
07337014,gemeinde,1567,164,303
07337015,gemeinde,808,90,228
07337017,gemeinde,440,51,86
07337018,gemeinde,558,75,91
07337019,gemeinde,906,87,237
07337020,gemeinde,6835,766,1420
07337021,gemeinde,2454,288,510
07337022,gemeinde,622,85,138
07337023,gemeinde,2317,230,443
07337024,gemeinde,912,120,168
07337025,gemeinde,400,45,89
07337026,gemeinde,888,110,207
07337027,gemeinde,1007,107,171
07337028,gemeinde,618,71,173
07337029,gemeinde,805,126,200
07337031,gemeinde,901,90,217
07337032,gemeinde,1583,181,276
07337033,gemeinde,1402,168,321
07337035,gemeinde,591,107,89
07337036,gemeinde,911,99,184
07337037,gemeinde,232,28,42
07337038,gemeinde,10856,1175,1977
07337039,gemeinde,548,56,111
07337040,gemeinde,813,92,182
07337041,gemeinde,2671,275,508
07337042,gemeinde,1201,114,276
07337043,gemeinde,920,90,180
07337044,gemeinde,2218,253,460
07337045,gemeinde,990,120,174
07337046,gemeinde,911,115,198
07337047,gemeinde,2092,222,338
07337048,gemeinde,317,49,64
07337049,gemeinde,2289,273,428
07337050,gemeinde,449,61,107
07337051,gemeinde,514,58,117
07337052,gemeinde,4360,505,934
07337054,gemeinde,209,24,46
07337055,gemeinde,481,47,89
07337056,gemeinde,342,39,58
07337058,gemeinde,473,48,102
07337059,gemeinde,1091,168,279
07337060,gemeinde,129,14,38
07337061,gemeinde,6322,703,1264
07337062,gemeinde,858,103,188
07337064,gemeinde,974,130,199
07337065,gemeinde,626,71,123
07337066,gemeinde,1167,128,254
07337067,gemeinde,692,68,116
07337068,gemeinde,1778,189,347
07337069,gemeinde,860,89,189
07337070,gemeinde,1683,218,385
07337071,gemeinde,1368,185,363
07337072,gemeinde,582,67,134
07337073,gemeinde,1028,108,210
07337074,gemeinde,736,80,157
07337076,gemeinde,1811,199,354
07337077,gemeinde,919,117,180
07337078,gemeinde,584,61,106
07337079,gemeinde,607,78,131
07337080,gemeinde,384,47,89
07337081,gemeinde,407,32,78
07337082,gemeinde,613,76,111
07337083,gemeinde,1099,125,230
07337084,gemeinde,542,76,148
07337501,gemeinde,7125,838,1655
07338001,gemeinde,7655,950,1683
07338002,gemeinde,3426,324,678
07338003,gemeinde,3159,375,596
07338004,gemeinde,9949,1033,2089
07338005,gemeinde,10460,1111,2371
07338006,gemeinde,7533,801,1746
07338007,gemeinde,6054,651,1387
07338008,gemeinde,2567,317,555
07338009,gemeinde,1370,154,235
07338010,gemeinde,2645,243,417
07338011,gemeinde,3152,365,602
07338012,gemeinde,3096,291,713
07338013,gemeinde,1267,116,264
07338014,gemeinde,3120,321,553
07338015,gemeinde,905,113,200
07338016,gemeinde,6859,687,1323
07338017,gemeinde,11551,1326,2529
07338018,gemeinde,7084,835,1545
07338019,gemeinde,13203,1338,2974
07338020,gemeinde,7017,830,1751
07338021,gemeinde,3360,345,760
07338022,gemeinde,2887,336,611
07338023,gemeinde,9625,1020,1781
07338025,gemeinde,21221,2182,3709
07338026,gemeinde,6078,652,1067
07339001,gemeinde,1409,154,248
07339002,gemeinde,837,91,189
07339003,gemeinde,1572,180,399
07339004,gemeinde,631,62,92
07339005,gemeinde,24802,2488,4985
07339006,gemeinde,7666,790,1418
07339007,gemeinde,148,25,30
07339008,gemeinde,813,120,156
07339009,gemeinde,8101,801,1564
07339010,gemeinde,999,127,201
07339011,gemeinde,1399,135,284
07339012,gemeinde,2241,263,389
07339013,gemeinde,976,118,198
07339015,gemeinde,499,50,114
07339016,gemeinde,723,89,113
07339017,gemeinde,3463,366,643
07339018,gemeinde,700,81,116
07339019,gemeinde,6380,638,1357
07339020,gemeinde,2173,216,480
07339021,gemeinde,3908,401,739
07339022,gemeinde,1340,136,188
07339024,gemeinde,3803,409,685
07339025,gemeinde,1458,162,294
07339026,gemeinde,2301,249,461
07339028,gemeinde,654,82,116
07339029,gemeinde,825,91,137
07339030,gemeinde,34754,3795,6701
07339031,gemeinde,1631,199,315
07339032,gemeinde,3562,330,749
07339033,gemeinde,1295,157,223
07339034,gemeinde,2295,204,416
07339035,gemeinde,562,83,99
07339036,gemeinde,298,39,71
07339037,gemeinde,3041,320,570
07339038,gemeinde,2963,336,483
07339039,gemeinde,5377,586,1002
07339040,gemeinde,805,85,159
07339041,gemeinde,644,76,132
07339042,gemeinde,9615,832,1735
07339043,gemeinde,8156,849,1452
07339044,gemeinde,822,108,192
07339045,gemeinde,534,75,125
07339046,gemeinde,1007,116,196
07339047,gemeinde,4527,452,874
07339048,gemeinde,2702,271,447
07339049,gemeinde,7157,796,1396
07339050,gemeinde,853,95,140
07339051,gemeinde,2494,299,482
07339053,gemeinde,1505,173,311
07339054,gemeinde,1241,135,263
07339056,gemeinde,3944,430,707
07339057,gemeinde,4754,531,898
07339058,gemeinde,938,105,244
07339059,gemeinde,1070,141,181
07339060,gemeinde,2960,290,507
07339062,gemeinde,3952,412,844
07339063,gemeinde,2433,261,589
07339064,gemeinde,707,76,121
07339065,gemeinde,571,64,100
07339066,gemeinde,278,29,48
07339067,gemeinde,3618,353,795
07339068,gemeinde,634,86,96
07339201,gemeinde,953,110,168
07339202,gemeinde,824,82,158
07340001,gemeinde,282,37,67
07340002,gemeinde,1162,154,274
07340003,gemeinde,1418,185,328
07340004,gemeinde,4287,503,1219
07340005,gemeinde,191,25,43
07340006,gemeinde,179,25,34
07340007,gemeinde,899,118,201
07340008,gemeinde,1271,166,360
07340009,gemeinde,1140,118,267
07340010,gemeinde,310,44,82
07340011,gemeinde,1404,220,372
07340012,gemeinde,767,104,153
07340014,gemeinde,3489,411,882
07340015,gemeinde,1934,224,447
07340016,gemeinde,1630,202,356
07340017,gemeinde,779,93,200
07340018,gemeinde,212,29,38
07340019,gemeinde,327,42,98
07340020,gemeinde,1504,160,416
07340021,gemeinde,82,11,23
07340022,gemeinde,1180,155,301
07340023,gemeinde,810,93,191
07340024,gemeinde,865,104,176
07340025,gemeinde,500,76,107
07340026,gemeinde,716,96,175
07340027,gemeinde,940,106,209
07340028,gemeinde,3455,476,864
07340029,gemeinde,768,100,226
07340030,gemeinde,575,70,144
07340031,gemeinde,1183,141,301
07340032,gemeinde,2769,319,643
07340033,gemeinde,274,33,87
07340034,gemeinde,130,20,39
07340035,gemeinde,735,72,166
07340036,gemeinde,623,60,195
07340037,gemeinde,864,93,197
07340038,gemeinde,6355,828,1557
07340039,gemeinde,399,51,104
07340040,gemeinde,1491,174,333
07340041,gemeinde,302,45,87
07340042,gemeinde,177,14,41
07340043,gemeinde,521,92,105
07340044,gemeinde,741,92,165
07340045,gemeinde,408,56,120
07340047,gemeinde,577,70,134
07340048,gemeinde,285,32,98
07340049,gemeinde,644,81,122
07340050,gemeinde,373,62,89
07340051,gemeinde,2744,283,719
07340052,gemeinde,1147,140,306
07340053,gemeinde,1674,210,355
07340054,gemeinde,4225,529,977
07340055,gemeinde,1324,175,265
07340057,gemeinde,901,114,197
07340201,gemeinde,659,79,128
07340202,gemeinde,627,77,156
07340203,gemeinde,2060,237,479
07340204,gemeinde,180,32,31
07340205,gemeinde,732,81,173
07340206,gemeinde,4369,451,925
07340207,gemeinde,1363,173,260
07340208,gemeinde,352,48,58
07340209,gemeinde,326,41,78
07340210,gemeinde,592,78,116
07340211,gemeinde,1401,182,320
07340212,gemeinde,626,72,112
07340213,gemeinde,405,44,75
07340214,gemeinde,747,99,142
07340215,gemeinde,417,50,97
07340216,gemeinde,161,17,37
07340217,gemeinde,930,127,223
07340218,gemeinde,295,30,47
07340219,gemeinde,1528,188,257
07340220,gemeinde,772,89,158
07340221,gemeinde,451,50,74
07340222,gemeinde,2041,229,451
07340223,gemeinde,366,47,93
07340224,gemeinde,395,46,90
07340225,gemeinde,817,112,174
07340226,gemeinde,337,45,59
07340227,gemeinde,475,75,91
07340228,gemeinde,491,58,95
07340501,gemeinde,1576,215,331
07340502,gemeinde,1047,145,246
08111000,gemeinde,610458,46254,99607
08115001,gemeinde,9151,873,1810
08115002,gemeinde,4547,429,700
08115003,gemeinde,50705,4205,9048
08115004,gemeinde,6197,574,959
08115010,gemeinde,3269,304,531
08115013,gemeinde,9124,712,1419
08115015,gemeinde,12903,1118,2285
08115016,gemeinde,8982,920,1515
08115021,gemeinde,33344,3113,6364
08115022,gemeinde,3493,361,674
08115024,gemeinde,13822,1215,2335
08115028,gemeinde,48337,4200,9432
08115029,gemeinde,9580,793,1524
08115034,gemeinde,3711,392,600
08115037,gemeinde,5753,527,942
08115041,gemeinde,18443,1682,3071
08115042,gemeinde,10936,1015,1986
08115044,gemeinde,10339,940,1976
08115045,gemeinde,60545,5307,11270
08115046,gemeinde,6433,668,1064
08115048,gemeinde,8630,865,1761
08115050,gemeinde,19411,1884,3668
08115051,gemeinde,9720,1015,1762
08115052,gemeinde,7624,772,1482
08115053,gemeinde,7981,822,1322
08115054,gemeinde,6670,638,1206
08116004,gemeinde,6052,463,1128
08116005,gemeinde,1684,151,228
08116006,gemeinde,1955,204,351
08116007,gemeinde,5516,568,1148
08116008,gemeinde,3351,321,657
08116011,gemeinde,3612,395,768
08116012,gemeinde,3372,377,661
08116014,gemeinde,6673,543,1307
08116015,gemeinde,11001,952,2038
08116016,gemeinde,6064,550,1281
08116018,gemeinde,2035,211,365
08116019,gemeinde,94442,7792,16871
08116020,gemeinde,9202,903,1810
08116022,gemeinde,4248,418,848
08116027,gemeinde,4647,456,1001
08116029,gemeinde,2276,228,370
08116033,gemeinde,41676,4307,8137
08116035,gemeinde,9560,895,1751
08116036,gemeinde,2344,219,452
08116037,gemeinde,2559,245,549
08116041,gemeinde,3769,379,623
08116042,gemeinde,6107,588,1221
08116043,gemeinde,1759,194,325
08116046,gemeinde,6024,625,1186
08116047,gemeinde,12067,1010,2165
08116048,gemeinde,3572,458,811
08116049,gemeinde,40212,3726,7828
08116050,gemeinde,5486,558,986
08116053,gemeinde,1729,171,342
08116054,gemeinde,3337,348,660
08116056,gemeinde,14178,1253,2608
08116058,gemeinde,7873,793,1592
08116063,gemeinde,1865,205,282
08116068,gemeinde,4908,437,835
08116070,gemeinde,9779,1046,1766
08116071,gemeinde,15800,1498,3080
08116072,gemeinde,11995,1091,2341
08116073,gemeinde,6164,618,1232
08116076,gemeinde,7252,712,1842
08116077,gemeinde,45821,4105,8000
08116078,gemeinde,40774,3465,7407
08116079,gemeinde,8063,863,1590
08116080,gemeinde,39555,3331,6986
08116081,gemeinde,9537,989,1749
08117001,gemeinde,1972,211,420
08117002,gemeinde,1315,127,227
08117003,gemeinde,4397,417,889
08117006,gemeinde,3726,412,747
08117007,gemeinde,3839,405,920
08117009,gemeinde,1889,196,400
08117010,gemeinde,5537,539,902
08117011,gemeinde,1683,152,383
08117012,gemeinde,5189,552,1136
08117014,gemeinde,5131,496,1187
08117015,gemeinde,10531,1067,2359
08117016,gemeinde,459,42,76
08117017,gemeinde,2169,236,389
08117018,gemeinde,15231,1575,3073
08117019,gemeinde,21972,2019,4031
08117020,gemeinde,2137,266,438
08117023,gemeinde,1464,158,300
08117024,gemeinde,26869,2482,4746
08117025,gemeinde,4408,452,856
08117026,gemeinde,57809,5426,11137
08117028,gemeinde,2225,243,371
08117029,gemeinde,2943,301,653
08117030,gemeinde,4968,516,1124
08117031,gemeinde,863,99,155
08117033,gemeinde,5537,516,1269
08117035,gemeinde,1088,119,196
08117037,gemeinde,2410,251,478
08117038,gemeinde,5413,535,1206
08117042,gemeinde,7976,725,1511
08117043,gemeinde,1668,181,345
08117044,gemeinde,3834,353,826
08117049,gemeinde,10048,1004,1962
08117051,gemeinde,14248,1437,2612
08117053,gemeinde,3912,436,735
08117055,gemeinde,3138,341,709
08117058,gemeinde,1976,214,424
08117060,gemeinde,3110,324,624
08117061,gemeinde,2505,279,529
08118001,gemeinde,4304,376,939
08118003,gemeinde,13141,1217,2432
08118006,gemeinde,6212,589,1099
08118007,gemeinde,12138,1177,2025
08118010,gemeinde,7919,799,1353
08118011,gemeinde,22659,2158,4446
08118012,gemeinde,6698,633,1262
08118014,gemeinde,5193,498,955
08118015,gemeinde,2839,312,470
08118016,gemeinde,2392,224,416
08118018,gemeinde,4407,340,684
08118019,gemeinde,18657,1674,3894
08118021,gemeinde,7855,764,1454
08118027,gemeinde,7809,709,1604
08118028,gemeinde,2482,230,372
08118040,gemeinde,5828,514,830
08118046,gemeinde,33536,2930,5768
08118047,gemeinde,5632,629,1005
08118048,gemeinde,91810,7512,16087
08118049,gemeinde,15429,1426,2652
08118050,gemeinde,14043,1443,2381
08118051,gemeinde,10618,969,2002
08118053,gemeinde,3457,359,593
08118054,gemeinde,6498,602,1172
08118059,gemeinde,3265,333,562
08118060,gemeinde,7534,753,1581
08118063,gemeinde,6058,602,1074
08118067,gemeinde,11141,911,2008
08118068,gemeinde,5359,479,905
08118070,gemeinde,11986,1284,2134
08118071,gemeinde,12168,1222,2614
08118073,gemeinde,28576,2760,5044
08118074,gemeinde,3219,314,603
08118076,gemeinde,18303,1851,3379
08118077,gemeinde,6239,575,1141
08118078,gemeinde,15434,1448,2894
08118079,gemeinde,43328,4054,8280
08118080,gemeinde,18386,1514,3500
08118081,gemeinde,26024,2328,4358
08119001,gemeinde,7292,833,1351
08119003,gemeinde,5065,483,1026
08119004,gemeinde,4290,418,815
08119006,gemeinde,6804,738,1429
08119008,gemeinde,38202,3697,6899
08119018,gemeinde,3749,359,655
08119020,gemeinde,46147,4096,8666
08119024,gemeinde,2616,321,504
08119037,gemeinde,2461,274,471
08119038,gemeinde,4004,342,691
08119041,gemeinde,11262,1060,2156
08119042,gemeinde,12121,1139,2152
08119044,gemeinde,14360,1560,2863
08119053,gemeinde,4440,462,829
08119055,gemeinde,9687,997,1979
08119061,gemeinde,11704,1214,2285
08119067,gemeinde,40548,3901,8403
08119068,gemeinde,9693,926,1783
08119069,gemeinde,2186,261,377
08119075,gemeinde,5279,539,1017
08119076,gemeinde,8951,878,1670
08119079,gemeinde,57280,5158,10386
08119083,gemeinde,7436,771,1547
08119084,gemeinde,11120,1169,2135
08119085,gemeinde,29297,2797,5444
08119086,gemeinde,7661,762,1670
08119087,gemeinde,8380,856,1654
08119089,gemeinde,6708,688,1152
08119090,gemeinde,14349,1255,2981
08119091,gemeinde,26807,2498,5433
08119093,gemeinde,15761,1495,3064
08121000,gemeinde,128303,10619,21900
08125001,gemeinde,4896,456,843
08125005,gemeinde,19746,1859,2901
08125006,gemeinde,22333,2270,4433
08125007,gemeinde,7311,638,1515
08125008,gemeinde,6201,619,1380
08125013,gemeinde,16475,1615,2762
08125017,gemeinde,3125,276,423
08125021,gemeinde,3105,316,619
08125024,gemeinde,3929,421,682
08125026,gemeinde,22424,2277,3669
08125027,gemeinde,5151,471,928
08125030,gemeinde,7276,641,1479
08125034,gemeinde,5466,546,965
08125038,gemeinde,6380,596,1048
08125039,gemeinde,7589,729,1437
08125046,gemeinde,9669,803,1604
08125047,gemeinde,2619,242,400
08125048,gemeinde,1731,168,277
08125049,gemeinde,5878,502,891
08125056,gemeinde,11985,1139,2097
08125057,gemeinde,2656,199,460
08125058,gemeinde,11717,1164,2158
08125059,gemeinde,3388,372,566
08125061,gemeinde,3668,379,618
08125063,gemeinde,8261,834,1417
08125065,gemeinde,26221,2485,4808
08125066,gemeinde,4103,409,662
08125068,gemeinde,5338,533,927
08125069,gemeinde,10157,931,1784
08125074,gemeinde,8457,756,1481
08125078,gemeinde,6534,667,1097
08125079,gemeinde,2909,304,492
08125081,gemeinde,2443,295,372
08125084,gemeinde,1444,131,244
08125086,gemeinde,11493,1149,2034
08125087,gemeinde,1667,168,292
08125094,gemeinde,4972,522,993
08125096,gemeinde,4241,386,817
08125098,gemeinde,8540,816,1643
08125102,gemeinde,12708,1201,2134
08125103,gemeinde,1804,201,277
08125107,gemeinde,6779,724,1380
08125108,gemeinde,4179,491,736
08125110,gemeinde,13845,1369,2674
08125111,gemeinde,4227,398,597
08125113,gemeinde,3918,355,568
08126011,gemeinde,12498,1247,2117
08126020,gemeinde,2516,247,425
08126028,gemeinde,5271,518,885
08126039,gemeinde,5430,560,1055
08126045,gemeinde,4662,533,802
08126046,gemeinde,15733,1544,2997
08126047,gemeinde,6421,609,961
08126056,gemeinde,3621,419,628
08126058,gemeinde,6644,655,1107
08126060,gemeinde,4143,375,734
08126066,gemeinde,25320,2649,4619
08126069,gemeinde,9427,929,1643
08126072,gemeinde,5568,611,1031
08126085,gemeinde,2970,283,498
08126086,gemeinde,2018,211,354
08126094,gemeinde,1785,172,291
08127008,gemeinde,5323,555,902
08127009,gemeinde,2444,304,420
08127012,gemeinde,3066,307,517
08127013,gemeinde,2050,215,387
08127014,gemeinde,34395,3339,6085
08127023,gemeinde,2824,335,515
08127025,gemeinde,12071,1265,2158
08127032,gemeinde,4463,479,825
08127043,gemeinde,6909,591,999
08127046,gemeinde,4198,423,747
08127047,gemeinde,1845,191,374
08127052,gemeinde,5963,603,1060
08127056,gemeinde,3374,378,706
08127059,gemeinde,3750,412,693
08127062,gemeinde,3451,415,663
08127063,gemeinde,5340,594,762
08127071,gemeinde,5434,543,961
08127073,gemeinde,5564,566,945
08127075,gemeinde,5719,578,1113
08127076,gemeinde,41247,3777,7373
08127079,gemeinde,2528,258,461
08127086,gemeinde,3018,321,527
08127089,gemeinde,4596,484,856
08127091,gemeinde,3679,390,510
08127099,gemeinde,2292,196,250
08127100,gemeinde,5238,571,923
08127101,gemeinde,3971,390,674
08127102,gemeinde,4619,455,791
08127103,gemeinde,4892,538,860
08127104,gemeinde,3033,320,565
08128006,gemeinde,2237,241,359
08128007,gemeinde,23971,2318,5170
08128014,gemeinde,6659,726,1349
08128020,gemeinde,4504,496,951
08128039,gemeinde,3697,399,858
08128045,gemeinde,4048,463,753
08128047,gemeinde,3639,423,663
08128058,gemeinde,5452,568,1182
08128061,gemeinde,3003,338,650
08128064,gemeinde,5218,594,1111
08128082,gemeinde,4857,537,956
08128115,gemeinde,13201,1324,2832
08128126,gemeinde,7560,781,1556
08128128,gemeinde,3203,426,652
08128131,gemeinde,22799,2564,4749
08128137,gemeinde,1687,185,320
08128138,gemeinde,2202,230,423
08128139,gemeinde,14278,1604,3066
08135010,gemeinde,4332,461,885
08135015,gemeinde,11621,1219,2267
08135016,gemeinde,19433,1898,3858
08135019,gemeinde,49964,4649,9691
08135020,gemeinde,13192,1376,2546
08135021,gemeinde,2281,236,491
08135025,gemeinde,7032,721,1637
08135026,gemeinde,6363,641,1329
08135027,gemeinde,4742,528,898
08135031,gemeinde,5744,561,1091
08135032,gemeinde,8722,886,1858
08136002,gemeinde,7351,798,1277
08136003,gemeinde,1701,220,293
08136007,gemeinde,2090,220,402
08136009,gemeinde,4640,412,838
08136010,gemeinde,11670,1237,2220
08136015,gemeinde,2755,311,529
08136018,gemeinde,1754,202,259
08136019,gemeinde,24614,2490,4509
08136020,gemeinde,1832,194,287
08136021,gemeinde,6386,687,1262
08136024,gemeinde,2484,278,384
08136027,gemeinde,4641,537,938
08136028,gemeinde,10026,1067,1950
08136029,gemeinde,1853,186,334
08136033,gemeinde,5983,588,1159
08136034,gemeinde,2497,265,453
08136035,gemeinde,2306,229,366
08136037,gemeinde,1784,169,306
08136038,gemeinde,4712,466,829
08136040,gemeinde,2039,237,420
08136042,gemeinde,10784,1100,2087
08136043,gemeinde,4288,433,792
08136044,gemeinde,6852,698,1238
08136045,gemeinde,7967,844,1397
08136046,gemeinde,3206,313,532
08136049,gemeinde,435,50,85
08136050,gemeinde,7793,772,1603
08136060,gemeinde,2623,303,461
08136061,gemeinde,1833,215,282
08136062,gemeinde,2218,265,386
08136065,gemeinde,63449,6049,12295
08136066,gemeinde,3418,392,685
08136068,gemeinde,1797,182,321
08136070,gemeinde,1035,100,182
08136071,gemeinde,1801,163,346
08136075,gemeinde,4806,448,815
08136079,gemeinde,7056,691,1501
08136082,gemeinde,6098,510,1112
08136084,gemeinde,1472,153,242
08136087,gemeinde,2217,242,435
08136088,gemeinde,67139,6243,12767
08136089,gemeinde,3292,318,543
08211000,gemeinde,55887,5734,13574
08212000,gemeinde,305408,25253,52512
08215007,gemeinde,29871,2813,5550
08215009,gemeinde,46780,4334,8294
08215017,gemeinde,38461,4029,9333
08215021,gemeinde,8029,805,1555
08215025,gemeinde,4103,390,620
08215029,gemeinde,5571,624,981
08215039,gemeinde,5960,654,1056
08215040,gemeinde,2346,255,465
08215046,gemeinde,14884,1569,2823
08215047,gemeinde,5047,621,1077
08215059,gemeinde,11358,1042,1905
08215064,gemeinde,13258,1403,2442
08215066,gemeinde,13558,1241,2334
08215082,gemeinde,4951,485,930
08215084,gemeinde,13154,1465,2330
08215089,gemeinde,9900,1046,1852
08215090,gemeinde,10428,939,1968
08215094,gemeinde,1832,190,300
08215096,gemeinde,16181,1784,3356
08215097,gemeinde,14731,1566,2746
08215099,gemeinde,12146,1336,2154
08215100,gemeinde,13129,1210,2209
08215101,gemeinde,18286,1814,3614
08215102,gemeinde,16823,1635,3487
08215103,gemeinde,10691,1047,1897
08215105,gemeinde,12265,1259,2409
08215106,gemeinde,21993,2166,4049
08215107,gemeinde,9505,1131,1925
08215108,gemeinde,20820,2126,4638
08215109,gemeinde,24980,2500,4680
08215110,gemeinde,13324,1305,2999
08215111,gemeinde,6749,796,1392
08216002,gemeinde,3377,399,596
08216005,gemeinde,6373,689,1197
08216006,gemeinde,3009,322,622
08216007,gemeinde,28782,3096,6170
08216008,gemeinde,7788,823,1553
08216009,gemeinde,11947,1282,2277
08216012,gemeinde,3239,369,640
08216013,gemeinde,4497,539,1020
08216015,gemeinde,29553,2974,6507
08216017,gemeinde,14167,1553,3134
08216022,gemeinde,5052,526,681
08216023,gemeinde,5175,563,990
08216024,gemeinde,8219,800,1712
08216028,gemeinde,4940,592,906
08216029,gemeinde,2520,262,521
08216033,gemeinde,6100,682,1239
08216039,gemeinde,4905,528,977
08216041,gemeinde,6356,746,1186
08216043,gemeinde,50546,5002,9346
08216049,gemeinde,11380,1253,2202
08216052,gemeinde,3120,330,489
08216059,gemeinde,2434,281,471
08216063,gemeinde,6592,754,1231
08221000,gemeinde,153809,10785,22325
08222000,gemeinde,313693,25961,51841
08225001,gemeinde,5058,486,972
08225002,gemeinde,4836,535,887
08225009,gemeinde,5975,662,989
08225010,gemeinde,1369,138,294
08225014,gemeinde,18021,2038,3744
08225024,gemeinde,2698,311,570
08225032,gemeinde,6765,744,1338
08225033,gemeinde,4956,521,832
08225039,gemeinde,3039,362,562
08225042,gemeinde,2034,223,422
08225052,gemeinde,4407,516,888
08225058,gemeinde,24413,2506,5116
08225060,gemeinde,4863,590,957
08225064,gemeinde,2278,247,469
08225067,gemeinde,1434,151,275
08225068,gemeinde,1855,225,366
08225074,gemeinde,5395,537,1100
08225075,gemeinde,6525,637,1234
08225082,gemeinde,2062,218,428
08225091,gemeinde,3983,433,749
08225109,gemeinde,11557,1263,2294
08225113,gemeinde,658,97,145
08225114,gemeinde,2992,320,505
08225115,gemeinde,3846,437,803
08225116,gemeinde,2924,384,543
08225117,gemeinde,5836,671,1148
08225118,gemeinde,4691,564,1031
08226003,gemeinde,6247,615,1104
08226006,gemeinde,6504,675,1449
08226009,gemeinde,14279,1528,3407
08226010,gemeinde,9151,928,1721
08226012,gemeinde,12641,1036,2167
08226013,gemeinde,14607,1602,3335
08226017,gemeinde,2400,268,481
08226018,gemeinde,15590,1304,2627
08226020,gemeinde,2694,261,484
08226022,gemeinde,2335,257,501
08226027,gemeinde,487,58,95
08226028,gemeinde,12127,1210,2523
08226029,gemeinde,2646,309,602
08226031,gemeinde,11986,1219,2686
08226032,gemeinde,21634,2139,3870
08226036,gemeinde,9253,883,1801
08226037,gemeinde,13120,1268,2888
08226038,gemeinde,12371,1242,2904
08226040,gemeinde,6484,637,1284
08226041,gemeinde,26852,2655,4794
08226046,gemeinde,3409,415,647
08226048,gemeinde,4142,424,747
08226049,gemeinde,5303,550,1085
08226054,gemeinde,8702,929,1493
08226055,gemeinde,4128,467,718
08226056,gemeinde,13201,1428,3089
08226058,gemeinde,1790,204,343
08226059,gemeinde,7143,767,1199
08226060,gemeinde,11321,1104,2134
08226062,gemeinde,12241,1160,2292
08226063,gemeinde,10374,999,2106
08226065,gemeinde,8724,846,1432
08226066,gemeinde,2123,254,345
08226068,gemeinde,8179,808,1483
08226076,gemeinde,15350,1457,3087
08226080,gemeinde,4412,512,945
08226081,gemeinde,2888,315,576
08226082,gemeinde,14994,1479,3154
08226084,gemeinde,21732,2222,4132
08226085,gemeinde,36517,3712,6669
08226086,gemeinde,1689,189,329
08226091,gemeinde,5764,594,1074
08226095,gemeinde,15987,1380,2927
08226096,gemeinde,45823,4478,9749
08226097,gemeinde,3184,303,666
08226098,gemeinde,27095,2692,5007
08226099,gemeinde,3211,391,694
08226101,gemeinde,2267,208,403
08226102,gemeinde,5183,523,957
08226103,gemeinde,13996,1492,2293
08226104,gemeinde,2394,295,486
08226105,gemeinde,14365,1319,3058
08226106,gemeinde,3840,465,667
08226107,gemeinde,9642,879,2199
08231000,gemeinde,133110,11572,23605
08235006,gemeinde,10846,1004,1864
08235007,gemeinde,7732,840,1468
08235008,gemeinde,9195,1039,1896
08235018,gemeinde,2318,276,582
08235020,gemeinde,4782,529,737
08235022,gemeinde,1992,172,321
08235025,gemeinde,1304,146,289
08235029,gemeinde,3605,407,692
08235032,gemeinde,5959,540,1042
08235033,gemeinde,7558,929,1743
08235035,gemeinde,1622,177,318
08235046,gemeinde,23221,2315,4473
08235047,gemeinde,5730,557,994
08235050,gemeinde,3120,353,541
08235055,gemeinde,2908,344,498
08235057,gemeinde,2475,249,380
08235060,gemeinde,1936,199,376
08235065,gemeinde,7730,831,1503
08235066,gemeinde,2220,203,325
08235067,gemeinde,2809,313,488
08235073,gemeinde,2370,237,423
08235079,gemeinde,10350,1113,2138
08235080,gemeinde,9998,1047,1894
08235084,gemeinde,3103,367,564
08235085,gemeinde,24538,2317,4566
08236004,gemeinde,10178,1104,2159
08236011,gemeinde,4590,446,932
08236013,gemeinde,4416,469,1018
08236019,gemeinde,3966,333,730
08236025,gemeinde,5420,502,928
08236028,gemeinde,7661,769,1524
08236030,gemeinde,5810,612,1236
08236031,gemeinde,2943,281,624
08236033,gemeinde,7962,809,1466
08236038,gemeinde,6387,635,1259
08236039,gemeinde,2929,268,487
08236040,gemeinde,26420,2601,4699
08236043,gemeinde,8134,874,1531
08236044,gemeinde,5143,584,1051
08236046,gemeinde,12352,1218,2328
08236050,gemeinde,4586,482,932
08236061,gemeinde,2810,325,578
08236062,gemeinde,5290,599,1053
08236065,gemeinde,6721,704,1178
08236067,gemeinde,2787,288,447
08236068,gemeinde,3218,310,523
08236070,gemeinde,8736,951,1937
08236071,gemeinde,11832,1152,2342
08236072,gemeinde,11279,1254,2173
08236073,gemeinde,6571,727,1262
08236074,gemeinde,6221,715,1234
08236075,gemeinde,3444,395,629
08236076,gemeinde,10093,985,1959
08237002,gemeinde,6180,707,1266
08237004,gemeinde,15269,1629,3013
08237019,gemeinde,8119,794,1464
08237024,gemeinde,4173,405,702
08237027,gemeinde,6024,572,956
08237028,gemeinde,24034,2346,4853
08237030,gemeinde,2521,254,435
08237032,gemeinde,629,53,115
08237040,gemeinde,25424,2639,4580
08237045,gemeinde,7684,882,1430
08237054,gemeinde,7203,697,1259
08237061,gemeinde,2584,267,442
08237072,gemeinde,213,26,23
08237073,gemeinde,2134,247,414
08237074,gemeinde,6163,671,1090
08237075,gemeinde,2047,236,447
08311000,gemeinde,233040,18171,35484
08315003,gemeinde,1496,138,274
08315004,gemeinde,2843,239,554
08315006,gemeinde,22044,2104,4495
08315007,gemeinde,4604,511,1267
08315008,gemeinde,2412,240,407
08315013,gemeinde,5448,512,989
08315014,gemeinde,2285,243,495
08315015,gemeinde,15886,1618,3084
08315016,gemeinde,1858,165,344
08315020,gemeinde,3189,298,574
08315022,gemeinde,4406,446,764
08315028,gemeinde,2812,300,509
08315030,gemeinde,3689,371,577
08315031,gemeinde,2150,219,446
08315033,gemeinde,2456,252,339
08315037,gemeinde,1903,216,360
08315039,gemeinde,2009,217,438
08315041,gemeinde,3253,320,549
08315043,gemeinde,2955,290,457
08315047,gemeinde,12030,1127,2632
08315048,gemeinde,5047,471,749
08315050,gemeinde,6441,642,1178
08315051,gemeinde,1132,108,221
08315052,gemeinde,2497,256,569
08315056,gemeinde,1201,109,200
08315059,gemeinde,6212,642,1218
08315064,gemeinde,9978,973,2341
08315068,gemeinde,5098,589,1095
08315070,gemeinde,7675,772,1468
08315072,gemeinde,2584,262,487
08315073,gemeinde,5215,468,1268
08315074,gemeinde,19638,1944,4121
08315076,gemeinde,12636,1276,2216
08315084,gemeinde,2849,286,534
08315089,gemeinde,2631,251,570
08315094,gemeinde,1958,181,341
08315095,gemeinde,2672,268,499
08315098,gemeinde,6396,588,1221
08315102,gemeinde,2562,308,633
08315107,gemeinde,1284,164,266
08315108,gemeinde,8322,916,2261
08315109,gemeinde,4332,447,908
08315111,gemeinde,2725,296,604
08315113,gemeinde,12761,1265,2560
08315115,gemeinde,5662,516,1233
08315125,gemeinde,1480,175,318
08315130,gemeinde,5098,546,1041
08315131,gemeinde,7665,798,1376
08315132,gemeinde,9223,976,1816
08315133,gemeinde,6235,638,1210
08316002,gemeinde,4373,428,770
08316003,gemeinde,1722,174,280
08316009,gemeinde,13579,1331,2920
08316010,gemeinde,7368,780,1407
08316011,gemeinde,29137,2896,5570
08316012,gemeinde,10022,1026,1970
08316013,gemeinde,1407,151,206
08316014,gemeinde,4579,460,772
08316017,gemeinde,10813,1118,1922
08316020,gemeinde,10513,1054,1945
08316024,gemeinde,3265,351,550
08316036,gemeinde,2835,315,554
08316037,gemeinde,3979,378,653
08316038,gemeinde,3414,388,651
08316039,gemeinde,3432,385,675
08316042,gemeinde,2943,303,556
08316043,gemeinde,11796,1202,2553
08316045,gemeinde,3153,305,631
08316049,gemeinde,2157,260,338
08316051,gemeinde,3978,445,689
08316053,gemeinde,4115,382,700
08316054,gemeinde,4199,487,780
08316055,gemeinde,2828,339,498
08316056,gemeinde,21243,2161,4473
08317001,gemeinde,25696,2608,5034
08317005,gemeinde,10274,1064,1994
08317008,gemeinde,2594,271,542
08317009,gemeinde,2460,267,461
08317011,gemeinde,3716,393,689
08317021,gemeinde,4048,428,897
08317026,gemeinde,13424,1441,2501
08317029,gemeinde,1706,173,276
08317031,gemeinde,13509,1390,2439
08317034,gemeinde,11056,1138,2633
08317039,gemeinde,2282,241,487
08317040,gemeinde,7156,765,1474
08317041,gemeinde,5807,662,1153
08317046,gemeinde,1786,165,317
08317047,gemeinde,8128,827,1553
08317051,gemeinde,4160,450,842
08317056,gemeinde,6190,663,1141
08317057,gemeinde,38556,3689,6944
08317059,gemeinde,5485,563,1023
08317065,gemeinde,49103,4656,8774
08317067,gemeinde,1935,205,377
08317068,gemeinde,4015,460,817
08317073,gemeinde,5191,581,794
08317075,gemeinde,4135,449,791
08317078,gemeinde,1666,170,272
08317085,gemeinde,1823,185,342
08317088,gemeinde,2426,257,447
08317089,gemeinde,19628,2138,3895
08317093,gemeinde,2551,247,489
08317096,gemeinde,62220,5939,12033
08317097,gemeinde,3296,353,624
08317098,gemeinde,4890,485,991
08317100,gemeinde,3424,365,770
08317102,gemeinde,3162,318,616
08317110,gemeinde,7473,790,1408
08317113,gemeinde,2467,233,418
08317114,gemeinde,4523,350,612
08317116,gemeinde,5286,564,1103
08317118,gemeinde,2605,283,583
08317121,gemeinde,3192,351,568
08317122,gemeinde,7200,770,1530
08317126,gemeinde,1441,151,247
08317127,gemeinde,4850,545,1117
08317129,gemeinde,3934,422,676
08317141,gemeinde,9837,1099,1736
08317145,gemeinde,5607,609,1241
08317146,gemeinde,8106,836,1804
08317150,gemeinde,6925,697,1264
08317151,gemeinde,9826,1069,1754
08317152,gemeinde,5236,538,867
08317153,gemeinde,11236,1352,2127
08325001,gemeinde,4171,438,831
08325009,gemeinde,3372,356,542
08325011,gemeinde,4146,423,701
08325012,gemeinde,6163,654,1199
08325014,gemeinde,6369,663,1095
08325015,gemeinde,3172,358,620
08325024,gemeinde,2458,240,478
08325036,gemeinde,2753,267,581
08325045,gemeinde,14522,1293,2853
08325049,gemeinde,24668,2387,4825
08325050,gemeinde,1852,215,340
08325051,gemeinde,3641,440,772
08325053,gemeinde,20446,2092,4234
08325057,gemeinde,12671,1372,2199
08325060,gemeinde,3349,346,642
08325061,gemeinde,4307,407,720
08325064,gemeinde,3252,330,556
08325069,gemeinde,6332,664,1238
08325070,gemeinde,3072,310,581
08325071,gemeinde,2083,185,431
08325072,gemeinde,6134,646,1192
08326003,gemeinde,12982,1406,3341
08326005,gemeinde,9925,1038,1960
08326006,gemeinde,5698,618,968
08326010,gemeinde,3765,362,748
08326012,gemeinde,21883,2229,4105
08326017,gemeinde,8374,897,1654
08326020,gemeinde,1069,152,207
08326027,gemeinde,7872,765,1317
08326031,gemeinde,5818,651,1432
08326037,gemeinde,2803,308,657
08326041,gemeinde,5839,646,1128
08326052,gemeinde,12265,1254,2649
08326054,gemeinde,2483,278,560
08326055,gemeinde,3854,379,887
08326060,gemeinde,4412,485,893
08326061,gemeinde,2968,275,479
08326065,gemeinde,2511,234,486
08326068,gemeinde,3621,395,762
08326074,gemeinde,87478,8293,17200
08326075,gemeinde,4976,553,1030
08327002,gemeinde,7660,740,1301
08327004,gemeinde,489,51,75
08327005,gemeinde,1286,110,192
08327006,gemeinde,1432,146,246
08327007,gemeinde,1430,120,156
08327008,gemeinde,731,79,106
08327009,gemeinde,1848,174,307
08327010,gemeinde,2928,263,493
08327011,gemeinde,1719,153,294
08327012,gemeinde,1033,99,172
08327013,gemeinde,650,66,90
08327016,gemeinde,3154,326,596
08327017,gemeinde,2111,199,352
08327018,gemeinde,6296,664,1149
08327019,gemeinde,3786,405,633
08327020,gemeinde,773,73,127
08327023,gemeinde,801,83,137
08327025,gemeinde,6364,530,987
08327027,gemeinde,694,96,132
08327029,gemeinde,595,66,93
08327030,gemeinde,1246,132,253
08327033,gemeinde,830,108,169
08327036,gemeinde,3671,349,831
08327038,gemeinde,3987,433,606
08327040,gemeinde,461,46,66
08327041,gemeinde,760,85,128
08327046,gemeinde,13425,1245,2570
08327048,gemeinde,1274,130,203
08327049,gemeinde,17085,1500,2932
08327050,gemeinde,36665,3264,6524
08327051,gemeinde,3644,362,677
08327054,gemeinde,3908,430,876
08327055,gemeinde,2572,251,461
08327056,gemeinde,2873,297,501
08327057,gemeinde,4714,518,778
08335001,gemeinde,2285,260,345
08335002,gemeinde,7228,803,1623
08335015,gemeinde,1384,168,402
08335021,gemeinde,3835,449,600
08335022,gemeinde,11029,1047,2097
08335025,gemeinde,3292,405,938
08335026,gemeinde,2866,301,578
08335028,gemeinde,10708,1045,2145
08335035,gemeinde,8981,902,1604
08335043,gemeinde,86437,6838,15238
08335055,gemeinde,3410,371,699
08335057,gemeinde,2676,273,338
08335061,gemeinde,3589,431,877
08335063,gemeinde,30742,3183,6779
08335066,gemeinde,5270,601,979
08335075,gemeinde,46789,4120,8967
08335077,gemeinde,4957,529,983
08335079,gemeinde,17412,1797,3424
08335080,gemeinde,4756,522,844
08335081,gemeinde,3252,332,537
08335096,gemeinde,2220,232,395
08335097,gemeinde,3945,375,714
08335098,gemeinde,4742,525,1072
08335099,gemeinde,3470,348,525
08335100,gemeinde,12176,1271,2624
08336004,gemeinde,500,62,99
08336006,gemeinde,4868,496,1003
08336008,gemeinde,2993,277,529
08336010,gemeinde,99,5,18
08336014,gemeinde,8598,978,1567
08336019,gemeinde,2459,273,363
08336024,gemeinde,769,76,137
08336025,gemeinde,480,71,78
08336034,gemeinde,1162,119,210
08336036,gemeinde,2311,229,440
08336043,gemeinde,2595,291,582
08336045,gemeinde,8656,945,1660
08336050,gemeinde,49541,4818,8922
08336057,gemeinde,4287,449,733
08336069,gemeinde,34438,3379,6350
08336073,gemeinde,1937,172,280
08336075,gemeinde,839,67,161
08336078,gemeinde,5830,605,975
08336079,gemeinde,2409,236,501
08336080,gemeinde,336,43,62
08336081,gemeinde,20083,2103,3874
08336082,gemeinde,2580,269,429
08336084,gemeinde,10422,1064,1876
08336087,gemeinde,4928,530,1017
08336089,gemeinde,185,18,43
08336090,gemeinde,600,82,116
08336091,gemeinde,31476,2924,5979
08336094,gemeinde,332,29,65
08336096,gemeinde,540,61,104
08336100,gemeinde,924,128,119
08336103,gemeinde,6206,617,1080
08336104,gemeinde,1471,185,303
08336105,gemeinde,15260,1465,2929
08336106,gemeinde,830,108,158
08336107,gemeinde,3005,385,596
08337002,gemeinde,7305,769,1302
08337013,gemeinde,1846,232,403
08337022,gemeinde,6857,669,1237
08337027,gemeinde,1365,165,252
08337030,gemeinde,1076,106,197
08337032,gemeinde,2255,278,526
08337038,gemeinde,4235,486,779
08337039,gemeinde,2257,239,414
08337045,gemeinde,1327,160,283
08337049,gemeinde,2633,325,641
08337051,gemeinde,2572,280,636
08337053,gemeinde,3715,422,638
08337059,gemeinde,317,49,87
08337060,gemeinde,5202,512,1083
08337062,gemeinde,7496,752,1329
08337065,gemeinde,8045,801,1619
08337066,gemeinde,9210,923,1631
08337070,gemeinde,2226,216,401
08337076,gemeinde,6813,678,1275
08337090,gemeinde,3783,391,681
08337096,gemeinde,17717,1723,3882
08337097,gemeinde,3664,394,747
08337106,gemeinde,5339,588,988
08337108,gemeinde,1918,286,408
08337116,gemeinde,13036,1298,2539
08337118,gemeinde,3105,361,545
08337123,gemeinde,6679,626,1211
08337124,gemeinde,1752,194,248
08337125,gemeinde,5486,565,1118
08337126,gemeinde,24470,2222,4493
08337127,gemeinde,1196,128,212
08337128,gemeinde,5203,566,1017
08415014,gemeinde,9674,923,1814
08415019,gemeinde,11420,1138,2208
08415027,gemeinde,2085,277,419
08415028,gemeinde,1696,178,276
08415029,gemeinde,2695,259,491
08415034,gemeinde,2151,219,408
08415039,gemeinde,3015,279,510
08415048,gemeinde,1443,156,240
08415050,gemeinde,22937,2116,4370
08415053,gemeinde,14564,1516,2708
08415058,gemeinde,1506,156,268
08415059,gemeinde,19227,1803,3771
08415060,gemeinde,9885,990,1753
08415061,gemeinde,116925,10872,21741
08415062,gemeinde,4281,440,874
08415073,gemeinde,6236,687,1202
08415078,gemeinde,12726,1307,2518
08415080,gemeinde,5260,516,995
08415085,gemeinde,2308,225,435
08415087,gemeinde,5362,546,827
08415088,gemeinde,4037,412,779
08415089,gemeinde,5156,580,943
08415090,gemeinde,3784,360,651
08415091,gemeinde,7053,742,1286
08415092,gemeinde,9096,923,1781
08415093,gemeinde,5132,563,1033
08416006,gemeinde,5698,572,1105
08416009,gemeinde,5404,561,1077
08416011,gemeinde,6087,564,911
08416015,gemeinde,9054,882,1548
08416018,gemeinde,3129,323,501
08416022,gemeinde,5508,553,999
08416023,gemeinde,8636,871,1426
08416025,gemeinde,21593,2119,4027
08416026,gemeinde,4436,440,825
08416031,gemeinde,5317,502,877
08416036,gemeinde,44954,4573,7722
08416041,gemeinde,90499,6810,12875
08416048,gemeinde,11329,1143,1973
08416049,gemeinde,3699,377,532
08416050,gemeinde,4299,534,691
08417002,gemeinde,35190,3548,7337
08417008,gemeinde,9543,1012,1803
08417010,gemeinde,3815,446,802
08417013,gemeinde,12056,1364,2357
08417014,gemeinde,448,50,86
08417015,gemeinde,1086,139,176
08417016,gemeinde,1845,233,318
08417022,gemeinde,5873,645,1113
08417023,gemeinde,2161,244,384
08417025,gemeinde,10842,1176,1928
08417029,gemeinde,509,71,78
08417031,gemeinde,19514,2057,3922
08417036,gemeinde,1361,160,318
08417044,gemeinde,11072,1189,2009
08417045,gemeinde,1895,215,335
08417047,gemeinde,1516,171,259
08417051,gemeinde,5281,521,998
08417052,gemeinde,743,83,152
08417054,gemeinde,6407,677,1157
08417057,gemeinde,4647,453,784
08417063,gemeinde,2465,267,533
08417071,gemeinde,605,84,78
08417075,gemeinde,6339,668,1316
08417078,gemeinde,446,47,69
08417079,gemeinde,46134,4554,9791
08421000,gemeinde,127116,10077,21707
08425002,gemeinde,4867,456,778
08425004,gemeinde,593,31,117
08425005,gemeinde,1692,177,349
08425008,gemeinde,4128,358,775
08425011,gemeinde,1004,121,154
08425013,gemeinde,663,70,156
08425014,gemeinde,2383,244,423
08425017,gemeinde,1956,227,318
08425019,gemeinde,2258,216,366
08425020,gemeinde,12496,1159,2211
08425022,gemeinde,170,10,37
08425024,gemeinde,363,36,46
08425028,gemeinde,6781,732,1209
08425031,gemeinde,8991,803,1684
08425033,gemeinde,27241,2550,4733
08425035,gemeinde,157,16,18
08425036,gemeinde,822,67,119
08425039,gemeinde,13928,1304,2425
08425050,gemeinde,1012,124,130
08425052,gemeinde,217,14,38
08425055,gemeinde,278,30,42
08425062,gemeinde,270,20,39
08425064,gemeinde,1469,134,268
08425066,gemeinde,3354,356,675
08425071,gemeinde,11955,1128,2041
08425072,gemeinde,15005,1462,2575
08425073,gemeinde,567,61,87
08425075,gemeinde,5039,505,823
08425079,gemeinde,2010,176,365
08425081,gemeinde,5403,606,980
08425083,gemeinde,835,84,139
08425084,gemeinde,1988,192,315
08425085,gemeinde,356,39,58
08425088,gemeinde,2212,229,383
08425090,gemeinde,1329,114,198
08425091,gemeinde,1554,165,222
08425092,gemeinde,549,56,61
08425093,gemeinde,2298,219,408
08425097,gemeinde,1274,127,231
08425098,gemeinde,293,34,54
08425104,gemeinde,2198,230,376
08425108,gemeinde,6644,674,1185
08425110,gemeinde,1398,130,229
08425112,gemeinde,709,64,101
08425123,gemeinde,881,64,262
08425124,gemeinde,794,76,123
08425125,gemeinde,192,12,40
08425130,gemeinde,1366,128,246
08425134,gemeinde,3016,299,624
08425135,gemeinde,2205,234,378
08425137,gemeinde,4865,455,952
08425138,gemeinde,3266,341,646
08425139,gemeinde,2819,286,501
08425140,gemeinde,2130,238,322
08425141,gemeinde,16310,1468,2871
08426001,gemeinde,4940,416,627
08426005,gemeinde,537,57,76
08426006,gemeinde,328,33,46
08426008,gemeinde,2104,241,393
08426011,gemeinde,1902,172,298
08426013,gemeinde,4518,435,910
08426014,gemeinde,8705,884,1633
08426019,gemeinde,3106,268,504
08426020,gemeinde,755,62,113
08426021,gemeinde,34018,3186,6445
08426028,gemeinde,4165,424,575
08426031,gemeinde,2632,243,356
08426035,gemeinde,2559,261,422
08426036,gemeinde,465,45,85
08426038,gemeinde,4497,435,715
08426043,gemeinde,1792,170,268
08426044,gemeinde,3338,321,575
08426045,gemeinde,5354,548,982
08426058,gemeinde,2319,203,381
08426062,gemeinde,3079,288,491
08426064,gemeinde,496,58,86
08426065,gemeinde,2192,218,364
08426066,gemeinde,3988,377,670
08426067,gemeinde,3642,394,611
08426070,gemeinde,22638,1967,3785
08426071,gemeinde,4576,484,763
08426073,gemeinde,4508,437,643
08426074,gemeinde,4393,452,778
08426078,gemeinde,226,30,58
08426087,gemeinde,9122,932,1481
08426090,gemeinde,933,118,162
08426097,gemeinde,10794,1095,2028
08426100,gemeinde,4600,452,770
08426108,gemeinde,6774,651,1173
08426109,gemeinde,306,28,40
08426113,gemeinde,2148,203,292
08426117,gemeinde,2491,288,433
08426118,gemeinde,533,40,85
08426120,gemeinde,4397,400,836
08426121,gemeinde,2404,235,410
08426124,gemeinde,3694,425,569
08426125,gemeinde,1650,156,263
08426128,gemeinde,5218,506,963
08426134,gemeinde,8652,805,1369
08426135,gemeinde,1835,197,299
08435005,gemeinde,3981,442,718
08435010,gemeinde,1517,179,400
08435013,gemeinde,4809,477,887
08435015,gemeinde,3000,318,540
08435016,gemeinde,61780,5469,12333
08435018,gemeinde,1433,158,367
08435020,gemeinde,2858,331,608
08435024,gemeinde,6430,630,1630
08435029,gemeinde,8726,836,1876
08435030,gemeinde,7547,746,1849
08435034,gemeinde,14318,1279,2799
08435035,gemeinde,13742,1286,2565
08435036,gemeinde,5893,581,1597
08435042,gemeinde,2695,262,404
08435045,gemeinde,4941,447,782
08435047,gemeinde,4468,467,857
08435052,gemeinde,11996,1260,2391
08435053,gemeinde,2061,257,489
08435054,gemeinde,966,118,211
08435057,gemeinde,20078,2011,3647
08435059,gemeinde,22572,2465,6628
08435066,gemeinde,8263,923,1867
08435067,gemeinde,4402,480,638
08436001,gemeinde,1730,159,256
08436003,gemeinde,2845,292,461
08436004,gemeinde,2809,255,540
08436005,gemeinde,4013,425,872
08436006,gemeinde,4186,436,665
08436008,gemeinde,10294,1089,1815
08436009,gemeinde,20257,2024,4072
08436010,gemeinde,14817,1450,2566
08436011,gemeinde,7137,680,1372
08436012,gemeinde,5264,464,967
08436013,gemeinde,4397,393,781
08436014,gemeinde,3154,323,483
08436018,gemeinde,3080,312,573
08436019,gemeinde,724,90,79
08436024,gemeinde,1274,124,198
08436027,gemeinde,521,60,71
08436032,gemeinde,684,66,93
08436039,gemeinde,3089,311,510
08436040,gemeinde,179,29,32
08436047,gemeinde,718,70,126
08436049,gemeinde,14520,1463,2829
08436052,gemeinde,9158,920,1655
08436053,gemeinde,688,64,106
08436055,gemeinde,23517,2252,4304
08436064,gemeinde,49896,4550,9232
08436067,gemeinde,772,71,73
08436069,gemeinde,3898,403,675
08436077,gemeinde,282,25,45
08436078,gemeinde,4661,525,848
08436079,gemeinde,3260,349,554
08436081,gemeinde,27553,2563,5672
08436082,gemeinde,24640,2226,4651
08436083,gemeinde,4692,471,779
08436085,gemeinde,3804,355,685
08436087,gemeinde,4052,420,723
08436093,gemeinde,1692,191,281
08436094,gemeinde,6640,600,1074
08436095,gemeinde,5652,475,659
08436096,gemeinde,4872,442,765
08437005,gemeinde,673,82,173
08437008,gemeinde,2714,319,545
08437031,gemeinde,6212,646,1230
08437044,gemeinde,4783,478,846
08437047,gemeinde,1787,202,353
08437053,gemeinde,4215,425,730
08437056,gemeinde,2025,234,362
08437059,gemeinde,2918,285,488
08437065,gemeinde,4985,551,890
08437072,gemeinde,2192,239,375
08437076,gemeinde,10014,984,2005
08437078,gemeinde,8558,856,1471
08437082,gemeinde,1839,229,369
08437086,gemeinde,6952,800,1120
08437088,gemeinde,13233,1345,2286
08437100,gemeinde,17975,1698,3497
08437101,gemeinde,2464,262,464
08437102,gemeinde,1655,170,326
08437104,gemeinde,17141,1619,3415
08437105,gemeinde,3733,379,793
08437107,gemeinde,4720,501,943
08437114,gemeinde,2148,244,447
08437118,gemeinde,2639,284,479
08437123,gemeinde,2581,315,390
08437124,gemeinde,3359,422,538
09161000,gemeinde,136468,11387,22346
09162000,gemeinde,1478638,104193,229449
09163000,gemeinde,63284,5125,11574
09171111,gemeinde,12950,1359,2879
09171112,gemeinde,19258,1937,3956
09171113,gemeinde,10679,1031,2000
09171114,gemeinde,4124,489,824
09171115,gemeinde,1205,140,213
09171116,gemeinde,1224,115,207
09171117,gemeinde,8419,871,1636
09171118,gemeinde,2537,308,479
09171119,gemeinde,1074,83,173
09171121,gemeinde,2840,316,451
09171122,gemeinde,2765,246,388
09171123,gemeinde,2770,285,594
09171124,gemeinde,2355,246,426
09171125,gemeinde,8760,849,1852
09171126,gemeinde,1304,129,232
09171127,gemeinde,2475,257,418
09171129,gemeinde,2649,258,494
09171130,gemeinde,996,116,197
09171131,gemeinde,1744,201,324
09171132,gemeinde,9294,921,2029
09171133,gemeinde,3281,353,568
09171134,gemeinde,1076,86,198
09171135,gemeinde,3360,294,506
09171137,gemeinde,4742,485,1030
09172111,gemeinde,9650,949,2186
09172112,gemeinde,4253,396,768
09172114,gemeinde,18055,1655,4931
09172115,gemeinde,2937,277,737
09172116,gemeinde,7610,731,1627
09172117,gemeinde,7112,724,1569
09172118,gemeinde,17024,1539,3392
09172122,gemeinde,7021,710,1344
09172124,gemeinde,1737,145,346
09172128,gemeinde,5299,481,1191
09172129,gemeinde,1668,164,321
09172130,gemeinde,5530,572,966
09172131,gemeinde,1362,141,285
09172132,gemeinde,5383,520,1046
09172134,gemeinde,9226,871,1666
09173111,gemeinde,3889,401,724
09173112,gemeinde,19642,1829,4133
09173113,gemeinde,3696,350,842
09173115,gemeinde,2246,214,367
09173118,gemeinde,5546,530,888
09173120,gemeinde,5365,536,921
09173123,gemeinde,4296,486,737
09173124,gemeinde,3163,315,500
09173126,gemeinde,25705,2346,5189
09173127,gemeinde,1472,144,284
09173130,gemeinde,3760,334,759
09173131,gemeinde,857,96,150
09173133,gemeinde,4176,425,896
09173134,gemeinde,3114,325,539
09173135,gemeinde,10002,994,2065
09173137,gemeinde,4352,444,819
09173140,gemeinde,2409,229,382
09173141,gemeinde,1302,117,191
09173142,gemeinde,1373,160,255
09173145,gemeinde,3651,382,652
09173147,gemeinde,19115,1695,3777
09174111,gemeinde,7690,733,1403
09174113,gemeinde,7422,759,1150
09174115,gemeinde,45965,3880,8009
09174118,gemeinde,6187,604,954
09174121,gemeinde,5549,536,846
09174122,gemeinde,5835,482,997
09174126,gemeinde,21168,1742,3779
09174131,gemeinde,10098,984,1856
09174135,gemeinde,5328,456,815
09174136,gemeinde,6329,604,1079
09174137,gemeinde,2266,204,321
09174141,gemeinde,6360,643,1067
09174143,gemeinde,6270,598,999
09174146,gemeinde,2893,279,356
09174147,gemeinde,3352,358,579
09174150,gemeinde,4489,474,728
09174151,gemeinde,3488,318,628
09175111,gemeinde,4338,350,754
09175112,gemeinde,4556,424,790
09175113,gemeinde,1470,146,172
09175114,gemeinde,1293,112,213
09175115,gemeinde,12030,1135,2401
09175116,gemeinde,2298,239,347
09175118,gemeinde,3803,363,603
09175119,gemeinde,1552,132,227
09175121,gemeinde,5010,473,902
09175122,gemeinde,13758,1322,2627
09175123,gemeinde,3237,305,468
09175124,gemeinde,10280,907,1657
09175127,gemeinde,13721,1080,2135
09175128,gemeinde,1447,136,212
09175131,gemeinde,2436,267,381
09175132,gemeinde,24250,2026,4766
09175133,gemeinde,5780,522,788
09175135,gemeinde,16050,1115,2100
09175136,gemeinde,1426,133,252
09175137,gemeinde,3813,363,636
09175139,gemeinde,9199,861,1845
09176111,gemeinde,2998,298,486
09176112,gemeinde,7109,811,1201
09176114,gemeinde,9947,997,1611
09176116,gemeinde,1730,217,228
09176118,gemeinde,3652,329,590
09176120,gemeinde,4856,444,716
09176121,gemeinde,2888,310,572
09176122,gemeinde,1239,112,225
09176123,gemeinde,13595,1192,2381
09176124,gemeinde,2976,236,410
09176126,gemeinde,12351,1070,1974
09176129,gemeinde,7311,685,1154
09176131,gemeinde,2938,244,443
09176132,gemeinde,2976,290,424
09176137,gemeinde,2553,298,416
09176138,gemeinde,5781,591,914
09176139,gemeinde,9528,897,1468
09176143,gemeinde,4901,459,920
09176147,gemeinde,1757,189,217
09176148,gemeinde,1569,183,274
09176149,gemeinde,2298,211,280
09176150,gemeinde,1310,128,215
09176153,gemeinde,3995,366,656
09176155,gemeinde,3024,282,477
09176160,gemeinde,3188,344,430
09176161,gemeinde,4063,368,611
09176164,gemeinde,2729,285,438
09176165,gemeinde,2297,248,390
09176166,gemeinde,2845,298,576
09176167,gemeinde,5005,436,922
09177112,gemeinde,2916,249,293
09177113,gemeinde,3985,362,559
09177114,gemeinde,1595,146,269
09177115,gemeinde,14634,1329,2529
09177116,gemeinde,2955,257,316
09177117,gemeinde,36235,3187,6211
09177118,gemeinde,4736,403,667
09177119,gemeinde,3672,312,460
09177120,gemeinde,3834,349,566
09177121,gemeinde,1593,133,247
09177122,gemeinde,1545,163,255
09177123,gemeinde,5596,598,965
09177124,gemeinde,1127,109,145
09177126,gemeinde,2814,300,431
09177127,gemeinde,2698,256,421
09177130,gemeinde,5917,550,840
09177131,gemeinde,2726,258,358
09177133,gemeinde,6092,568,750
09177134,gemeinde,1925,192,282
09177135,gemeinde,2896,246,396
09177137,gemeinde,4510,471,686
09177138,gemeinde,1259,131,212
09177139,gemeinde,10400,954,1741
09177142,gemeinde,2163,201,320
09177143,gemeinde,5495,490,865
09177144,gemeinde,4326,484,694
09178113,gemeinde,5656,522,732
09178115,gemeinde,2697,286,405
09178116,gemeinde,6330,627,1015
09178120,gemeinde,14203,1156,2256
09178122,gemeinde,3485,327,538
09178123,gemeinde,5054,457,677
09178124,gemeinde,47727,3723,6694
09178125,gemeinde,1497,178,224
09178129,gemeinde,2780,251,432
09178130,gemeinde,11203,864,1113
09178132,gemeinde,2011,192,321
09178133,gemeinde,2654,283,352
09178136,gemeinde,3260,305,406
09178137,gemeinde,4154,376,692
09178138,gemeinde,3990,363,598
09178140,gemeinde,3238,300,495
09178142,gemeinde,3104,246,498
09178143,gemeinde,19505,1682,3206
09178144,gemeinde,5474,513,877
09178145,gemeinde,20464,1645,2990
09178150,gemeinde,1554,186,217
09178155,gemeinde,2511,252,345
09178156,gemeinde,2600,249,312
09178157,gemeinde,4913,462,706
09179111,gemeinde,1885,194,291
09179113,gemeinde,4037,343,726
09179114,gemeinde,2064,196,328
09179117,gemeinde,3468,327,591
09179118,gemeinde,11722,1051,2822
09179119,gemeinde,6579,608,1265
09179121,gemeinde,35844,3046,6913
09179123,gemeinde,39897,3191,8214
09179125,gemeinde,3788,320,837
09179126,gemeinde,19168,1795,4424
09179128,gemeinde,1512,156,258
09179130,gemeinde,1601,143,326
09179131,gemeinde,1564,162,311
09179132,gemeinde,1592,122,236
09179134,gemeinde,13901,1288,2504
09179136,gemeinde,4814,513,692
09179137,gemeinde,1655,163,304
09179138,gemeinde,4051,400,614
09179140,gemeinde,1614,159,310
09179142,gemeinde,27317,2394,4944
09179145,gemeinde,20950,1694,4572
09179147,gemeinde,1897,189,395
09179149,gemeinde,3633,401,653
09180112,gemeinde,2878,296,534
09180113,gemeinde,1260,154,267
09180114,gemeinde,1533,152,350
09180115,gemeinde,662,82,122
09180116,gemeinde,3583,319,785
09180117,gemeinde,28173,2515,6782
09180118,gemeinde,3476,330,839
09180119,gemeinde,1592,158,262
09180122,gemeinde,1994,206,448
09180123,gemeinde,7347,793,1883
09180124,gemeinde,12014,1074,2797
09180125,gemeinde,5312,499,1256
09180126,gemeinde,3121,341,718
09180127,gemeinde,3372,370,697
09180128,gemeinde,1239,117,258
09180129,gemeinde,1673,214,289
09180131,gemeinde,591,56,122
09180132,gemeinde,2469,247,510
09180133,gemeinde,753,72,140
09180134,gemeinde,3060,364,647
09180135,gemeinde,1593,145,308
09180136,gemeinde,1505,120,328
09181111,gemeinde,1175,112,191
09181113,gemeinde,2834,294,467
09181114,gemeinde,10621,1123,2534
09181115,gemeinde,1676,163,341
09181116,gemeinde,2408,253,330
09181118,gemeinde,1975,197,317
09181120,gemeinde,1900,208,288
09181121,gemeinde,3979,408,680
09181122,gemeinde,5676,605,925
09181123,gemeinde,2166,222,454
09181124,gemeinde,1825,204,286
09181126,gemeinde,1920,138,238
09181127,gemeinde,2484,210,401
09181128,gemeinde,9848,944,2071
09181129,gemeinde,1027,127,167
09181130,gemeinde,28441,2602,5476
09181131,gemeinde,1772,158,249
09181132,gemeinde,3835,365,667
09181133,gemeinde,2642,321,467
09181134,gemeinde,2541,257,438
09181135,gemeinde,1694,178,279
09181137,gemeinde,1704,186,284
09181138,gemeinde,1913,172,292
09181139,gemeinde,3720,372,826
09181140,gemeinde,1045,106,191
09181141,gemeinde,3605,396,567
09181142,gemeinde,1061,123,172
09181143,gemeinde,1480,166,237
09181144,gemeinde,4480,516,910
09181145,gemeinde,3873,368,599
09181146,gemeinde,3766,398,614
09182111,gemeinde,4896,496,1297
09182112,gemeinde,1505,167,348
09182114,gemeinde,5498,614,1090
09182116,gemeinde,5895,576,1310
09182119,gemeinde,8109,810,1566
09182120,gemeinde,16135,1443,2694
09182123,gemeinde,3053,283,449
09182124,gemeinde,3403,331,827
09182125,gemeinde,11144,1069,2165
09182127,gemeinde,4665,424,823
09182129,gemeinde,5448,540,1861
09182131,gemeinde,6572,653,1639
09182132,gemeinde,3411,326,995
09182133,gemeinde,3310,297,518
09182134,gemeinde,5471,525,1044
09182136,gemeinde,3811,370,611
09182137,gemeinde,3828,352,598
09183112,gemeinde,6932,660,1231
09183113,gemeinde,3340,325,534
09183114,gemeinde,3290,368,591
09183115,gemeinde,1267,144,196
09183116,gemeinde,923,95,198
09183118,gemeinde,3994,393,710
09183119,gemeinde,6408,584,1160
09183120,gemeinde,2746,282,508
09183122,gemeinde,751,86,159
09183123,gemeinde,1327,137,212
09183124,gemeinde,4023,430,749
09183125,gemeinde,822,66,132
09183126,gemeinde,1993,200,326
09183127,gemeinde,3612,330,496
09183128,gemeinde,21917,2071,4013
09183129,gemeinde,6217,669,1179
09183130,gemeinde,1183,126,218
09183131,gemeinde,1433,156,212
09183132,gemeinde,1698,206,246
09183134,gemeinde,852,84,121
09183135,gemeinde,2615,230,399
09183136,gemeinde,3287,365,626
09183138,gemeinde,1010,101,181
09183139,gemeinde,2048,198,294
09183140,gemeinde,1681,169,272
09183143,gemeinde,1078,112,173
09183144,gemeinde,3528,386,664
09183145,gemeinde,1395,136,253
09183147,gemeinde,1725,171,293
09183148,gemeinde,25382,2448,4915
09183151,gemeinde,1175,132,220
09184112,gemeinde,8974,661,1280
09184113,gemeinde,3350,288,576
09184114,gemeinde,5332,497,800
09184118,gemeinde,7591,589,896
09184119,gemeinde,17620,1313,2881
09184120,gemeinde,13792,1148,3043
09184121,gemeinde,6585,588,1123
09184122,gemeinde,11138,1016,2657
09184123,gemeinde,21427,1660,4128
09184127,gemeinde,11006,897,1782
09184129,gemeinde,8821,761,1562
09184130,gemeinde,17604,1379,3106
09184131,gemeinde,12598,1041,2961
09184132,gemeinde,8386,727,1549
09184134,gemeinde,13462,1283,2563
09184135,gemeinde,11850,951,2312
09184136,gemeinde,22311,1798,4379
09184137,gemeinde,5524,437,788
09184138,gemeinde,11201,1016,2389
09184139,gemeinde,8667,715,1864
09184140,gemeinde,6582,591,1346
09184141,gemeinde,8112,680,1443
09184142,gemeinde,5777,437,1274
09184144,gemeinde,3260,271,604
09184145,gemeinde,18013,1317,4333
09184146,gemeinde,14367,1103,2246
09184147,gemeinde,11074,804,1574
09184148,gemeinde,26073,1899,5221
09184149,gemeinde,28114,2445,4893
09185113,gemeinde,2964,295,506
09185116,gemeinde,1325,147,177
09185118,gemeinde,1931,201,334
09185123,gemeinde,1782,169,299
09185125,gemeinde,4559,479,866
09185127,gemeinde,3752,375,610
09185131,gemeinde,2599,287,405
09185139,gemeinde,5933,573,930
09185140,gemeinde,4748,495,770
09185143,gemeinde,1599,168,273
09185149,gemeinde,29629,2857,5528
09185150,gemeinde,3188,311,462
09185153,gemeinde,4839,530,934
09185157,gemeinde,1580,170,233
09185158,gemeinde,17207,1676,3222
09185163,gemeinde,4812,438,659
09185166,gemeinde,2281,243,340
09185168,gemeinde,2438,268,416
09186113,gemeinde,5472,550,1088
09186116,gemeinde,1698,175,242
09186122,gemeinde,11343,1065,1714
09186125,gemeinde,3692,381,548
09186126,gemeinde,2131,203,310
09186128,gemeinde,4781,448,759
09186130,gemeinde,2187,235,375
09186132,gemeinde,3085,296,554
09186137,gemeinde,12785,1198,2015
09186139,gemeinde,3088,301,493
09186143,gemeinde,25700,2483,4574
09186144,gemeinde,2148,196,304
09186146,gemeinde,5119,564,861
09186147,gemeinde,8144,771,1422
09186149,gemeinde,5967,566,903
09186151,gemeinde,4654,504,833
09186152,gemeinde,5455,534,786
09186158,gemeinde,8630,751,1358
09186162,gemeinde,11449,1120,1960
09187113,gemeinde,3634,417,676
09187114,gemeinde,5195,567,1467
09187116,gemeinde,3034,293,448
09187117,gemeinde,17993,1741,3987
09187118,gemeinde,6611,612,1439
09187120,gemeinde,6506,608,1415
09187121,gemeinde,1529,148,391
09187122,gemeinde,16440,1669,3142
09187123,gemeinde,191,22,51
09187124,gemeinde,4404,439,760
09187125,gemeinde,2867,311,609
09187126,gemeinde,3224,311,535
09187128,gemeinde,8201,816,1658
09187129,gemeinde,8154,787,1497
09187130,gemeinde,10616,990,2166
09187131,gemeinde,2908,277,523
09187132,gemeinde,3016,284,513
09187134,gemeinde,2823,233,403
09187137,gemeinde,7323,761,1296
09187138,gemeinde,1128,149,240
09187139,gemeinde,2739,293,521
09187142,gemeinde,5223,503,897
09187145,gemeinde,1237,111,215
09187148,gemeinde,6468,694,1520
09187150,gemeinde,18380,1809,3537
09187154,gemeinde,4058,366,820
09187156,gemeinde,2524,246,511
09187157,gemeinde,4979,483,1153
09187159,gemeinde,4032,403,733
09187162,gemeinde,10736,1057,2852
09187163,gemeinde,2860,246,458
09187164,gemeinde,1365,151,198
09187165,gemeinde,10958,1126,2057
09187167,gemeinde,5470,526,1062
09187168,gemeinde,3692,325,896
09187169,gemeinde,5783,504,1005
09187170,gemeinde,4061,426,657
09187172,gemeinde,2763,278,520
09187173,gemeinde,1423,127,203
09187174,gemeinde,2635,234,472
09187176,gemeinde,2914,343,564
09187177,gemeinde,10013,958,2155
09187179,gemeinde,6996,702,1004
09187181,gemeinde,3074,325,471
09187182,gemeinde,12127,1299,2201
09187186,gemeinde,1744,179,249
09188113,gemeinde,8206,861,1608
09188117,gemeinde,3780,323,657
09188118,gemeinde,4302,451,1082
09188120,gemeinde,21583,1898,4370
09188121,gemeinde,18987,1615,3563
09188124,gemeinde,11066,1118,2670
09188126,gemeinde,4806,438,950
09188127,gemeinde,7874,684,1840
09188132,gemeinde,7569,723,1545
09188137,gemeinde,5474,544,1327
09188139,gemeinde,24168,2142,5239
09188141,gemeinde,9949,1016,2394
09188144,gemeinde,5474,538,1030
09188145,gemeinde,5087,487,1056
09189111,gemeinde,4025,425,762
09189113,gemeinde,4594,474,1143
09189114,gemeinde,4595,524,1064
09189115,gemeinde,2371,247,449
09189118,gemeinde,4341,485,701
09189119,gemeinde,4283,423,963
09189120,gemeinde,6752,707,1620
09189124,gemeinde,4305,432,1032
09189126,gemeinde,1314,131,245
09189127,gemeinde,3342,286,619
09189129,gemeinde,2989,309,770
09189130,gemeinde,2336,250,508
09189133,gemeinde,4243,416,728
09189134,gemeinde,3406,370,645
09189135,gemeinde,2228,240,371
09189137,gemeinde,1842,187,295
09189139,gemeinde,1938,228,471
09189140,gemeinde,6101,603,1525
09189141,gemeinde,1668,208,435
09189142,gemeinde,3573,388,636
09189143,gemeinde,4406,548,873
09189145,gemeinde,8014,841,1750
09189146,gemeinde,1128,120,230
09189148,gemeinde,3271,312,623
09189149,gemeinde,5649,546,1022
09189150,gemeinde,2003,200,376
09189152,gemeinde,5782,682,1028
09189154,gemeinde,20125,2033,4156
09189155,gemeinde,20248,1910,4187
09189157,gemeinde,11231,1182,2477
09189159,gemeinde,4942,544,940
09189160,gemeinde,3386,346,936
09189161,gemeinde,1766,208,334
09189162,gemeinde,6690,632,1355
09189165,gemeinde,1556,134,227
09190111,gemeinde,3284,333,665
09190113,gemeinde,1291,90,195
09190114,gemeinde,2435,297,408
09190115,gemeinde,2438,234,493
09190117,gemeinde,1866,166,303
09190118,gemeinde,1685,185,272
09190120,gemeinde,1502,158,240
09190121,gemeinde,1138,103,176
09190126,gemeinde,1130,112,161
09190129,gemeinde,1744,164,310
09190130,gemeinde,3845,456,919
09190131,gemeinde,2864,274,510
09190132,gemeinde,2730,300,537
09190133,gemeinde,1068,100,164
09190135,gemeinde,2120,232,398
09190136,gemeinde,1582,151,225
09190138,gemeinde,2461,276,445
09190139,gemeinde,12826,1287,2575
09190140,gemeinde,11575,1226,2441
09190141,gemeinde,16663,1660,3327
09190142,gemeinde,3563,357,698
09190143,gemeinde,923,81,202
09190144,gemeinde,2344,243,413
09190145,gemeinde,1854,149,340
09190148,gemeinde,12318,1110,2463
09190149,gemeinde,966,70,187
09190151,gemeinde,1424,163,210
09190152,gemeinde,3226,317,870
09190153,gemeinde,1213,134,202
09190154,gemeinde,2957,259,585
09190157,gemeinde,22720,2249,4916
09190158,gemeinde,2213,217,363
09190159,gemeinde,3318,309,657
09190160,gemeinde,1312,107,239
09261000,gemeinde,67880,5778,12648
09262000,gemeinde,51907,4634,10329
09263000,gemeinde,46167,4595,9154
09271111,gemeinde,2319,248,406
09271113,gemeinde,2155,249,329
09271114,gemeinde,1468,145,216
09271116,gemeinde,4756,551,893
09271118,gemeinde,939,110,160
09271119,gemeinde,33563,3280,6549
09271122,gemeinde,2695,290,496
09271123,gemeinde,1314,157,233
09271125,gemeinde,7741,780,1412
09271126,gemeinde,1139,133,226
09271127,gemeinde,2137,228,395
09271128,gemeinde,3190,338,657
09271130,gemeinde,1601,200,262
09271132,gemeinde,4218,453,871
09271135,gemeinde,2332,244,409
09271138,gemeinde,1801,205,286
09271139,gemeinde,1212,132,200
09271140,gemeinde,3347,384,580
09271141,gemeinde,11967,1379,2353
09271143,gemeinde,1981,219,324
09271146,gemeinde,12962,1292,2449
09271148,gemeinde,1499,163,244
09271149,gemeinde,4764,554,829
09271151,gemeinde,3128,341,574
09271152,gemeinde,1246,153,250
09271153,gemeinde,3757,399,711
09272116,gemeinde,949,127,171
09272118,gemeinde,7049,855,1585
09272119,gemeinde,813,97,158
09272120,gemeinde,8016,955,1753
09272121,gemeinde,2423,266,392
09272122,gemeinde,1368,153,301
09272126,gemeinde,2473,291,444
09272127,gemeinde,3212,383,613
09272128,gemeinde,1541,185,310
09272129,gemeinde,3233,378,557
09272134,gemeinde,2141,312,484
09272136,gemeinde,4198,508,830
09272138,gemeinde,2840,319,526
09272139,gemeinde,640,94,135
09272140,gemeinde,1878,222,423
09272141,gemeinde,4296,470,823
09272142,gemeinde,2012,268,355
09272143,gemeinde,2892,402,634
09272145,gemeinde,1311,161,262
09272146,gemeinde,2180,254,412
09272147,gemeinde,3845,459,848
09272149,gemeinde,3733,478,980
09272150,gemeinde,2619,297,517
09272151,gemeinde,11118,1193,1995
09272152,gemeinde,1137,143,228
09273111,gemeinde,14808,1409,2317
09273113,gemeinde,1859,182,296
09273115,gemeinde,1427,161,236
09273116,gemeinde,12383,1276,2069
09273119,gemeinde,1397,120,232
09273121,gemeinde,1118,108,224
09273125,gemeinde,2198,226,344
09273127,gemeinde,1361,124,240
09273133,gemeinde,4158,455,863
09273137,gemeinde,16664,1657,3174
09273139,gemeinde,928,100,157
09273141,gemeinde,5871,565,864
09273147,gemeinde,15068,1290,2393
09273152,gemeinde,14229,1362,2270
09273159,gemeinde,2259,245,370
09273163,gemeinde,2118,224,348
09273164,gemeinde,6058,613,1221
09273165,gemeinde,3436,345,609
09273166,gemeinde,5470,575,1108
09273172,gemeinde,4068,355,555
09273175,gemeinde,1731,171,256
09273177,gemeinde,2010,183,345
09273178,gemeinde,1801,167,287
09273181,gemeinde,1410,148,223
09274111,gemeinde,4371,465,755
09274112,gemeinde,1920,223,356
09274113,gemeinde,11082,1053,2292
09274114,gemeinde,2492,246,377
09274118,gemeinde,764,94,134
09274119,gemeinde,1948,181,292
09274120,gemeinde,5334,599,875
09274121,gemeinde,3846,368,682
09274124,gemeinde,4122,442,593
09274126,gemeinde,12961,1222,2369
09274127,gemeinde,8161,769,1278
09274128,gemeinde,11833,1133,1927
09274132,gemeinde,3640,335,655
09274134,gemeinde,7271,696,1247
09274135,gemeinde,1869,208,344
09274141,gemeinde,4118,366,651
09274145,gemeinde,2056,222,347
09274146,gemeinde,5312,530,872
09274153,gemeinde,4173,418,713
09274154,gemeinde,1089,108,182
09274156,gemeinde,4078,392,634
09274165,gemeinde,1627,161,249
09274172,gemeinde,5376,557,955
09274174,gemeinde,1688,200,296
09274176,gemeinde,8340,767,1548
09274179,gemeinde,905,78,129
09274182,gemeinde,3890,406,737
09274183,gemeinde,6453,655,1088
09274184,gemeinde,11957,1094,2121
09274185,gemeinde,2670,257,362
09274187,gemeinde,2434,293,354
09274188,gemeinde,1380,159,192
09274191,gemeinde,3047,320,428
09274193,gemeinde,1350,160,226
09274194,gemeinde,5611,591,942
09275111,gemeinde,2457,282,405
09275112,gemeinde,3041,343,653
09275114,gemeinde,4259,462,800
09275116,gemeinde,7480,941,2747
09275117,gemeinde,1214,139,206
09275118,gemeinde,2015,201,352
09275119,gemeinde,4222,452,741
09275120,gemeinde,4108,410,763
09275121,gemeinde,3447,375,724
09275122,gemeinde,8410,865,1707
09275124,gemeinde,8808,982,2147
09275125,gemeinde,2538,300,540
09275126,gemeinde,11972,1330,2332
09275127,gemeinde,3626,417,619
09275128,gemeinde,6207,751,1027
09275130,gemeinde,2448,296,707
09275131,gemeinde,1911,231,425
09275132,gemeinde,1243,127,268
09275133,gemeinde,4347,510,795
09275134,gemeinde,3342,384,756
09275135,gemeinde,2913,332,406
09275137,gemeinde,3628,400,752
09275138,gemeinde,7280,737,1471
09275141,gemeinde,16109,1750,3459
09275143,gemeinde,4708,555,1049
09275144,gemeinde,3055,329,555
09275145,gemeinde,7072,717,1532
09275146,gemeinde,6549,689,1374
09275148,gemeinde,1451,152,225
09275149,gemeinde,1816,218,375
09275150,gemeinde,4132,435,811
09275151,gemeinde,6450,793,1165
09275152,gemeinde,4119,474,851
09275153,gemeinde,6113,688,1123
09275154,gemeinde,17522,1894,3385
09275156,gemeinde,5326,576,997
09275159,gemeinde,4878,531,883
09275160,gemeinde,1524,181,252
09276111,gemeinde,992,108,175
09276113,gemeinde,1984,249,372
09276115,gemeinde,996,113,259
09276116,gemeinde,3292,400,601
09276117,gemeinde,3651,392,866
09276118,gemeinde,1555,184,342
09276120,gemeinde,2375,298,537
09276121,gemeinde,2671,330,633
09276122,gemeinde,2185,243,414
09276123,gemeinde,1198,117,232
09276126,gemeinde,4374,476,731
09276127,gemeinde,2069,283,354
09276128,gemeinde,2732,302,460
09276129,gemeinde,1887,206,384
09276130,gemeinde,2294,265,520
09276134,gemeinde,1746,181,312
09276135,gemeinde,2741,290,444
09276138,gemeinde,10902,1248,2276
09276139,gemeinde,3068,346,571
09276142,gemeinde,2013,198,450
09276143,gemeinde,2990,287,565
09276144,gemeinde,8332,948,1759
09276146,gemeinde,2050,216,367
09276148,gemeinde,9146,1112,2314
09277111,gemeinde,6261,577,1177
09277112,gemeinde,1645,215,327
09277113,gemeinde,5684,710,1473
09277114,gemeinde,3033,343,589
09277116,gemeinde,13952,1351,2694
09277117,gemeinde,2227,266,525
09277118,gemeinde,1832,197,383
09277119,gemeinde,3803,431,694
09277121,gemeinde,6255,648,1086
09277122,gemeinde,843,87,130
09277124,gemeinde,3613,383,714
09277126,gemeinde,2376,298,464
09277127,gemeinde,2298,292,407
09277128,gemeinde,5429,631,1076
09277131,gemeinde,1216,129,215
09277133,gemeinde,4028,401,742
09277134,gemeinde,2179,253,345
09277138,gemeinde,12460,1234,2477
09277139,gemeinde,2321,236,514
09277140,gemeinde,1664,183,307
09277141,gemeinde,947,74,188
09277142,gemeinde,2875,363,545
09277144,gemeinde,1892,237,354
09277145,gemeinde,9797,981,2072
09277147,gemeinde,1395,173,263
09277148,gemeinde,3772,374,798
09277149,gemeinde,5356,621,1008
09277151,gemeinde,2177,225,394
09277152,gemeinde,1945,237,327
09277153,gemeinde,3402,382,685
09277154,gemeinde,2141,230,392
09278112,gemeinde,1862,194,240
09278113,gemeinde,3486,340,649
09278116,gemeinde,1601,154,228
09278117,gemeinde,1740,192,315
09278118,gemeinde,10277,1132,1962
09278120,gemeinde,998,123,137
09278121,gemeinde,2035,154,304
09278123,gemeinde,6863,701,1276
09278129,gemeinde,2028,231,410
09278134,gemeinde,1862,194,325
09278139,gemeinde,3127,381,557
09278140,gemeinde,1170,123,224
09278141,gemeinde,3822,435,630
09278143,gemeinde,1841,223,315
09278144,gemeinde,3546,395,656
09278146,gemeinde,4361,407,766
09278147,gemeinde,654,82,114
09278148,gemeinde,6803,624,1640
09278149,gemeinde,1397,158,224
09278151,gemeinde,2776,265,628
09278154,gemeinde,1807,216,290
09278159,gemeinde,2878,266,393
09278167,gemeinde,3263,297,479
09278170,gemeinde,3270,350,587
09278171,gemeinde,549,63,102
09278172,gemeinde,1581,164,250
09278177,gemeinde,2889,332,456
09278178,gemeinde,1650,187,344
09278179,gemeinde,1491,161,282
09278182,gemeinde,2714,277,468
09278184,gemeinde,1839,187,312
09278187,gemeinde,2903,304,452
09278189,gemeinde,1417,155,242
09278190,gemeinde,3323,352,504
09278192,gemeinde,3308,386,628
09278197,gemeinde,3869,387,620
09278198,gemeinde,1067,110,204
09279112,gemeinde,20221,2048,3318
09279113,gemeinde,6629,795,1294
09279115,gemeinde,4657,440,748
09279116,gemeinde,2249,272,357
09279122,gemeinde,14367,1369,2657
09279124,gemeinde,3766,443,588
09279125,gemeinde,3260,300,505
09279126,gemeinde,3698,379,618
09279127,gemeinde,5992,676,904
09279128,gemeinde,5214,583,863
09279130,gemeinde,2653,299,420
09279132,gemeinde,6779,661,1260
09279134,gemeinde,7682,813,1380
09279135,gemeinde,4180,417,677
09279137,gemeinde,7214,701,1199
09361000,gemeinde,41876,4285,8894
09362000,gemeinde,145901,11193,22956
09363000,gemeinde,42047,4138,8778
09371111,gemeinde,2097,214,396
09371113,gemeinde,8840,971,1691
09371116,gemeinde,1846,230,328
09371118,gemeinde,2430,254,470
09371119,gemeinde,1968,217,371
09371120,gemeinde,2146,239,428
09371121,gemeinde,2523,272,448
09371122,gemeinde,4107,432,730
09371123,gemeinde,867,103,128
09371126,gemeinde,4977,541,977
09371127,gemeinde,5655,653,1223
09371128,gemeinde,1194,142,217
09371129,gemeinde,1706,208,296
09371131,gemeinde,2038,229,316
09371132,gemeinde,2483,256,492
09371135,gemeinde,1821,209,347
09371136,gemeinde,9892,1148,1889
09371140,gemeinde,1354,178,265
09371141,gemeinde,2526,308,542
09371144,gemeinde,3388,347,665
09371146,gemeinde,2643,280,464
09371148,gemeinde,2275,270,454
09371150,gemeinde,4280,537,843
09371151,gemeinde,19165,2221,4092
09371154,gemeinde,3770,427,657
09371156,gemeinde,6036,678,1065
09371157,gemeinde,1216,158,243
09372112,gemeinde,1951,206,360
09372113,gemeinde,2419,275,500
09372115,gemeinde,1882,221,368
09372116,gemeinde,17100,1719,3495
09372117,gemeinde,2519,304,531
09372124,gemeinde,3345,350,631
09372125,gemeinde,3377,325,631
09372126,gemeinde,8682,999,1860
09372128,gemeinde,851,98,169
09372130,gemeinde,1456,171,315
09372135,gemeinde,1921,239,383
09372137,gemeinde,7379,796,1697
09372138,gemeinde,2551,326,624
09372142,gemeinde,1707,142,283
09372143,gemeinde,2203,246,443
09372144,gemeinde,3626,428,760
09372146,gemeinde,2188,252,405
09372147,gemeinde,958,111,201
09372149,gemeinde,1297,146,235
09372150,gemeinde,1812,222,296
09372151,gemeinde,1800,234,368
09372153,gemeinde,12370,1269,2134
09372154,gemeinde,3190,326,606
09372155,gemeinde,2288,262,436
09372157,gemeinde,1974,192,365
09372158,gemeinde,2942,331,425
09372161,gemeinde,2185,231,376
09372163,gemeinde,1907,253,430
09372164,gemeinde,4182,487,757
09372165,gemeinde,967,95,204
09372167,gemeinde,1813,236,304
09372168,gemeinde,2007,233,325
09372169,gemeinde,2924,334,521
09372170,gemeinde,2254,217,366
09372171,gemeinde,6509,739,1655
09372174,gemeinde,2397,282,405
09372175,gemeinde,1920,233,365
09372177,gemeinde,2033,181,364
09372178,gemeinde,1774,235,409
09373112,gemeinde,8949,911,1485
09373113,gemeinde,7910,872,1228
09373114,gemeinde,2573,216,362
09373115,gemeinde,3644,420,607
09373119,gemeinde,5126,507,714
09373121,gemeinde,6321,642,1112
09373126,gemeinde,8907,893,1384
09373134,gemeinde,2263,228,401
09373140,gemeinde,3787,394,596
09373143,gemeinde,2509,260,386
09373146,gemeinde,5228,526,848
09373147,gemeinde,40232,4271,8242
09373151,gemeinde,7651,711,1164
09373153,gemeinde,2887,275,415
09373155,gemeinde,7902,760,1506
09373156,gemeinde,5826,592,1157
09373159,gemeinde,3937,405,465
09373160,gemeinde,5225,575,825
09373167,gemeinde,5259,532,876
09374111,gemeinde,4755,561,997
09374117,gemeinde,4025,374,826
09374118,gemeinde,2728,330,552
09374119,gemeinde,1579,205,285
09374121,gemeinde,3492,405,740
09374122,gemeinde,1521,207,318
09374123,gemeinde,1294,163,267
09374124,gemeinde,6148,737,1132
09374127,gemeinde,1608,201,173
09374128,gemeinde,887,87,139
09374129,gemeinde,3260,379,631
09374131,gemeinde,1226,120,244
09374132,gemeinde,1187,134,203
09374133,gemeinde,3447,387,606
09374134,gemeinde,2784,313,543
09374137,gemeinde,2457,237,518
09374139,gemeinde,5820,658,1153
09374140,gemeinde,1152,130,225
09374144,gemeinde,2375,223,391
09374146,gemeinde,1997,194,349
09374147,gemeinde,2356,266,513
09374148,gemeinde,1313,141,247
09374149,gemeinde,4200,471,891
09374150,gemeinde,1668,184,284
09374154,gemeinde,1950,215,398
09374155,gemeinde,869,96,157
09374156,gemeinde,1151,108,168
09374157,gemeinde,1125,125,163
09374158,gemeinde,1541,188,260
09374159,gemeinde,1509,172,295
09374160,gemeinde,1196,144,231
09374162,gemeinde,7641,861,1450
09374163,gemeinde,1047,98,181
09374164,gemeinde,2146,261,463
09374165,gemeinde,1897,237,358
09374166,gemeinde,3828,399,837
09374168,gemeinde,4903,537,982
09374170,gemeinde,1105,121,193
09375113,gemeinde,3193,382,616
09375114,gemeinde,1469,175,248
09375115,gemeinde,1874,202,288
09375116,gemeinde,1834,217,353
09375117,gemeinde,5637,499,906
09375118,gemeinde,5447,564,1010
09375119,gemeinde,5296,674,1043
09375120,gemeinde,2110,222,320
09375122,gemeinde,1509,166,210
09375127,gemeinde,1909,238,395
09375130,gemeinde,4078,406,749
09375131,gemeinde,1519,216,264
09375143,gemeinde,1957,218,384
09375148,gemeinde,9144,860,1555
09375153,gemeinde,1048,127,167
09375156,gemeinde,2782,372,597
09375161,gemeinde,2646,216,361
09375162,gemeinde,5228,609,1010
09375165,gemeinde,13243,1300,2702
09375170,gemeinde,4916,496,776
09375171,gemeinde,1410,157,261
09375174,gemeinde,13544,1277,2367
09375175,gemeinde,8850,919,1656
09375179,gemeinde,8492,802,1408
09375180,gemeinde,5970,608,1137
09375181,gemeinde,3509,365,669
09375182,gemeinde,1588,197,218
09375183,gemeinde,3070,315,522
09375184,gemeinde,1605,138,207
09375190,gemeinde,15623,1611,3031
09375191,gemeinde,740,80,137
09375196,gemeinde,7832,788,1374
09375199,gemeinde,7272,744,1320
09375201,gemeinde,2139,177,426
09375204,gemeinde,5376,522,1008
09375205,gemeinde,3503,405,539
09375208,gemeinde,8693,887,1482
09375209,gemeinde,2570,311,439
09375210,gemeinde,4922,469,886
09375211,gemeinde,1482,144,235
09375213,gemeinde,5497,646,1164
09376112,gemeinde,811,85,135
09376116,gemeinde,4149,407,721
09376117,gemeinde,4229,414,787
09376119,gemeinde,14459,1283,2490
09376122,gemeinde,991,128,168
09376125,gemeinde,2386,268,413
09376131,gemeinde,643,97,114
09376133,gemeinde,811,78,147
09376141,gemeinde,11852,1286,2077
09376144,gemeinde,6132,617,1223
09376146,gemeinde,1125,133,200
09376147,gemeinde,7949,802,1517
09376148,gemeinde,1269,125,247
09376149,gemeinde,8886,886,1582
09376150,gemeinde,5586,638,1075
09376151,gemeinde,4927,499,1088
09376153,gemeinde,4997,534,975
09376159,gemeinde,2947,316,449
09376160,gemeinde,2312,301,525
09376161,gemeinde,29096,2919,5608
09376162,gemeinde,1361,154,247
09376163,gemeinde,6256,660,1273
09376164,gemeinde,1381,150,275
09376167,gemeinde,526,71,131
09376168,gemeinde,1943,233,334
09376169,gemeinde,1650,185,246
09376170,gemeinde,7820,880,1599
09376171,gemeinde,1856,204,323
09376172,gemeinde,944,121,148
09376173,gemeinde,915,103,176
09376175,gemeinde,5245,552,885
09376176,gemeinde,472,73,124
09376178,gemeinde,1330,133,267
09377112,gemeinde,3078,390,681
09377113,gemeinde,1185,118,231
09377115,gemeinde,1297,182,275
09377116,gemeinde,5077,514,990
09377117,gemeinde,938,90,170
09377118,gemeinde,1220,122,254
09377119,gemeinde,1560,199,334
09377127,gemeinde,1982,216,351
09377128,gemeinde,1423,150,214
09377129,gemeinde,5615,568,1015
09377131,gemeinde,1704,211,281
09377132,gemeinde,1426,178,284
09377133,gemeinde,2287,212,425
09377137,gemeinde,1031,121,164
09377139,gemeinde,1820,237,345
09377141,gemeinde,6580,847,1435
09377142,gemeinde,1414,162,291
09377143,gemeinde,1908,214,441
09377145,gemeinde,1328,155,313
09377146,gemeinde,3183,365,671
09377148,gemeinde,1592,213,350
09377149,gemeinde,1127,110,221
09377154,gemeinde,8684,988,1957
09377157,gemeinde,4362,508,910
09377158,gemeinde,6681,703,1498
09377159,gemeinde,4029,457,860
09461000,gemeinde,72764,6435,13172
09462000,gemeinde,72289,6380,14447
09463000,gemeinde,40296,4105,8473
09464000,gemeinde,45598,4538,9785
09471111,gemeinde,2145,218,326
09471115,gemeinde,3854,440,713
09471117,gemeinde,5972,645,1183
09471119,gemeinde,4469,521,830
09471120,gemeinde,7019,739,1132
09471122,gemeinde,1309,169,236
09471123,gemeinde,3605,337,605
09471128,gemeinde,1887,190,370
09471131,gemeinde,5133,548,769
09471133,gemeinde,1000,117,160
09471137,gemeinde,3591,338,854
09471140,gemeinde,8775,867,1534
09471142,gemeinde,3545,420,715
09471145,gemeinde,12419,1368,1940
09471150,gemeinde,2499,297,458
09471151,gemeinde,1254,143,194
09471152,gemeinde,1130,138,186
09471154,gemeinde,1736,216,291
09471155,gemeinde,6121,755,1241
09471159,gemeinde,8848,954,1858
09471165,gemeinde,4602,476,812
09471169,gemeinde,2041,242,338
09471172,gemeinde,3034,295,453
09471173,gemeinde,1528,158,239
09471174,gemeinde,4557,497,779
09471175,gemeinde,1987,214,338
09471185,gemeinde,7208,768,1345
09471186,gemeinde,1848,221,297
09471189,gemeinde,1238,149,197
09471191,gemeinde,6930,758,1313
09471195,gemeinde,7773,870,1349
09471207,gemeinde,3638,398,601
09471208,gemeinde,2588,270,409
09471209,gemeinde,636,77,115
09471214,gemeinde,4910,518,848
09471220,gemeinde,6024,638,939
09472111,gemeinde,2209,230,374
09472115,gemeinde,1305,135,249
09472116,gemeinde,4407,452,953
09472118,gemeinde,2507,324,461
09472119,gemeinde,7260,759,1440
09472121,gemeinde,1900,238,486
09472127,gemeinde,4845,534,987
09472131,gemeinde,5096,559,1208
09472133,gemeinde,1041,121,227
09472138,gemeinde,1839,206,518
09472139,gemeinde,4233,508,1015
09472140,gemeinde,1250,142,262
09472141,gemeinde,1327,157,281
09472143,gemeinde,3462,453,696
09472146,gemeinde,949,105,171
09472150,gemeinde,3706,386,856
09472154,gemeinde,4824,544,956
09472155,gemeinde,2353,325,457
09472156,gemeinde,1262,145,164
09472164,gemeinde,1287,167,281
09472166,gemeinde,1494,166,352
09472167,gemeinde,3819,408,693
09472175,gemeinde,13242,1394,2889
09472176,gemeinde,848,96,148
09472177,gemeinde,1310,148,246
09472179,gemeinde,5214,632,940
09472180,gemeinde,975,98,197
09472184,gemeinde,949,103,177
09472188,gemeinde,1270,140,213
09472190,gemeinde,5728,621,987
09472197,gemeinde,2999,371,507
09472198,gemeinde,2153,231,561
09472199,gemeinde,5782,693,1236
09473112,gemeinde,4049,456,989
09473120,gemeinde,3497,410,818
09473121,gemeinde,6089,672,1208
09473132,gemeinde,2585,259,452
09473134,gemeinde,2669,323,567
09473138,gemeinde,2301,254,422
09473141,gemeinde,4287,491,795
09473144,gemeinde,3516,460,720
09473151,gemeinde,14538,1511,3250
09473153,gemeinde,1419,192,297
09473158,gemeinde,6118,716,1418
09473159,gemeinde,12545,1402,2732
09473165,gemeinde,3837,510,744
09473166,gemeinde,4442,534,986
09473170,gemeinde,4013,452,764
09473174,gemeinde,3167,357,622
09473175,gemeinde,5034,564,1031
09474119,gemeinde,2027,238,344
09474121,gemeinde,6670,736,1439
09474122,gemeinde,2489,326,495
09474123,gemeinde,6326,686,1023
09474124,gemeinde,2110,253,427
09474126,gemeinde,32041,3212,6304
09474129,gemeinde,4072,471,777
09474132,gemeinde,4189,449,799
09474133,gemeinde,4081,479,600
09474134,gemeinde,3713,422,680
09474135,gemeinde,5045,582,840
09474137,gemeinde,1351,174,227
09474138,gemeinde,1525,190,316
09474140,gemeinde,5046,547,899
09474143,gemeinde,2186,289,418
09474144,gemeinde,1449,201,265
09474145,gemeinde,1397,157,248
09474146,gemeinde,3045,311,567
09474147,gemeinde,1623,201,274
09474154,gemeinde,8006,841,1702
09474156,gemeinde,2152,257,324
09474158,gemeinde,1924,234,321
09474160,gemeinde,1568,217,322
09474161,gemeinde,2368,287,444
09474168,gemeinde,1227,137,228
09474171,gemeinde,2001,203,333
09474173,gemeinde,1186,135,195
09474175,gemeinde,1587,200,322
09474176,gemeinde,2529,316,580
09475112,gemeinde,3304,400,1077
09475113,gemeinde,2041,248,448
09475120,gemeinde,3834,458,811
09475123,gemeinde,2697,355,606
09475127,gemeinde,1015,140,190
09475128,gemeinde,2642,374,730
09475136,gemeinde,8138,948,1936
09475137,gemeinde,990,115,246
09475141,gemeinde,2387,294,450
09475142,gemeinde,3174,332,670
09475145,gemeinde,1177,146,239
09475146,gemeinde,1000,122,257
09475154,gemeinde,9935,1060,2210
09475156,gemeinde,7578,872,1800
09475158,gemeinde,5225,552,1127
09475161,gemeinde,2249,273,492
09475162,gemeinde,9007,989,1959
09475165,gemeinde,1878,246,437
09475168,gemeinde,6647,779,1520
09475169,gemeinde,4428,518,1158
09475171,gemeinde,4197,429,1081
09475174,gemeinde,1541,178,367
09475175,gemeinde,2330,275,491
09475181,gemeinde,996,133,200
09475182,gemeinde,1399,159,257
09475184,gemeinde,1172,161,258
09475189,gemeinde,1897,249,505
09476145,gemeinde,16528,1854,3713
09476146,gemeinde,7637,867,1597
09476152,gemeinde,3173,351,785
09476154,gemeinde,2782,326,585
09476159,gemeinde,1570,218,377
09476164,gemeinde,3870,468,835
09476166,gemeinde,650,102,159
09476171,gemeinde,996,127,203
09476175,gemeinde,3058,351,601
09476177,gemeinde,3343,409,712
09476178,gemeinde,4822,579,1047
09476179,gemeinde,1912,242,427
09476180,gemeinde,1874,223,467
09476182,gemeinde,532,86,108
09476183,gemeinde,3655,392,867
09476184,gemeinde,2488,318,646
09476185,gemeinde,2739,350,631
09476189,gemeinde,3470,462,742
09477117,gemeinde,816,132,212
09477118,gemeinde,469,58,121
09477119,gemeinde,964,133,181
09477121,gemeinde,3315,370,675
09477124,gemeinde,2393,277,410
09477127,gemeinde,1482,176,400
09477128,gemeinde,26159,2862,6070
09477129,gemeinde,1065,136,228
09477135,gemeinde,978,129,202
09477136,gemeinde,6507,729,1280
09477138,gemeinde,3108,365,756
09477139,gemeinde,1360,192,309
09477142,gemeinde,3777,459,768
09477143,gemeinde,2931,316,650
09477148,gemeinde,1743,267,414
09477151,gemeinde,930,125,195
09477156,gemeinde,3089,367,692
09477157,gemeinde,4095,470,892
09477158,gemeinde,1531,173,329
09477159,gemeinde,1765,213,371
09477163,gemeinde,1883,212,417
09477164,gemeinde,1145,120,196
09478111,gemeinde,5506,613,1139
09478116,gemeinde,6471,757,1292
09478120,gemeinde,5564,611,1050
09478127,gemeinde,1592,198,319
09478139,gemeinde,20352,2249,4178
09478143,gemeinde,1104,131,281
09478144,gemeinde,1600,176,261
09478145,gemeinde,6205,726,1315
09478155,gemeinde,3396,380,694
09478165,gemeinde,10740,1210,2463
09478176,gemeinde,4843,544,946
09479111,gemeinde,950,103,264
09479112,gemeinde,4932,589,1234
09479126,gemeinde,1041,119,234
09479127,gemeinde,1410,159,368
09479129,gemeinde,3143,380,757
09479135,gemeinde,2876,378,733
09479136,gemeinde,16875,1763,3982
09479138,gemeinde,1681,228,345
09479145,gemeinde,2058,231,462
09479147,gemeinde,1134,164,287
09479150,gemeinde,3109,355,806
09479152,gemeinde,14846,1760,3646
09479158,gemeinde,1704,225,423
09479159,gemeinde,1107,122,241
09479161,gemeinde,2101,261,463
09479166,gemeinde,2987,347,678
09479169,gemeinde,8930,1030,1998
09561000,gemeinde,39601,3984,7676
09562000,gemeinde,112220,9058,18686
09563000,gemeinde,130126,11970,21796
09564000,gemeinde,522554,43930,94437
09565000,gemeinde,40865,3920,8278
09571111,gemeinde,929,92,184
09571113,gemeinde,2215,267,354
09571114,gemeinde,3013,305,510
09571115,gemeinde,6193,680,1111
09571122,gemeinde,1297,198,236
09571125,gemeinde,1022,93,179
09571127,gemeinde,3662,393,604
09571128,gemeinde,1075,119,209
09571130,gemeinde,2116,257,420
09571132,gemeinde,2310,277,473
09571134,gemeinde,1168,117,177
09571135,gemeinde,5640,602,991
09571136,gemeinde,12253,1294,2347
09571137,gemeinde,1856,181,277
09571139,gemeinde,2574,297,440
09571141,gemeinde,1959,179,372
09571145,gemeinde,12344,1180,2229
09571146,gemeinde,2346,296,398
09571152,gemeinde,1711,185,298
09571154,gemeinde,930,111,194
09571155,gemeinde,1336,129,264
09571165,gemeinde,9755,975,1721
09571166,gemeinde,8166,832,1328
09571169,gemeinde,1213,115,218
09571170,gemeinde,2051,235,373
09571171,gemeinde,3135,363,558
09571174,gemeinde,5537,577,999
09571175,gemeinde,3798,433,785
09571177,gemeinde,2996,261,497
09571178,gemeinde,1714,158,269
09571179,gemeinde,1644,156,279
09571180,gemeinde,7781,799,1449
09571181,gemeinde,2042,233,349
09571183,gemeinde,1662,177,300
09571188,gemeinde,582,61,130
09571189,gemeinde,1686,186,258
09571190,gemeinde,4959,532,866
09571192,gemeinde,756,80,154
09571193,gemeinde,11335,1155,2490
09571194,gemeinde,1291,133,246
09571196,gemeinde,3650,329,701
09571198,gemeinde,2808,300,540
09571199,gemeinde,3528,355,676
09571200,gemeinde,2907,328,513
09571205,gemeinde,1223,138,251
09571208,gemeinde,851,85,162
09571214,gemeinde,6156,648,1154
09571216,gemeinde,2381,235,413
09571217,gemeinde,2959,360,454
09571218,gemeinde,1429,135,269
09571222,gemeinde,1010,94,189
09571223,gemeinde,1316,168,207
09571224,gemeinde,2059,226,353
09571225,gemeinde,1055,104,181
09571226,gemeinde,6100,616,1061
09571227,gemeinde,1260,152,234
09571228,gemeinde,1808,200,282
09571229,gemeinde,3156,303,517
09572111,gemeinde,9120,853,1366
09572114,gemeinde,3082,323,476
09572115,gemeinde,7880,754,1372
09572119,gemeinde,4532,399,903
09572120,gemeinde,3109,316,655
09572121,gemeinde,14504,1537,3072
09572126,gemeinde,1583,160,266
09572127,gemeinde,2453,255,478
09572130,gemeinde,5256,610,1101
09572131,gemeinde,8373,798,1666
09572132,gemeinde,23750,2404,4423
09572133,gemeinde,3566,361,630
09572135,gemeinde,13675,1434,2619
09572137,gemeinde,2993,401,600
09572139,gemeinde,2041,252,333
09572141,gemeinde,1556,146,350
09572142,gemeinde,4718,491,934
09572143,gemeinde,1746,155,265
09572147,gemeinde,1330,130,181
09572149,gemeinde,4705,477,1000
09572154,gemeinde,2209,188,438
09572158,gemeinde,4984,428,1153
09572159,gemeinde,1554,201,222
09572160,gemeinde,2272,229,281
09572164,gemeinde,6493,708,941
09573111,gemeinde,1993,234,382
09573114,gemeinde,11306,1086,2122
09573115,gemeinde,4315,473,762
09573120,gemeinde,10318,1199,2078
09573122,gemeinde,17446,1734,4070
09573123,gemeinde,3285,341,629
09573124,gemeinde,2196,254,508
09573125,gemeinde,9853,1071,2055
09573126,gemeinde,3122,357,645
09573127,gemeinde,14023,1397,3539
09573129,gemeinde,1379,141,283
09573130,gemeinde,6460,653,1209
09573133,gemeinde,5261,570,857
09573134,gemeinde,26234,2449,5293
09574111,gemeinde,1099,153,184
09574112,gemeinde,15335,1596,3280
09574117,gemeinde,11289,1203,2301
09574120,gemeinde,1071,118,194
09574123,gemeinde,13848,1306,2872
09574128,gemeinde,3630,345,731
09574129,gemeinde,1453,170,306
09574131,gemeinde,1733,191,334
09574132,gemeinde,12357,1300,2654
09574135,gemeinde,2091,247,377
09574138,gemeinde,26019,2646,5171
09574139,gemeinde,6629,696,1213
09574140,gemeinde,2730,291,515
09574141,gemeinde,4558,496,998
09574145,gemeinde,1593,176,284
09574146,gemeinde,1974,229,363
09574147,gemeinde,5291,573,1164
09574150,gemeinde,2376,243,468
09574152,gemeinde,12470,1222,2667
09574154,gemeinde,4783,465,900
09574155,gemeinde,8416,943,1625
09574156,gemeinde,8682,800,1751
09574157,gemeinde,8327,836,1746
09574158,gemeinde,3236,389,581
09574160,gemeinde,1725,169,351
09574161,gemeinde,1716,221,359
09574164,gemeinde,4269,404,965
09575112,gemeinde,12188,1250,2755
09575113,gemeinde,1254,134,245
09575115,gemeinde,3405,323,602
09575116,gemeinde,2612,253,389
09575117,gemeinde,1783,225,324
09575118,gemeinde,3748,404,664
09575119,gemeinde,2145,239,390
09575121,gemeinde,5904,635,1109
09575122,gemeinde,1060,110,208
09575124,gemeinde,775,93,164
09575125,gemeinde,2512,302,353
09575127,gemeinde,867,97,159
09575128,gemeinde,1302,139,236
09575129,gemeinde,1620,169,217
09575130,gemeinde,629,85,140
09575133,gemeinde,959,104,127
09575134,gemeinde,1069,123,216
09575135,gemeinde,2167,229,407
09575138,gemeinde,1086,109,218
09575143,gemeinde,1595,168,292
09575144,gemeinde,1792,194,343
09575145,gemeinde,5477,652,1002
09575146,gemeinde,1121,112,212
09575147,gemeinde,1012,113,197
09575150,gemeinde,1412,158,281
09575152,gemeinde,2192,282,364
09575153,gemeinde,13026,1343,2597
09575155,gemeinde,745,76,164
09575156,gemeinde,2510,271,473
09575157,gemeinde,1063,122,240
09575161,gemeinde,4518,522,922
09575163,gemeinde,953,95,207
09575165,gemeinde,2355,255,454
09575166,gemeinde,1310,150,264
09575167,gemeinde,3092,305,562
09575168,gemeinde,6308,659,1296
09575179,gemeinde,984,96,187
09575181,gemeinde,1473,116,255
09576111,gemeinde,5525,645,1016
09576113,gemeinde,8374,835,1516
09576117,gemeinde,5416,645,1029
09576121,gemeinde,6769,755,1251
09576122,gemeinde,6945,670,1240
09576126,gemeinde,4616,473,853
09576127,gemeinde,13594,1367,2215
09576128,gemeinde,3063,313,513
09576132,gemeinde,7276,742,1655
09576137,gemeinde,6908,687,1415
09576141,gemeinde,3176,322,495
09576142,gemeinde,3774,384,637
09576143,gemeinde,25281,2684,4984
09576147,gemeinde,5046,603,964
09576148,gemeinde,5245,561,1053
09576151,gemeinde,16247,1728,3714
09577111,gemeinde,1395,146,262
09577113,gemeinde,928,110,175
09577114,gemeinde,2379,258,478
09577115,gemeinde,1152,122,188
09577120,gemeinde,1177,139,200
09577122,gemeinde,1846,221,309
09577125,gemeinde,3842,379,776
09577127,gemeinde,872,91,149
09577133,gemeinde,833,101,142
09577136,gemeinde,16457,1746,3585
09577138,gemeinde,2724,306,513
09577140,gemeinde,2500,280,544
09577141,gemeinde,1103,155,214
09577148,gemeinde,2227,247,402
09577149,gemeinde,1296,164,247
09577150,gemeinde,825,106,132
09577151,gemeinde,1402,176,263
09577158,gemeinde,3893,444,737
09577159,gemeinde,1543,171,280
09577161,gemeinde,7457,824,1401
09577162,gemeinde,1782,202,302
09577163,gemeinde,1210,121,174
09577168,gemeinde,1708,184,331
09577172,gemeinde,1130,122,210
09577173,gemeinde,13070,1338,2554
09577177,gemeinde,18202,1861,3864
09577179,gemeinde,1171,122,213
09661000,gemeinde,71692,6924,13546
09662000,gemeinde,53242,5116,11630
09663000,gemeinde,131316,10613,24237
09671111,gemeinde,17841,2006,3727
09671112,gemeinde,5559,596,1082
09671113,gemeinde,1454,173,293
09671114,gemeinde,7680,774,1598
09671119,gemeinde,2070,259,391
09671120,gemeinde,3206,359,711
09671121,gemeinde,9782,1000,1891
09671122,gemeinde,15923,1777,3069
09671124,gemeinde,7941,843,1664
09671126,gemeinde,2187,249,424
09671127,gemeinde,2151,243,460
09671128,gemeinde,823,108,157
09671130,gemeinde,12927,1348,2589
09671133,gemeinde,4070,471,817
09671134,gemeinde,8387,850,1830
09671135,gemeinde,1825,207,332
09671136,gemeinde,8201,800,1634
09671138,gemeinde,2059,268,377
09671139,gemeinde,5127,524,949
09671140,gemeinde,8699,930,1726
09671141,gemeinde,2251,245,419
09671143,gemeinde,11269,1310,2281
09671148,gemeinde,1619,197,310
09671150,gemeinde,3593,386,677
09671152,gemeinde,4098,445,738
09671153,gemeinde,1250,141,203
09671155,gemeinde,7674,739,1323
09671156,gemeinde,4092,399,751
09671157,gemeinde,1840,227,333
09671159,gemeinde,2004,213,392
09671160,gemeinde,1903,220,325
09671162,gemeinde,1044,118,195
09672111,gemeinde,850,84,154
09672112,gemeinde,4595,511,1085
09672113,gemeinde,6542,731,1743
09672114,gemeinde,22924,2322,6553
09672117,gemeinde,7307,877,1428
09672121,gemeinde,2826,321,565
09672122,gemeinde,1439,162,324
09672124,gemeinde,1841,208,325
09672126,gemeinde,789,102,211
09672127,gemeinde,10845,1188,2462
09672131,gemeinde,4328,593,853
09672134,gemeinde,1696,216,308
09672135,gemeinde,7604,883,1665
09672136,gemeinde,3852,461,737
09672138,gemeinde,2024,209,367
09672139,gemeinde,5023,597,940
09672140,gemeinde,4961,591,983
09672142,gemeinde,1111,153,195
09672143,gemeinde,1084,134,228
09672145,gemeinde,948,114,199
09672149,gemeinde,1605,179,281
09672155,gemeinde,865,106,192
09672157,gemeinde,1009,134,172
09672161,gemeinde,2119,268,457
09672163,gemeinde,2836,327,547
09672166,gemeinde,2024,233,476
09673113,gemeinde,712,107,142
09673114,gemeinde,15112,1601,3206
09673116,gemeinde,2044,235,435
09673117,gemeinde,4809,533,998
09673123,gemeinde,2157,246,441
09673126,gemeinde,947,105,175
09673127,gemeinde,1037,160,191
09673129,gemeinde,676,69,169
09673130,gemeinde,844,110,165
09673131,gemeinde,612,71,106
09673133,gemeinde,1259,149,232
09673134,gemeinde,1086,141,229
09673135,gemeinde,3594,420,639
09673136,gemeinde,1471,210,253
09673141,gemeinde,5840,595,1306
09673142,gemeinde,5575,615,1295
09673146,gemeinde,1662,189,316
09673147,gemeinde,1075,143,212
09673149,gemeinde,2639,332,529
09673151,gemeinde,1453,188,272
09673153,gemeinde,3329,387,786
09673156,gemeinde,953,105,162
09673160,gemeinde,1531,175,298
09673161,gemeinde,2304,226,432
09673162,gemeinde,2371,279,542
09673163,gemeinde,1223,147,275
09673167,gemeinde,905,95,196
09673170,gemeinde,993,114,223
09673171,gemeinde,949,98,170
09673172,gemeinde,1173,163,244
09673173,gemeinde,1716,216,299
09673174,gemeinde,916,88,188
09673175,gemeinde,933,92,139
09673182,gemeinde,575,53,119
09673183,gemeinde,1399,139,229
09673184,gemeinde,1507,170,310
09673186,gemeinde,1733,209,281
09674111,gemeinde,1642,229,318
09674118,gemeinde,1011,122,171
09674120,gemeinde,876,113,186
09674121,gemeinde,1344,152,248
09674129,gemeinde,3848,438,718
09674130,gemeinde,7180,815,1491
09674133,gemeinde,5126,614,865
09674139,gemeinde,1304,155,255
09674147,gemeinde,13509,1501,2585
09674149,gemeinde,5128,581,1043
09674153,gemeinde,1709,208,294
09674159,gemeinde,3992,449,728
09674160,gemeinde,1307,163,256
09674163,gemeinde,6309,718,1160
09674164,gemeinde,3536,448,736
09674171,gemeinde,3115,400,655
09674180,gemeinde,2670,310,546
09674184,gemeinde,1476,163,313
09674187,gemeinde,2755,356,553
09674190,gemeinde,1570,164,308
09674195,gemeinde,3051,353,539
09674201,gemeinde,1128,116,194
09674210,gemeinde,1627,211,338
09674219,gemeinde,1912,245,310
09674221,gemeinde,5455,607,1191
09674223,gemeinde,543,65,95
09675111,gemeinde,842,87,152
09675112,gemeinde,2166,228,368
09675113,gemeinde,1220,123,218
09675114,gemeinde,1059,112,215
09675116,gemeinde,866,91,181
09675117,gemeinde,6984,720,1408
09675127,gemeinde,2543,273,357
09675131,gemeinde,1566,179,252
09675139,gemeinde,4822,518,905
09675141,gemeinde,21982,2093,3969
09675142,gemeinde,1648,174,304
09675144,gemeinde,2214,235,491
09675146,gemeinde,1889,205,363
09675147,gemeinde,3777,377,820
09675148,gemeinde,1207,122,217
09675149,gemeinde,1859,182,321
09675150,gemeinde,956,107,185
09675155,gemeinde,988,84,182
09675156,gemeinde,1723,189,361
09675158,gemeinde,2975,354,491
09675161,gemeinde,1884,205,316
09675162,gemeinde,871,82,178
09675165,gemeinde,3639,384,660
09675166,gemeinde,820,101,157
09675167,gemeinde,1041,123,213
09675169,gemeinde,1459,146,282
09675170,gemeinde,1240,173,242
09675174,gemeinde,8669,1031,1845
09675177,gemeinde,1059,124,184
09675178,gemeinde,4854,531,909
09675179,gemeinde,1578,170,258
09676111,gemeinde,1244,132,222
09676112,gemeinde,3896,424,878
09676116,gemeinde,4219,485,894
09676117,gemeinde,2403,244,531
09676118,gemeinde,1731,212,365
09676119,gemeinde,2461,266,535
09676121,gemeinde,9015,962,1555
09676122,gemeinde,9683,953,1893
09676123,gemeinde,3795,451,759
09676124,gemeinde,2586,316,508
09676125,gemeinde,5004,513,1100
09676126,gemeinde,4106,415,758
09676128,gemeinde,1857,225,329
09676131,gemeinde,2204,271,500
09676132,gemeinde,3619,358,617
09676133,gemeinde,5541,590,1103
09676134,gemeinde,6062,605,1148
09676135,gemeinde,1433,144,252
09676136,gemeinde,4634,484,879
09676139,gemeinde,9251,952,2079
09676140,gemeinde,4718,538,884
09676141,gemeinde,2511,286,504
09676143,gemeinde,1475,175,287
09676144,gemeinde,4864,547,845
09676145,gemeinde,8409,836,1663
09676151,gemeinde,1704,184,273
09676153,gemeinde,725,93,172
09676156,gemeinde,1752,178,367
09676158,gemeinde,1507,153,280
09676160,gemeinde,7288,744,1313
09676165,gemeinde,2075,241,416
09676169,gemeinde,4724,458,956
09677114,gemeinde,8233,945,1586
09677116,gemeinde,938,111,212
09677119,gemeinde,2170,238,417
09677120,gemeinde,1768,215,304
09677122,gemeinde,2341,298,465
09677125,gemeinde,2423,305,436
09677126,gemeinde,2085,241,455
09677127,gemeinde,3047,367,646
09677128,gemeinde,840,78,164
09677129,gemeinde,4385,491,968
09677131,gemeinde,10137,1122,2359
09677132,gemeinde,1097,176,226
09677133,gemeinde,1295,156,291
09677135,gemeinde,1780,220,404
09677137,gemeinde,1380,129,256
09677142,gemeinde,1594,216,311
09677146,gemeinde,1493,146,271
09677148,gemeinde,14780,1557,3246
09677149,gemeinde,1692,241,317
09677151,gemeinde,3839,419,870
09677154,gemeinde,4273,477,753
09677155,gemeinde,14818,1681,3376
09677157,gemeinde,11357,1166,2610
09677159,gemeinde,797,110,160
09677164,gemeinde,822,77,207
09677165,gemeinde,1124,153,243
09677166,gemeinde,1153,136,277
09677169,gemeinde,940,125,237
09677170,gemeinde,2724,339,557
09677172,gemeinde,1035,119,203
09677175,gemeinde,1589,195,296
09677177,gemeinde,1850,196,400
09677178,gemeinde,1001,113,182
09677181,gemeinde,972,134,194
09677182,gemeinde,878,96,194
09677186,gemeinde,2076,233,431
09677189,gemeinde,1346,147,250
09677193,gemeinde,1390,162,220
09677200,gemeinde,1233,165,280
09677203,gemeinde,6350,743,1386
09678115,gemeinde,5148,501,974
09678122,gemeinde,1392,141,218
09678123,gemeinde,7317,772,1679
09678124,gemeinde,1934,223,315
09678128,gemeinde,2928,379,569
09678130,gemeinde,966,103,170
09678132,gemeinde,2741,269,499
09678134,gemeinde,6680,790,1465
09678135,gemeinde,6098,621,1310
09678136,gemeinde,3443,374,692
09678138,gemeinde,4281,441,762
09678150,gemeinde,5690,687,1010
09678153,gemeinde,809,78,146
09678157,gemeinde,1160,116,238
09678160,gemeinde,8600,784,1687
09678164,gemeinde,1423,161,298
09678168,gemeinde,4384,489,780
09678170,gemeinde,4432,529,964
09678174,gemeinde,7597,842,1644
09678175,gemeinde,1765,215,354
09678176,gemeinde,4166,437,940
09678178,gemeinde,4294,426,847
09678181,gemeinde,4143,501,843
09678183,gemeinde,2024,241,345
09678186,gemeinde,3793,457,795
09678190,gemeinde,2666,321,542
09678192,gemeinde,3403,404,622
09678193,gemeinde,10195,1194,2033
09678196,gemeinde,1014,125,196
09679114,gemeinde,1406,151,313
09679117,gemeinde,3674,437,653
09679118,gemeinde,859,108,180
09679122,gemeinde,1285,147,274
09679124,gemeinde,3017,366,688
09679126,gemeinde,3368,427,604
09679128,gemeinde,1825,173,324
09679130,gemeinde,5283,492,1094
09679131,gemeinde,1149,120,239
09679134,gemeinde,2444,275,421
09679135,gemeinde,840,85,143
09679136,gemeinde,6283,507,1195
09679137,gemeinde,1418,157,237
09679138,gemeinde,5344,555,979
09679141,gemeinde,1623,235,275
09679142,gemeinde,4357,472,789
09679143,gemeinde,2493,315,419
09679144,gemeinde,2578,277,466
09679146,gemeinde,3554,480,636
09679147,gemeinde,9455,930,2168
09679149,gemeinde,929,104,217
09679153,gemeinde,2125,232,413
09679154,gemeinde,2555,292,604
09679155,gemeinde,2061,248,358
09679156,gemeinde,4626,489,798
09679161,gemeinde,3128,342,776
09679164,gemeinde,2230,276,441
09679165,gemeinde,1991,246,354
09679167,gemeinde,1307,142,256
09679169,gemeinde,1143,124,182
09679170,gemeinde,11080,1170,2401
09679174,gemeinde,1157,127,189
09679175,gemeinde,3364,342,729
09679176,gemeinde,4182,426,847
09679177,gemeinde,1490,162,317
09679179,gemeinde,730,97,136
09679180,gemeinde,7391,831,1455
09679182,gemeinde,1561,189,355
09679185,gemeinde,5336,529,1053
09679187,gemeinde,1840,208,363
09679188,gemeinde,851,92,135
09679192,gemeinde,839,75,165
09679193,gemeinde,2327,262,415
09679194,gemeinde,2681,268,576
09679196,gemeinde,1871,229,326
09679200,gemeinde,3090,365,601
09679201,gemeinde,3001,302,504
09679202,gemeinde,9097,956,2148
09679204,gemeinde,2935,319,527
09679205,gemeinde,4972,541,967
09679206,gemeinde,1369,170,297
09679209,gemeinde,4340,424,809
09761000,gemeinde,294647,24296,51147
09762000,gemeinde,45186,4403,9197
09763000,gemeinde,65050,5817,13097
09764000,gemeinde,43300,4079,8498
09771111,gemeinde,1811,193,231
09771112,gemeinde,5428,550,875
09771113,gemeinde,21328,2061,3979
09771114,gemeinde,4646,502,802
09771122,gemeinde,5634,524,941
09771129,gemeinde,1813,177,263
09771130,gemeinde,29595,2871,6442
09771140,gemeinde,2442,247,408
09771141,gemeinde,2637,235,354
09771142,gemeinde,11634,1145,2184
09771144,gemeinde,4211,393,749
09771145,gemeinde,3141,292,480
09771146,gemeinde,14879,1417,2641
09771149,gemeinde,1969,229,332
09771155,gemeinde,1688,196,341
09771156,gemeinde,6901,632,1122
09771158,gemeinde,2598,239,447
09771160,gemeinde,3223,348,532
09771162,gemeinde,1955,179,299
09771163,gemeinde,1340,137,198
09771165,gemeinde,1816,186,231
09771168,gemeinde,978,105,177
09771169,gemeinde,1445,149,253
09771176,gemeinde,1249,119,202
09772111,gemeinde,2547,269,421
09772114,gemeinde,977,78,133
09772115,gemeinde,4473,480,760
09772117,gemeinde,3035,313,621
09772121,gemeinde,3568,367,639
09772125,gemeinde,17768,1646,3433
09772126,gemeinde,1571,135,257
09772130,gemeinde,10716,1090,2208
09772131,gemeinde,6572,670,1291
09772134,gemeinde,1114,94,164
09772136,gemeinde,1168,106,169
09772137,gemeinde,1488,143,218
09772141,gemeinde,5041,540,872
09772145,gemeinde,4815,466,876
09772147,gemeinde,22972,1919,4167
09772148,gemeinde,4345,478,861
09772149,gemeinde,3957,405,518
09772151,gemeinde,5359,564,962
09772156,gemeinde,979,132,191
09772157,gemeinde,1621,153,268
09772159,gemeinde,2972,294,528
09772160,gemeinde,1356,131,206
09772162,gemeinde,2968,329,508
09772163,gemeinde,27726,2844,5562
09772166,gemeinde,838,80,147
09772167,gemeinde,2595,284,419
09772168,gemeinde,1842,193,293
09772170,gemeinde,4022,372,631
09772171,gemeinde,8501,742,1340
09772177,gemeinde,11941,1175,2113
09772178,gemeinde,1397,137,219
09772179,gemeinde,1078,91,192
09772184,gemeinde,22178,2085,4973
09772185,gemeinde,2520,243,450
09772186,gemeinde,1737,206,271
09772197,gemeinde,1084,130,180
09772200,gemeinde,14881,1394,2840
09772202,gemeinde,15279,1465,3239
09772207,gemeinde,4054,349,643
09772209,gemeinde,7590,726,1327
09772211,gemeinde,1246,121,200
09772214,gemeinde,1136,134,155
09772215,gemeinde,3026,336,508
09772216,gemeinde,3817,450,719
09772217,gemeinde,1710,149,226
09772223,gemeinde,6536,606,1143
09773111,gemeinde,1326,133,238
09773112,gemeinde,2275,297,385
09773113,gemeinde,1318,181,237
09773116,gemeinde,1326,123,248
09773117,gemeinde,3535,375,648
09773119,gemeinde,1694,183,327
09773122,gemeinde,5998,562,991
09773125,gemeinde,19452,1874,3582
09773133,gemeinde,1098,121,211
09773136,gemeinde,7687,749,1431
09773137,gemeinde,1607,184,305
09773139,gemeinde,6829,675,1226
09773140,gemeinde,3743,407,660
09773143,gemeinde,1576,165,251
09773144,gemeinde,11071,1196,2093
09773146,gemeinde,963,101,190
09773147,gemeinde,1395,149,272
09773150,gemeinde,1744,172,304
09773153,gemeinde,999,90,197
09773164,gemeinde,1442,171,262
09773170,gemeinde,3801,415,751
09773179,gemeinde,1282,146,188
09773182,gemeinde,9197,887,1741
09773183,gemeinde,2485,229,523
09773186,gemeinde,1092,115,229
09773187,gemeinde,737,104,144
09773188,gemeinde,1242,134,187
09774111,gemeinde,1214,122,210
09774115,gemeinde,1200,133,161
09774116,gemeinde,3266,369,682
09774117,gemeinde,1231,142,198
09774118,gemeinde,1585,163,281
09774119,gemeinde,4890,558,839
09774121,gemeinde,10235,1028,1764
09774122,gemeinde,3485,331,572
09774124,gemeinde,1433,131,262
09774127,gemeinde,1505,163,259
09774129,gemeinde,589,73,99
09774133,gemeinde,1237,131,196
09774135,gemeinde,21172,2024,4015
09774136,gemeinde,1332,160,237
09774140,gemeinde,2037,173,318
09774143,gemeinde,9076,837,1572
09774144,gemeinde,6994,689,1197
09774145,gemeinde,3378,360,596
09774148,gemeinde,3284,312,606
09774150,gemeinde,13927,1379,2593
09774151,gemeinde,657,68,108
09774155,gemeinde,7205,640,1085
09774160,gemeinde,1970,217,303
09774162,gemeinde,3167,351,561
09774166,gemeinde,1137,118,197
09774171,gemeinde,4284,422,772
09774174,gemeinde,1705,211,262
09774178,gemeinde,1148,127,199
09774185,gemeinde,6332,638,1180
09774189,gemeinde,1012,112,167
09774191,gemeinde,1227,126,188
09774192,gemeinde,727,78,106
09774196,gemeinde,756,88,106
09774198,gemeinde,3211,316,494
09775111,gemeinde,5309,504,951
09775115,gemeinde,4606,496,918
09775118,gemeinde,4170,455,665
09775126,gemeinde,1987,185,362
09775129,gemeinde,17795,1719,3343
09775132,gemeinde,1529,176,228
09775134,gemeinde,9386,936,1793
09775135,gemeinde,60597,4992,10460
09775139,gemeinde,9593,969,2021
09775141,gemeinde,971,78,138
09775142,gemeinde,935,97,148
09775143,gemeinde,7260,731,1348
09775149,gemeinde,2646,273,400
09775152,gemeinde,23237,2226,4717
09775161,gemeinde,1089,105,172
09775162,gemeinde,13638,1263,2642
09775164,gemeinde,13828,1474,2445
09776111,gemeinde,2965,294,691
09776112,gemeinde,1312,148,219
09776113,gemeinde,1530,157,234
09776114,gemeinde,3516,346,610
09776115,gemeinde,1905,176,312
09776116,gemeinde,25394,2397,5925
09776117,gemeinde,11466,1141,2318
09776118,gemeinde,1532,159,302
09776120,gemeinde,1780,194,422
09776121,gemeinde,1612,207,298
09776122,gemeinde,2312,205,396
09776124,gemeinde,1920,191,317
09776125,gemeinde,4339,465,931
09776126,gemeinde,2972,293,472
09776127,gemeinde,1877,176,320
09776128,gemeinde,3869,369,984
09776129,gemeinde,6347,647,1149
09776130,gemeinde,2644,265,527
09776131,gemeinde,2479,243,430
09777111,gemeinde,1948,206,365
09777112,gemeinde,4148,391,868
09777114,gemeinde,1272,117,236
09777118,gemeinde,1812,209,258
09777121,gemeinde,13521,1236,2398
09777124,gemeinde,1365,134,241
09777125,gemeinde,1096,128,192
09777128,gemeinde,1516,155,289
09777129,gemeinde,15304,1473,3722
09777130,gemeinde,3833,370,684
09777131,gemeinde,1319,129,207
09777135,gemeinde,1231,115,203
09777138,gemeinde,1393,130,236
09777139,gemeinde,1505,136,296
09777140,gemeinde,2518,305,373
09777141,gemeinde,1719,217,253
09777144,gemeinde,877,84,133
09777145,gemeinde,2167,205,313
09777147,gemeinde,2649,299,624
09777149,gemeinde,1504,136,259
09777151,gemeinde,18313,1772,3712
09777152,gemeinde,3156,272,647
09777153,gemeinde,3770,360,785
09777154,gemeinde,6265,596,1284
09777155,gemeinde,1467,162,246
09777157,gemeinde,706,87,115
09777158,gemeinde,2384,218,386
09777159,gemeinde,7716,803,1652
09777163,gemeinde,1365,130,253
09777164,gemeinde,1365,125,259
09777165,gemeinde,1688,162,330
09777166,gemeinde,2174,243,424
09777167,gemeinde,1738,178,308
09777168,gemeinde,925,90,140
09777169,gemeinde,3129,306,694
09777170,gemeinde,2961,335,486
09777171,gemeinde,1909,204,322
09777172,gemeinde,1921,199,305
09777173,gemeinde,3362,378,721
09777175,gemeinde,2834,275,490
09777176,gemeinde,1626,173,258
09777177,gemeinde,2378,219,445
09777179,gemeinde,1151,100,186
09777182,gemeinde,1864,185,310
09777183,gemeinde,886,77,107
09778111,gemeinde,1507,162,238
09778113,gemeinde,951,84,176
09778115,gemeinde,5412,546,985
09778116,gemeinde,15798,1437,4672
09778118,gemeinde,2021,226,327
09778119,gemeinde,764,64,105
09778120,gemeinde,2090,213,357
09778121,gemeinde,2320,209,406
09778123,gemeinde,3029,284,704
09778127,gemeinde,2188,210,378
09778130,gemeinde,1187,124,203
09778134,gemeinde,1880,207,350
09778136,gemeinde,3106,302,536
09778137,gemeinde,3331,377,533
09778139,gemeinde,1109,107,214
09778144,gemeinde,5519,548,1061
09778149,gemeinde,1244,151,161
09778150,gemeinde,1819,175,310
09778151,gemeinde,1304,131,162
09778157,gemeinde,1313,132,203
09778158,gemeinde,2551,242,460
09778161,gemeinde,1783,207,315
09778162,gemeinde,1661,182,225
09778163,gemeinde,1386,145,248
09778164,gemeinde,1254,146,230
09778165,gemeinde,3215,270,541
09778168,gemeinde,3817,389,703
09778169,gemeinde,2102,207,408
09778171,gemeinde,2998,276,460
09778173,gemeinde,14838,1342,2732
09778177,gemeinde,1425,145,238
09778180,gemeinde,1786,177,332
09778183,gemeinde,1180,102,190
09778184,gemeinde,1002,96,157
09778186,gemeinde,8158,804,1779
09778187,gemeinde,2558,241,471
09778188,gemeinde,872,67,153
09778190,gemeinde,1446,154,238
09778196,gemeinde,2691,270,416
09778199,gemeinde,1454,136,249
09778202,gemeinde,1674,162,367
09778203,gemeinde,6942,688,1355
09778204,gemeinde,3052,345,520
09778205,gemeinde,1110,81,209
09778207,gemeinde,1381,149,240
09778209,gemeinde,1567,161,256
09778214,gemeinde,2243,193,342
09778216,gemeinde,1390,154,220
09778217,gemeinde,929,95,136
09778218,gemeinde,2029,196,402
09778219,gemeinde,2096,181,289
09778221,gemeinde,1779,187,268
09779111,gemeinde,1636,166,307
09779112,gemeinde,811,108,144
09779115,gemeinde,4750,423,825
09779117,gemeinde,982,134,194
09779126,gemeinde,1945,155,304
09779129,gemeinde,796,102,126
09779130,gemeinde,1825,167,299
09779131,gemeinde,19596,1779,3813
09779136,gemeinde,1091,112,201
09779138,gemeinde,744,75,138
09779146,gemeinde,535,66,93
09779147,gemeinde,2079,204,387
09779148,gemeinde,1309,132,280
09779149,gemeinde,1170,133,198
09779154,gemeinde,1419,152,288
09779155,gemeinde,5523,611,1101
09779162,gemeinde,564,87,104
09779163,gemeinde,1116,131,191
09779167,gemeinde,1628,173,283
09779169,gemeinde,3872,368,706
09779176,gemeinde,1233,148,176
09779177,gemeinde,1305,135,231
09779178,gemeinde,2596,303,468
09779180,gemeinde,807,95,106
09779181,gemeinde,3843,389,579
09779184,gemeinde,1408,154,277
09779185,gemeinde,2596,278,419
09779186,gemeinde,5317,529,862
09779187,gemeinde,1372,136,175
09779188,gemeinde,1717,198,334
09779192,gemeinde,1386,125,213
09779194,gemeinde,20185,1990,3955
09779196,gemeinde,2561,260,396
09779197,gemeinde,5118,501,981
09779198,gemeinde,772,60,129
09779201,gemeinde,9022,849,1566
09779203,gemeinde,1348,166,238
09779206,gemeinde,601,89,126
09779217,gemeinde,1082,108,188
09779218,gemeinde,4148,448,785
09779224,gemeinde,3409,307,570
09779226,gemeinde,1389,135,270
09779228,gemeinde,5703,566,1168
09779231,gemeinde,1090,113,174
09780112,gemeinde,10191,1104,1840
09780113,gemeinde,232,31,44
09780114,gemeinde,2838,325,483
09780115,gemeinde,5418,568,1061
09780116,gemeinde,1001,104,163
09780117,gemeinde,4147,446,898
09780118,gemeinde,3050,327,611
09780119,gemeinde,8333,852,1635
09780120,gemeinde,6997,713,1455
09780121,gemeinde,2871,244,650
09780122,gemeinde,3783,409,705
09780123,gemeinde,4906,487,1169
09780124,gemeinde,13762,1373,2902
09780125,gemeinde,3543,329,736
09780127,gemeinde,1513,167,273
09780128,gemeinde,4624,509,821
09780131,gemeinde,950,96,201
09780132,gemeinde,7224,804,1736
09780133,gemeinde,9209,1006,2509
09780134,gemeinde,1913,172,359
09780137,gemeinde,4355,443,666
09780139,gemeinde,21381,2070,5266
09780140,gemeinde,4952,448,971
09780143,gemeinde,9605,968,1852
09780144,gemeinde,5168,546,962
09780145,gemeinde,2634,260,484
09780146,gemeinde,4886,499,900
09780147,gemeinde,2580,242,446
10041100,gemeinde,179296,17420,34699
10041511,gemeinde,10228,1200,2223
10041512,gemeinde,7936,971,2004
10041513,gemeinde,18391,2145,4338
10041514,gemeinde,10888,1378,2852
10041515,gemeinde,18390,2293,4401
10041516,gemeinde,12998,1547,3053
10041517,gemeinde,14386,1692,3402
10041518,gemeinde,16419,1810,3478
10041519,gemeinde,40206,4007,8144
10042111,gemeinde,15496,1860,3275
10042112,gemeinde,16574,1987,3471
10042113,gemeinde,31618,3531,6338
10042114,gemeinde,12545,1407,2599
10042115,gemeinde,9536,946,1591
10042116,gemeinde,16585,1987,3619
10042117,gemeinde,6606,870,1331
10043111,gemeinde,16614,2188,3728
10043112,gemeinde,15958,2003,3836
10043113,gemeinde,10052,1203,2336
10043114,gemeinde,46906,5092,9452
10043115,gemeinde,14425,1660,3263
10043116,gemeinde,15900,1954,3386
10043117,gemeinde,12969,1516,3058
10044111,gemeinde,21379,2372,4324
10044112,gemeinde,19398,2138,4264
10044113,gemeinde,9263,1125,2111
10044114,gemeinde,15023,1867,3234
10044115,gemeinde,37592,4261,8357
10044116,gemeinde,13605,1596,2948
10044117,gemeinde,16875,2005,3560
10044118,gemeinde,18070,2135,4030
10044119,gemeinde,12059,1573,2678
10044120,gemeinde,17877,2153,3950
10044121,gemeinde,9370,1170,2129
10044122,gemeinde,7181,710,1580
10044123,gemeinde,6783,713,1424
10045111,gemeinde,17797,2101,3984
10045112,gemeinde,20167,2468,4922
10045113,gemeinde,6229,819,1464
10045114,gemeinde,42891,4654,9073
10045115,gemeinde,10192,1156,2269
10045116,gemeinde,10955,1441,2632
10045117,gemeinde,35603,4324,8508
10046111,gemeinde,7962,979,1755
10046112,gemeinde,10277,1338,2528
10046113,gemeinde,7095,925,1500
10046114,gemeinde,10023,1231,2249
10046115,gemeinde,8521,1066,1929
10046116,gemeinde,6045,753,1435
10046117,gemeinde,25440,3097,5918
10046118,gemeinde,12270,1465,2730
11000000,gemeinde,3596999,292354,624505
12051000,gemeinde,73552,8088,18382
12052000,gemeinde,93926,10381,22745
12053000,gemeinde,55841,6741,13843
12054000,gemeinde,182806,15031,33163
12060005,gemeinde,14052,2087,2598
12060012,gemeinde,688,95,147
12060020,gemeinde,43164,4447,9176
12060024,gemeinde,6156,729,1308
12060034,gemeinde,830,113,163
12060036,gemeinde,2081,291,473
12060045,gemeinde,2193,299,447
12060052,gemeinde,40607,4231,9566
12060068,gemeinde,813,102,204
12060092,gemeinde,519,77,104
12060100,gemeinde,3356,417,795
12060128,gemeinde,632,92,148
12060149,gemeinde,1152,144,297
12060154,gemeinde,1660,219,401
12060161,gemeinde,1022,131,227
12060172,gemeinde,598,80,121
12060176,gemeinde,2020,285,549
12060181,gemeinde,21028,2566,4482
12060185,gemeinde,499,70,83
12060192,gemeinde,2106,250,357
12060198,gemeinde,10649,1421,2622
12060250,gemeinde,971,124,138
12060269,gemeinde,23951,2812,5239
12060280,gemeinde,9069,1077,1669
12060296,gemeinde,462,63,78
12061005,gemeinde,467,81,119
12061017,gemeinde,844,101,194
12061020,gemeinde,8590,920,1729
12061061,gemeinde,735,118,171
12061097,gemeinde,687,75,96
12061112,gemeinde,6396,676,1474
12061164,gemeinde,2459,331,555
12061192,gemeinde,2486,311,632
12061216,gemeinde,2517,283,526
12061217,gemeinde,7275,982,1621
12061219,gemeinde,3575,527,746
12061224,gemeinde,493,67,144
12061244,gemeinde,672,83,151
12061260,gemeinde,38400,4103,8591
12061265,gemeinde,650,86,159
12061308,gemeinde,1325,222,367
12061316,gemeinde,14048,1580,3534
12061320,gemeinde,9184,1149,2139
12061328,gemeinde,826,104,203
12061329,gemeinde,3818,581,910
12061332,gemeinde,9492,1200,1805
12061344,gemeinde,435,71,108
12061352,gemeinde,1064,156,256
12061405,gemeinde,589,87,134
12061428,gemeinde,610,68,159
12061433,gemeinde,18461,1442,2220
12061435,gemeinde,1159,167,221
12061444,gemeinde,9269,913,1879
12061448,gemeinde,964,115,222
12061450,gemeinde,1499,204,453
12061470,gemeinde,444,78,114
12061471,gemeinde,431,77,105
12061476,gemeinde,910,122,242
12061492,gemeinde,1884,231,427
12061510,gemeinde,759,116,188
12061540,gemeinde,10456,989,2387
12061572,gemeinde,11378,1154,2893
12062024,gemeinde,9028,1175,2437
12062088,gemeinde,1157,158,344
12062092,gemeinde,8280,1090,2128
12062124,gemeinde,7745,923,2120
12062128,gemeinde,6200,815,1639
12062134,gemeinde,597,85,172
12062140,gemeinde,15606,1826,4360
12062177,gemeinde,952,132,260
12062196,gemeinde,1327,189,288
12062208,gemeinde,1003,121,272
12062219,gemeinde,479,78,119
12062224,gemeinde,8693,1192,2237
12062232,gemeinde,1207,175,265
12062237,gemeinde,612,73,161
12062240,gemeinde,1901,233,458
12062282,gemeinde,787,111,195
12062289,gemeinde,770,103,178
12062293,gemeinde,914,121,185
12062333,gemeinde,1854,285,438
12062336,gemeinde,788,121,198
12062341,gemeinde,3411,463,1025
12062372,gemeinde,2559,385,682
12062410,gemeinde,3712,561,971
12062417,gemeinde,1312,184,315
12062425,gemeinde,1425,168,323
12062440,gemeinde,420,76,115
12062445,gemeinde,2372,331,604
12062453,gemeinde,1510,223,364
12062461,gemeinde,2978,414,712
12062464,gemeinde,488,74,123
12062469,gemeinde,3148,401,661
12062492,gemeinde,674,99,192
12062500,gemeinde,5071,731,1199
12063036,gemeinde,12827,1389,2144
12063056,gemeinde,10547,1003,1498
12063080,gemeinde,44683,4675,8634
12063088,gemeinde,2555,304,629
12063094,gemeinde,396,78,82
12063112,gemeinde,436,66,96
12063134,gemeinde,884,117,205
12063142,gemeinde,787,102,123
12063148,gemeinde,6560,832,1486
12063161,gemeinde,348,71,82
12063165,gemeinde,667,81,115
12063186,gemeinde,1333,165,231
12063189,gemeinde,4380,576,965
12063202,gemeinde,768,109,151
12063208,gemeinde,18918,2079,3342
12063212,gemeinde,1813,227,405
12063228,gemeinde,1331,138,313
12063240,gemeinde,660,67,142
12063244,gemeinde,8240,1063,2443
12063252,gemeinde,24416,2752,6546
12063256,gemeinde,514,74,95
12063260,gemeinde,1612,219,422
12063273,gemeinde,10447,1211,2009
12063274,gemeinde,880,127,174
12063293,gemeinde,874,126,190
12063357,gemeinde,10429,985,1543
12064009,gemeinde,777,100,169
12064029,gemeinde,9596,1259,1791
12064044,gemeinde,11834,1597,3007
12064053,gemeinde,635,75,114
12064057,gemeinde,403,65,101
12064061,gemeinde,1298,123,194
12064084,gemeinde,1599,200,404
12064125,gemeinde,2230,284,463
12064128,gemeinde,666,117,160
12064130,gemeinde,470,70,79
12064136,gemeinde,14475,1651,2980
12064153,gemeinde,510,77,88
12064172,gemeinde,831,134,182
12064190,gemeinde,1370,180,269
12064205,gemeinde,693,98,132
12064222,gemeinde,1022,135,227
12064227,gemeinde,18109,2285,3927
12064266,gemeinde,2464,364,520
12064268,gemeinde,3100,465,676
12064274,gemeinde,3887,599,959
12064288,gemeinde,681,74,112
12064290,gemeinde,1319,199,249
12064303,gemeinde,608,87,118
12064317,gemeinde,6924,899,1499
12064336,gemeinde,19151,2186,4181
12064340,gemeinde,2592,344,609
12064349,gemeinde,934,150,232
12064365,gemeinde,1382,169,305
12064370,gemeinde,1960,225,323
12064371,gemeinde,1599,213,331
12064380,gemeinde,15419,1837,3328
12064388,gemeinde,853,114,160
12064393,gemeinde,1069,143,196
12064408,gemeinde,5326,664,1047
12064417,gemeinde,544,76,112
12064420,gemeinde,451,57,85
12064428,gemeinde,15435,1949,3339
12064448,gemeinde,5255,672,1318
12064472,gemeinde,26902,2959,6381
12064480,gemeinde,361,53,91
12064482,gemeinde,1483,200,309
12064484,gemeinde,871,120,184
12064512,gemeinde,7117,905,1696
12064538,gemeinde,645,95,137
12064539,gemeinde,1268,194,296
12065036,gemeinde,7946,876,1597
12065084,gemeinde,5820,751,1665
12065096,gemeinde,12246,1208,2471
12065100,gemeinde,5875,753,1332
12065117,gemeinde,757,125,168
12065136,gemeinde,26679,2730,6471
12065144,gemeinde,26551,2769,5888
12065165,gemeinde,7526,1033,1431
12065180,gemeinde,6752,750,1295
12065193,gemeinde,4401,550,1022
12065198,gemeinde,8469,1138,1710
12065225,gemeinde,15369,1660,2743
12065251,gemeinde,12102,1415,1942
12065256,gemeinde,47608,5096,9694
12065276,gemeinde,414,43,70
12065301,gemeinde,842,124,152
12065310,gemeinde,1128,164,327
12065332,gemeinde,12522,1435,2282
12065356,gemeinde,13090,1717,3156
12066008,gemeinde,2358,330,593
12066041,gemeinde,554,77,120
12066052,gemeinde,7772,1026,1944
12066064,gemeinde,691,92,136
12066104,gemeinde,1029,137,257
12066112,gemeinde,8507,1090,2259
12066116,gemeinde,531,83,122
12066120,gemeinde,523,67,122
12066124,gemeinde,748,111,148
12066132,gemeinde,995,116,223
12066168,gemeinde,721,95,155
12066176,gemeinde,14433,1955,4019
12066188,gemeinde,756,92,164
12066196,gemeinde,15764,1822,4407
12066202,gemeinde,774,100,166
12066226,gemeinde,578,71,149
12066228,gemeinde,1187,154,287
12066240,gemeinde,2060,270,536
12066272,gemeinde,3775,418,943
12066285,gemeinde,6824,801,1653
12066292,gemeinde,649,89,138
12066296,gemeinde,5697,681,1441
12066304,gemeinde,23777,2796,6566
12066316,gemeinde,763,123,195
12066320,gemeinde,7742,976,2054
12067024,gemeinde,6243,798,1699
12067036,gemeinde,7852,973,2065
12067040,gemeinde,1050,126,188
12067072,gemeinde,2929,376,594
12067076,gemeinde,2305,317,586
12067112,gemeinde,617,95,175
12067120,gemeinde,23608,3103,7250
12067124,gemeinde,11531,1358,3260
12067137,gemeinde,2970,432,685
12067144,gemeinde,31851,3148,6734
12067173,gemeinde,3200,374,619
12067180,gemeinde,1693,236,439
12067201,gemeinde,8886,1001,2143
12067205,gemeinde,491,85,102
12067237,gemeinde,1858,274,446
12067288,gemeinde,838,129,195
12067292,gemeinde,572,118,125
12067324,gemeinde,924,173,230
12067336,gemeinde,4548,630,1316
12067338,gemeinde,1623,242,374
12067357,gemeinde,4275,589,1005
12067397,gemeinde,529,88,94
12067408,gemeinde,2001,241,411
12067413,gemeinde,1243,155,250
12067426,gemeinde,4090,541,896
12067438,gemeinde,1782,255,449
12067440,gemeinde,12992,1404,3083
12067458,gemeinde,1493,247,380
12067469,gemeinde,3467,424,826
12067473,gemeinde,4459,580,795
12067481,gemeinde,9074,1108,2211
12067493,gemeinde,3739,490,877
12067508,gemeinde,745,143,153
12067520,gemeinde,1603,232,454
12067528,gemeinde,1252,168,315
12067544,gemeinde,8433,962,1870
12067552,gemeinde,1472,204,345
12068052,gemeinde,889,114,219
12068072,gemeinde,634,72,130
12068109,gemeinde,1137,146,292
12068117,gemeinde,8971,1249,1765
12068181,gemeinde,4343,601,921
12068188,gemeinde,653,81,159
12068264,gemeinde,9175,1163,2474
12068280,gemeinde,3001,394,737
12068306,gemeinde,1230,164,225
12068320,gemeinde,31421,3666,7576
12068324,gemeinde,3412,419,777
12068353,gemeinde,7727,1032,2181
12068372,gemeinde,459,87,131
12068409,gemeinde,697,118,167
12068413,gemeinde,483,69,88
12068417,gemeinde,575,89,145
12068425,gemeinde,785,106,159
12068426,gemeinde,1466,190,290
12068437,gemeinde,506,57,122
12068452,gemeinde,822,132,140
12068468,gemeinde,13991,2173,3313
12068477,gemeinde,5727,812,1335
12068501,gemeinde,895,139,169
12069017,gemeinde,12892,1683,2411
12069018,gemeinde,2658,351,587
12069019,gemeinde,743,96,157
12069020,gemeinde,10996,1370,2615
12069028,gemeinde,1260,196,235
12069052,gemeinde,2164,286,528
12069056,gemeinde,1894,193,263
12069076,gemeinde,4126,508,754
12069089,gemeinde,497,79,91
12069216,gemeinde,1382,157,311
12069224,gemeinde,1202,169,286
12069232,gemeinde,485,80,183
12069249,gemeinde,8734,1094,1667
12069270,gemeinde,3230,432,712
12069304,gemeinde,19602,2105,4238
12069306,gemeinde,11015,1465,2507
12069345,gemeinde,905,128,139
12069397,gemeinde,13554,1380,2463
12069402,gemeinde,912,147,197
12069448,gemeinde,2014,269,496
12069454,gemeinde,9155,1097,1968
12069460,gemeinde,523,74,144
12069470,gemeinde,994,139,214
12069474,gemeinde,894,129,211
12069485,gemeinde,837,131,206
12069537,gemeinde,863,110,186
12069541,gemeinde,1191,159,239
12069590,gemeinde,10707,1199,2535
12069596,gemeinde,4522,505,855
12069604,gemeinde,15850,1653,2735
12069616,gemeinde,27212,2522,5054
12069632,gemeinde,7640,966,1937
12069648,gemeinde,546,74,119
12069656,gemeinde,26938,3125,5714
12069665,gemeinde,4192,614,1082
12069680,gemeinde,831,106,196
12069688,gemeinde,2960,352,693
12069696,gemeinde,2416,301,573
12070008,gemeinde,2546,399,771
12070028,gemeinde,720,112,166
12070052,gemeinde,1516,181,319
12070060,gemeinde,720,100,173
12070096,gemeinde,465,60,120
12070125,gemeinde,3793,581,819
12070145,gemeinde,457,77,109
12070149,gemeinde,3380,474,805
12070153,gemeinde,524,85,100
12070173,gemeinde,5962,914,1385
12070222,gemeinde,377,74,75
12070236,gemeinde,702,102,173
12070241,gemeinde,622,89,162
12070244,gemeinde,2034,311,597
12070246,gemeinde,446,68,113
12070266,gemeinde,735,129,168
12070280,gemeinde,2092,260,510
12070296,gemeinde,12134,1439,2903
12070300,gemeinde,430,55,92
12070302,gemeinde,3282,468,760
12070316,gemeinde,11995,1495,3013
12070325,gemeinde,2620,373,573
12070348,gemeinde,484,86,129
12070393,gemeinde,484,65,91
12070416,gemeinde,992,126,235
12070424,gemeinde,16829,1912,5235
12071028,gemeinde,784,103,177
12071032,gemeinde,4177,526,1071
12071041,gemeinde,976,163,165
12071044,gemeinde,3111,398,981
12071052,gemeinde,762,103,166
12071057,gemeinde,5424,745,1243
12071060,gemeinde,506,77,145
12071074,gemeinde,1840,288,474
12071076,gemeinde,17388,2303,4737
12071153,gemeinde,841,146,183
12071160,gemeinde,16237,2087,5264
12071164,gemeinde,504,93,117
12071176,gemeinde,591,100,112
12071189,gemeinde,442,80,98
12071193,gemeinde,1589,222,351
12071244,gemeinde,9224,1265,2143
12071294,gemeinde,1566,198,374
12071301,gemeinde,4869,743,1101
12071304,gemeinde,4266,633,1027
12071337,gemeinde,3441,588,836
12071341,gemeinde,802,133,134
12071372,gemeinde,21378,2934,5578
12071384,gemeinde,715,86,169
12071386,gemeinde,1079,195,236
12071392,gemeinde,1197,157,278
12071401,gemeinde,1117,170,218
12071408,gemeinde,3246,413,942
12071412,gemeinde,1741,235,357
12071414,gemeinde,1317,185,289
12072002,gemeinde,6939,939,1474
12072014,gemeinde,4197,572,907
12072017,gemeinde,28970,2904,4876
12072053,gemeinde,4929,680,1401
12072055,gemeinde,459,69,94
12072120,gemeinde,9289,915,1237
12072157,gemeinde,654,81,180
12072169,gemeinde,12722,1505,3211
12072232,gemeinde,20600,2258,4918
12072240,gemeinde,27667,2592,5488
12072297,gemeinde,6212,828,1343
12072298,gemeinde,3041,490,781
12072312,gemeinde,6359,872,1230
12072340,gemeinde,11624,1187,2165
12072426,gemeinde,9706,1088,2002
12072477,gemeinde,20192,1999,3743
12073008,gemeinde,14244,1851,3418
12073069,gemeinde,3022,496,693
12073085,gemeinde,1772,242,473
12073093,gemeinde,583,74,79
12073097,gemeinde,1799,272,349
12073157,gemeinde,537,72,114
12073189,gemeinde,2361,318,543
12073201,gemeinde,1543,197,350
12073216,gemeinde,789,124,158
12073225,gemeinde,1743,242,438
12073261,gemeinde,945,151,149
12073309,gemeinde,681,110,143
12073384,gemeinde,3167,481,919
12073393,gemeinde,755,96,145
12073396,gemeinde,1432,213,375
12073404,gemeinde,408,54,86
12073429,gemeinde,4154,660,897
12073430,gemeinde,1631,264,439
12073440,gemeinde,891,99,179
12073452,gemeinde,18847,2339,4899
12073458,gemeinde,911,134,189
12073490,gemeinde,648,104,127
12073520,gemeinde,580,97,92
12073532,gemeinde,33578,4173,10032
12073565,gemeinde,752,100,129
12073569,gemeinde,504,103,134
12073572,gemeinde,15593,2226,4065
12073578,gemeinde,1000,154,223
12073579,gemeinde,2514,406,509
12073645,gemeinde,525,78,120
13003000,gemeinde,203470,19333,46611
13004000,gemeinde,96447,9949,23378
13071001,gemeinde,528,66,181
13071002,gemeinde,299,41,49
13071003,gemeinde,336,52,65
13071004,gemeinde,5108,758,1311
13071005,gemeinde,509,89,116
13071006,gemeinde,419,59,97
13071007,gemeinde,684,117,151
13071008,gemeinde,483,66,82
13071009,gemeinde,122,21,26
13071010,gemeinde,742,116,138
13071011,gemeinde,1547,240,294
13071012,gemeinde,793,108,168
13071013,gemeinde,619,114,117
13071014,gemeinde,743,90,156
13071015,gemeinde,175,19,37
13071016,gemeinde,495,65,96
13071017,gemeinde,124,20,31
13071018,gemeinde,330,66,59
13071019,gemeinde,1052,134,211
13071020,gemeinde,125,18,38
13071021,gemeinde,5142,693,1064
13071022,gemeinde,896,137,207
13071023,gemeinde,425,45,91
13071025,gemeinde,862,140,190
13071026,gemeinde,851,138,144
13071027,gemeinde,4174,618,1063
13071028,gemeinde,849,130,159
13071029,gemeinde,9651,1330,2749
13071032,gemeinde,606,76,130
13071033,gemeinde,4370,639,1177
13071034,gemeinde,496,75,90
13071035,gemeinde,6060,898,1541
13071036,gemeinde,902,128,205
13071037,gemeinde,1090,172,228
13071039,gemeinde,1019,162,213
13071041,gemeinde,295,45,83
13071042,gemeinde,234,36,54
13071043,gemeinde,521,64,94
13071044,gemeinde,261,38,62
13071045,gemeinde,305,35,58
13071047,gemeinde,1316,174,247
13071048,gemeinde,251,40,48
13071049,gemeinde,366,40,72
13071050,gemeinde,224,38,38
13071053,gemeinde,94,16,16
13071054,gemeinde,984,153,173
13071055,gemeinde,1149,180,263
13071056,gemeinde,1038,154,181
13071057,gemeinde,652,107,112
13071058,gemeinde,307,35,63
13071059,gemeinde,518,70,88
13071060,gemeinde,399,63,83
13071063,gemeinde,564,93,114
13071064,gemeinde,102,19,24
13071065,gemeinde,454,64,94
13071066,gemeinde,444,84,94
13071067,gemeinde,750,130,151
13071068,gemeinde,780,126,149
13071069,gemeinde,615,92,141
13071070,gemeinde,967,109,164
13071071,gemeinde,646,87,127
13071072,gemeinde,199,40,48
13071073,gemeinde,128,21,39
13071074,gemeinde,277,40,57
13071075,gemeinde,633,92,133
13071076,gemeinde,660,107,147
13071077,gemeinde,1066,143,270
13071078,gemeinde,333,47,68
13071079,gemeinde,527,85,103
13071080,gemeinde,557,74,132
13071081,gemeinde,290,39,60
13071083,gemeinde,149,28,37
13071084,gemeinde,571,89,144
13071087,gemeinde,477,80,99
13071088,gemeinde,442,70,97
13071089,gemeinde,200,45,38
13071090,gemeinde,1162,151,194
13071092,gemeinde,6864,902,2077
13071093,gemeinde,6081,845,1602
13071096,gemeinde,224,48,56
13071097,gemeinde,321,58,73
13071099,gemeinde,3842,545,1087
13071100,gemeinde,739,99,108
13071101,gemeinde,1491,198,257
13071102,gemeinde,536,70,91
13071103,gemeinde,849,137,148
13071104,gemeinde,359,53,57
13071105,gemeinde,217,20,38
13071107,gemeinde,59794,7036,15406
13071108,gemeinde,1118,186,278
13071109,gemeinde,1671,241,455
13071110,gemeinde,20062,2380,5316
13071111,gemeinde,1027,180,221
13071112,gemeinde,625,107,92
13071113,gemeinde,574,69,120
13071114,gemeinde,275,45,35
13071115,gemeinde,4090,546,922
13071117,gemeinde,573,62,74
13071118,gemeinde,336,37,85
13071119,gemeinde,316,37,103
13071120,gemeinde,236,32,38
13071122,gemeinde,1851,296,556
13071123,gemeinde,370,55,77
13071124,gemeinde,4810,590,1435
13071125,gemeinde,261,42,42
13071127,gemeinde,968,136,194
13071128,gemeinde,693,116,139
13071130,gemeinde,463,62,91
13071131,gemeinde,378,42,74
13071132,gemeinde,229,38,61
13071133,gemeinde,340,65,71
13071135,gemeinde,548,85,119
13071136,gemeinde,442,80,81
13071137,gemeinde,580,81,99
13071138,gemeinde,309,48,73
13071139,gemeinde,236,35,39
13071140,gemeinde,751,123,140
13071141,gemeinde,366,61,87
13071142,gemeinde,4861,781,1270
13071143,gemeinde,240,43,67
13071144,gemeinde,420,55,69
13071145,gemeinde,899,179,190
13071146,gemeinde,538,82,109
13071147,gemeinde,688,123,162
13071148,gemeinde,435,45,88
13071150,gemeinde,394,61,117
13071153,gemeinde,97,28,12
13071154,gemeinde,390,69,76
13071155,gemeinde,432,58,82
13071156,gemeinde,20481,2424,5741
13071157,gemeinde,355,49,69
13071158,gemeinde,527,98,101
13071159,gemeinde,3053,412,878
13071160,gemeinde,464,74,80
13071161,gemeinde,507,98,107
13071162,gemeinde,582,95,152
13071163,gemeinde,555,72,117
13071164,gemeinde,4063,600,1030
13071166,gemeinde,1509,234,350
13071167,gemeinde,767,128,188
13071169,gemeinde,265,35,65
13071170,gemeinde,348,53,58
13071171,gemeinde,204,34,75
13071172,gemeinde,1015,127,178
13071173,gemeinde,558,79,78
13071174,gemeinde,836,108,130
13071175,gemeinde,894,153,197
13071176,gemeinde,789,129,182
13072001,gemeinde,2929,346,638
13072002,gemeinde,515,66,98
13072003,gemeinde,384,56,86
13072004,gemeinde,789,96,131
13072005,gemeinde,535,81,130
13072006,gemeinde,13012,1366,3346
13072007,gemeinde,1311,188,229
13072008,gemeinde,1118,167,189
13072009,gemeinde,836,112,145
13072010,gemeinde,939,145,167
13072011,gemeinde,409,54,76
13072012,gemeinde,3477,444,580
13072013,gemeinde,1542,214,256
13072014,gemeinde,1318,195,222
13072015,gemeinde,1078,149,157
13072017,gemeinde,1643,228,395
13072018,gemeinde,669,66,76
13072019,gemeinde,3761,565,690
13072020,gemeinde,7549,968,2205
13072021,gemeinde,787,108,113
13072022,gemeinde,1330,188,206
13072023,gemeinde,472,67,114
13072024,gemeinde,250,35,56
13072026,gemeinde,478,61,98
13072027,gemeinde,643,90,100
13072028,gemeinde,194,33,32
13072029,gemeinde,7399,939,1305
13072030,gemeinde,4236,541,1358
13072031,gemeinde,329,49,50
13072032,gemeinde,1768,257,299
13072033,gemeinde,428,52,53
13072034,gemeinde,274,32,34
13072035,gemeinde,2723,387,778
13072036,gemeinde,4054,585,1601
13072037,gemeinde,161,28,34
13072038,gemeinde,593,68,122
13072039,gemeinde,311,48,36
13072040,gemeinde,992,124,205
13072041,gemeinde,791,101,169
13072042,gemeinde,1520,211,322
13072043,gemeinde,28623,3379,7254
13072044,gemeinde,977,144,176
13072045,gemeinde,357,69,53
13072046,gemeinde,529,64,98
13072047,gemeinde,786,91,144
13072048,gemeinde,612,83,145
13072049,gemeinde,1007,146,157
13072050,gemeinde,1130,149,186
13072051,gemeinde,349,42,62
13072053,gemeinde,828,95,161
13072055,gemeinde,239,37,50
13072056,gemeinde,3407,471,992
13072057,gemeinde,3924,396,595
13072058,gemeinde,4830,588,1057
13072059,gemeinde,707,112,137
13072060,gemeinde,8010,1049,2679
13072061,gemeinde,314,27,63
13072062,gemeinde,6224,759,1319
13072063,gemeinde,3512,481,672
13072064,gemeinde,2881,389,796
13072066,gemeinde,418,78,67
13072067,gemeinde,801,124,184
13072069,gemeinde,962,129,185
13072071,gemeinde,628,73,94
13072072,gemeinde,1294,174,191
13072073,gemeinde,1115,168,218
13072074,gemeinde,3959,568,901
13072075,gemeinde,2213,259,562
13072076,gemeinde,173,19,32
13072077,gemeinde,2551,309,366
13072078,gemeinde,140,17,25
13072079,gemeinde,757,124,144
13072080,gemeinde,963,117,157
13072081,gemeinde,728,135,117
13072082,gemeinde,757,97,107
13072083,gemeinde,973,99,153
13072084,gemeinde,381,54,82
13072085,gemeinde,2153,280,664
13072086,gemeinde,999,144,178
13072087,gemeinde,2740,438,608
13072088,gemeinde,2590,345,485
13072089,gemeinde,616,82,123
13072090,gemeinde,362,46,49
13072091,gemeinde,6326,749,1247
13072092,gemeinde,473,80,85
13072093,gemeinde,6142,719,1078
13072094,gemeinde,439,63,92
13072095,gemeinde,4945,620,1270
13072096,gemeinde,418,68,84
13072097,gemeinde,504,45,65
13072098,gemeinde,1359,207,238
13072099,gemeinde,565,68,118
13072101,gemeinde,682,85,149
13072102,gemeinde,166,16,27
13072103,gemeinde,492,55,82
13072104,gemeinde,1097,153,201
13072105,gemeinde,4032,500,947
13072106,gemeinde,8131,989,2265
13072107,gemeinde,458,70,73
13072108,gemeinde,661,59,83
13072109,gemeinde,385,62,74
13072110,gemeinde,367,52,52
13072111,gemeinde,888,130,185
13072112,gemeinde,1315,147,188
13072113,gemeinde,318,51,71
13072114,gemeinde,911,143,202
13072116,gemeinde,819,90,121
13072117,gemeinde,864,102,186
13072118,gemeinde,460,50,66
13072119,gemeinde,667,119,112
13072120,gemeinde,449,56,60
13072121,gemeinde,1450,162,202
13073001,gemeinde,2107,292,368
13073002,gemeinde,611,60,217
13073003,gemeinde,1262,208,253
13073004,gemeinde,883,145,212
13073005,gemeinde,953,114,147
13073006,gemeinde,920,136,222
13073007,gemeinde,1671,232,417
13073009,gemeinde,7876,1070,2035
13073010,gemeinde,13646,1791,3223
13073011,gemeinde,4967,745,1583
13073012,gemeinde,1073,145,317
13073013,gemeinde,587,93,169
13073014,gemeinde,235,28,39
13073015,gemeinde,1039,141,217
13073016,gemeinde,460,54,88
13073017,gemeinde,1492,184,483
13073018,gemeinde,509,65,96
13073019,gemeinde,1060,199,295
13073020,gemeinde,210,30,39
13073021,gemeinde,746,123,109
13073022,gemeinde,701,89,124
13073023,gemeinde,671,94,101
13073024,gemeinde,1248,155,322
13073025,gemeinde,822,131,228
13073027,gemeinde,2196,351,512
13073028,gemeinde,1206,173,354
13073029,gemeinde,545,85,82
13073030,gemeinde,923,170,277
13073031,gemeinde,1212,160,322
13073032,gemeinde,526,79,101
13073033,gemeinde,524,76,114
13073034,gemeinde,630,102,111
13073035,gemeinde,9060,1167,2734
13073036,gemeinde,304,51,62
13073037,gemeinde,786,98,125
13073038,gemeinde,607,89,128
13073039,gemeinde,120,16,12
13073040,gemeinde,942,139,273
13073041,gemeinde,460,68,86
13073042,gemeinde,227,38,43
13073043,gemeinde,517,80,85
13073044,gemeinde,672,100,115
13073045,gemeinde,393,58,60
13073046,gemeinde,1899,248,293
13073048,gemeinde,479,66,99
13073049,gemeinde,238,37,66
13073050,gemeinde,619,96,125
13073051,gemeinde,605,88,131
13073052,gemeinde,471,80,119
13073053,gemeinde,558,58,132
13073054,gemeinde,803,167,147
13073055,gemeinde,4554,613,976
13073057,gemeinde,309,40,53
13073059,gemeinde,274,45,59
13073060,gemeinde,2385,339,388
13073061,gemeinde,887,122,118
13073062,gemeinde,528,69,91
13073063,gemeinde,740,107,127
13073064,gemeinde,438,44,80
13073065,gemeinde,949,136,192
13073066,gemeinde,1119,162,167
13073067,gemeinde,1290,177,440
13073068,gemeinde,2145,244,551
13073069,gemeinde,758,111,183
13073070,gemeinde,4469,649,1193
13073071,gemeinde,180,36,40
13073072,gemeinde,244,33,50
13073073,gemeinde,922,134,155
13073074,gemeinde,307,41,57
13073075,gemeinde,15095,1901,4273
13073076,gemeinde,1277,181,286
13073077,gemeinde,1488,223,364
13073078,gemeinde,2347,375,506
13073079,gemeinde,1988,257,416
13073080,gemeinde,9010,1212,2803
13073081,gemeinde,421,65,110
13073082,gemeinde,276,46,53
13073083,gemeinde,890,139,158
13073084,gemeinde,2501,316,618
13073085,gemeinde,647,115,124
13073086,gemeinde,450,65,87
13073087,gemeinde,2536,366,725
13073088,gemeinde,53996,5775,13738
13073089,gemeinde,3920,595,660
13073090,gemeinde,5157,722,1017
13073092,gemeinde,657,110,145
13073093,gemeinde,2531,344,637
13073094,gemeinde,1186,157,277
13073095,gemeinde,574,114,139
13073096,gemeinde,1497,231,318
13073097,gemeinde,228,34,45
13073098,gemeinde,506,64,82
13073099,gemeinde,867,181,166
13073100,gemeinde,707,92,196
13073101,gemeinde,988,137,311
13073102,gemeinde,1086,139,194
13073103,gemeinde,1134,201,391
13073104,gemeinde,1123,161,210
13073105,gemeinde,2929,359,1008
13073106,gemeinde,658,95,139
13073107,gemeinde,1302,208,320
13074001,gemeinde,1149,165,243
13074002,gemeinde,3755,441,855
13074003,gemeinde,575,95,127
13074004,gemeinde,644,67,165
13074005,gemeinde,367,46,61
13074006,gemeinde,377,74,134
13074007,gemeinde,1236,163,175
13074008,gemeinde,2486,317,482
13074009,gemeinde,498,84,81
13074010,gemeinde,2456,328,817
13074012,gemeinde,1872,265,400
13074013,gemeinde,1195,149,211
13074014,gemeinde,515,63,131
13074015,gemeinde,537,66,119
13074016,gemeinde,1294,212,234
13074017,gemeinde,4030,509,892
13074018,gemeinde,190,19,36
13074019,gemeinde,3165,359,647
13074020,gemeinde,723,129,136
13074021,gemeinde,5076,624,1320
13074022,gemeinde,2456,362,551
13074023,gemeinde,805,108,133
13074024,gemeinde,751,87,190
13074025,gemeinde,645,103,120
13074026,gemeinde,10354,1188,2835
13074027,gemeinde,155,12,24
13074028,gemeinde,396,62,59
13074030,gemeinde,552,86,120
13074031,gemeinde,673,77,156
13074032,gemeinde,1177,159,229
13074033,gemeinde,416,58,44
13074034,gemeinde,1268,148,206
13074035,gemeinde,2523,377,743
13074036,gemeinde,506,60,90
13074037,gemeinde,1729,260,316
13074038,gemeinde,1095,131,165
13074039,gemeinde,3078,376,803
13074040,gemeinde,343,50,48
13074042,gemeinde,949,91,186
13074043,gemeinde,884,128,140
13074044,gemeinde,584,70,95
13074046,gemeinde,231,31,42
13074047,gemeinde,1585,210,310
13074048,gemeinde,1443,228,358
13074049,gemeinde,5161,486,691
13074050,gemeinde,1543,190,317
13074052,gemeinde,241,31,34
13074053,gemeinde,476,70,81
13074054,gemeinde,940,124,152
13074056,gemeinde,2184,288,449
13074057,gemeinde,3999,500,953
13074060,gemeinde,202,29,26
13074061,gemeinde,377,51,64
13074062,gemeinde,526,73,145
13074064,gemeinde,690,100,124
13074065,gemeinde,3536,349,741
13074066,gemeinde,357,58,55
13074067,gemeinde,243,32,46
13074068,gemeinde,992,110,175
13074069,gemeinde,474,63,67
13074070,gemeinde,190,30,39
13074071,gemeinde,518,81,75
13074072,gemeinde,718,68,122
13074073,gemeinde,1231,153,149
13074074,gemeinde,4415,479,889
13074075,gemeinde,927,136,251
13074076,gemeinde,3077,257,395
13074077,gemeinde,623,77,105
13074078,gemeinde,185,23,21
13074079,gemeinde,1617,209,250
13074080,gemeinde,419,59,52
13074081,gemeinde,649,76,176
13074082,gemeinde,735,88,145
13074084,gemeinde,3147,452,856
13074085,gemeinde,628,97,99
13074087,gemeinde,42764,4670,10734
13074088,gemeinde,529,65,123
13074089,gemeinde,782,117,173
13074090,gemeinde,1288,206,248
13074091,gemeinde,304,38,53
13074092,gemeinde,695,77,124
13074093,gemeinde,1784,234,297
13074094,gemeinde,599,76,86
13075001,gemeinde,610,99,147
13075002,gemeinde,384,62,78
13075003,gemeinde,422,78,151
13075004,gemeinde,382,69,84
13075005,gemeinde,11864,1669,3428
13075006,gemeinde,573,71,81
13075007,gemeinde,278,48,55
13075008,gemeinde,836,99,149
13075009,gemeinde,829,97,148
13075010,gemeinde,1074,149,224
13075011,gemeinde,316,42,58
13075012,gemeinde,560,81,144
13075013,gemeinde,244,37,34
13075015,gemeinde,633,121,151
13075016,gemeinde,584,90,116
13075017,gemeinde,191,19,52
13075018,gemeinde,672,88,116
13075020,gemeinde,237,40,70
13075021,gemeinde,201,28,47
13075022,gemeinde,435,89,90
13075023,gemeinde,335,34,81
13075025,gemeinde,369,45,55
13075026,gemeinde,552,99,105
13075027,gemeinde,1127,125,175
13075029,gemeinde,2268,344,584
13075031,gemeinde,4769,758,1177
13075032,gemeinde,269,48,47
13075033,gemeinde,2604,386,751
13075034,gemeinde,279,38,54
13075035,gemeinde,155,31,36
13075036,gemeinde,885,103,163
13075037,gemeinde,407,55,116
13075038,gemeinde,864,121,191
13075039,gemeinde,55617,5060,11380
13075040,gemeinde,134,23,20
13075041,gemeinde,1217,153,237
13075042,gemeinde,184,24,34
13075043,gemeinde,378,62,89
13075044,gemeinde,3027,392,641
13075045,gemeinde,459,69,93
13075046,gemeinde,878,113,201
13075048,gemeinde,389,71,83
13075049,gemeinde,5991,852,1839
13075050,gemeinde,910,108,160
13075051,gemeinde,330,36,70
13075053,gemeinde,174,29,28
13075054,gemeinde,2874,398,752
13075055,gemeinde,2186,344,521
13075056,gemeinde,234,40,82
13075058,gemeinde,2865,410,1021
13075059,gemeinde,597,73,144
13075060,gemeinde,1144,162,218
13075061,gemeinde,652,91,112
13075063,gemeinde,190,36,32
13075065,gemeinde,581,91,93
13075066,gemeinde,1584,211,519
13075067,gemeinde,621,90,136
13075068,gemeinde,671,102,151
13075069,gemeinde,1813,268,495
13075070,gemeinde,666,99,125
13075071,gemeinde,474,87,83
13075072,gemeinde,215,40,58
13075073,gemeinde,158,22,39
13075074,gemeinde,1268,244,323
13075075,gemeinde,609,109,135
13075076,gemeinde,405,58,58
13075078,gemeinde,776,139,172
13075079,gemeinde,3238,426,814
13075080,gemeinde,933,125,270
13075081,gemeinde,786,145,170
13075082,gemeinde,4267,614,1027
13075083,gemeinde,2122,314,786
13075084,gemeinde,341,60,94
13075085,gemeinde,555,81,142
13075087,gemeinde,408,60,89
13075088,gemeinde,492,88,98
13075089,gemeinde,408,69,93
13075090,gemeinde,428,67,109
13075091,gemeinde,1060,178,216
13075092,gemeinde,696,100,150
13075093,gemeinde,768,107,242
13075094,gemeinde,822,146,171
13075095,gemeinde,348,43,48
13075097,gemeinde,568,84,103
13075098,gemeinde,446,87,92
13075101,gemeinde,216,37,37
13075102,gemeinde,2382,341,492
13075103,gemeinde,155,26,32
13075104,gemeinde,196,27,54
13075105,gemeinde,9714,1283,2663
13075106,gemeinde,331,54,69
13075107,gemeinde,1841,235,465
13075108,gemeinde,288,40,66
13075109,gemeinde,241,41,57
13075110,gemeinde,302,52,65
13075111,gemeinde,460,54,78
13075113,gemeinde,678,87,89
13075114,gemeinde,528,77,184
13075115,gemeinde,872,145,183
13075116,gemeinde,168,23,20
13075117,gemeinde,453,66,85
13075118,gemeinde,295,57,55
13075119,gemeinde,597,87,121
13075120,gemeinde,791,116,139
13075121,gemeinde,600,92,131
13075122,gemeinde,364,58,67
13075123,gemeinde,802,105,120
13075124,gemeinde,400,56,91
13075125,gemeinde,273,40,37
13075126,gemeinde,412,75,78
13075127,gemeinde,1061,167,235
13075128,gemeinde,283,61,62
13075129,gemeinde,341,52,93
13075130,gemeinde,4359,657,1227
13075131,gemeinde,8896,1217,2102
13075133,gemeinde,765,113,245
13075134,gemeinde,996,143,324
13075135,gemeinde,1000,124,267
13075136,gemeinde,8794,1295,2382
13075137,gemeinde,1492,209,405
13075138,gemeinde,961,141,204
13075139,gemeinde,347,47,106
13075140,gemeinde,522,55,117
13075141,gemeinde,1506,186,243
13075142,gemeinde,2097,308,442
13075143,gemeinde,734,116,159
13075144,gemeinde,10838,1383,2758
13075145,gemeinde,246,28,34
13075146,gemeinde,1098,187,236
13075147,gemeinde,620,92,111
13075148,gemeinde,930,117,317
13075149,gemeinde,464,58,82
13075150,gemeinde,428,63,96
13075151,gemeinde,3715,506,1245
13075152,gemeinde,577,118,97
13075154,gemeinde,1278,178,298
13075155,gemeinde,819,98,169
13075156,gemeinde,1778,197,358
13076001,gemeinde,749,96,208
13076002,gemeinde,352,53,72
13076003,gemeinde,316,44,63
13076004,gemeinde,492,59,99
13076005,gemeinde,2710,394,570
13076006,gemeinde,581,75,104
13076007,gemeinde,471,60,90
13076008,gemeinde,220,40,44
13076009,gemeinde,500,54,78
13076010,gemeinde,443,65,85
13076011,gemeinde,388,75,81
13076012,gemeinde,429,66,87
13076013,gemeinde,255,29,46
13076014,gemeinde,11009,1211,2400
13076015,gemeinde,427,69,86
13076016,gemeinde,690,79,127
13076017,gemeinde,507,76,88
13076018,gemeinde,187,36,48
13076019,gemeinde,287,36,55
13076020,gemeinde,2573,361,636
13076021,gemeinde,297,47,51
13076023,gemeinde,321,41,63
13076024,gemeinde,606,70,115
13076025,gemeinde,4618,606,1218
13076026,gemeinde,1332,202,382
13076027,gemeinde,286,41,55
13076029,gemeinde,822,136,160
13076030,gemeinde,457,54,88
13076032,gemeinde,1110,184,290
13076033,gemeinde,1970,238,305
13076034,gemeinde,2930,408,765
13076035,gemeinde,1314,171,218
13076036,gemeinde,1564,193,299
13076037,gemeinde,1167,207,290
13076038,gemeinde,870,111,137
13076039,gemeinde,568,76,66
13076040,gemeinde,442,63,125
13076041,gemeinde,470,53,58
13076044,gemeinde,362,60,76
13076046,gemeinde,532,88,160
13076048,gemeinde,3275,537,911
13076049,gemeinde,457,64,115
13076050,gemeinde,5436,730,1442
13076051,gemeinde,386,56,98
13076053,gemeinde,546,92,103
13076054,gemeinde,630,84,111
13076055,gemeinde,773,90,119
13076056,gemeinde,389,51,70
13076057,gemeinde,165,19,29
13076058,gemeinde,933,131,216
13076060,gemeinde,11855,1285,2451
13076062,gemeinde,358,62,71
13076063,gemeinde,912,110,122
13076064,gemeinde,569,71,90
13076065,gemeinde,155,20,18
13076067,gemeinde,223,34,57
13076068,gemeinde,532,69,108
13076069,gemeinde,608,83,114
13076070,gemeinde,641,100,109
13076071,gemeinde,1360,184,217
13076072,gemeinde,409,61,79
13076073,gemeinde,655,82,124
13076075,gemeinde,354,68,69
13076076,gemeinde,245,32,58
13076077,gemeinde,468,83,88
13076078,gemeinde,776,100,173
13076079,gemeinde,720,130,124
13076080,gemeinde,485,68,117
13076082,gemeinde,2198,309,554
13076085,gemeinde,1367,213,283
13076086,gemeinde,676,104,135
13076087,gemeinde,555,85,111
13076088,gemeinde,4639,543,1100
13076089,gemeinde,5958,848,1635
13076090,gemeinde,11845,1413,2935
13076092,gemeinde,811,73,112
13076093,gemeinde,403,73,101
13076094,gemeinde,1115,157,273
13076096,gemeinde,722,111,164
13076097,gemeinde,353,55,74
13076098,gemeinde,191,31,41
13076099,gemeinde,484,78,86
13076100,gemeinde,273,42,55
13076101,gemeinde,348,43,90
13076102,gemeinde,739,99,130
13076103,gemeinde,1928,235,490
13076104,gemeinde,504,95,101
13076105,gemeinde,6668,738,1555
13076106,gemeinde,764,52,75
13076107,gemeinde,3013,402,705
13076108,gemeinde,17814,2120,4610
13076109,gemeinde,700,116,129
13076110,gemeinde,408,53,72
13076111,gemeinde,618,94,123
13076112,gemeinde,2005,283,680
13076113,gemeinde,3230,484,801
13076114,gemeinde,5981,863,1709
13076115,gemeinde,695,113,182
13076116,gemeinde,431,53,80
13076117,gemeinde,1079,149,286
13076118,gemeinde,1850,247,336
13076119,gemeinde,545,70,124
13076120,gemeinde,791,118,131
13076121,gemeinde,250,29,49
13076122,gemeinde,702,95,126
13076125,gemeinde,848,129,193
13076126,gemeinde,1192,181,247
13076128,gemeinde,3866,526,1144
13076129,gemeinde,320,50,72
13076130,gemeinde,1337,183,230
13076131,gemeinde,310,38,45
13076133,gemeinde,1472,212,261
13076134,gemeinde,839,114,171
13076135,gemeinde,710,106,107
13076136,gemeinde,865,101,124
13076138,gemeinde,375,45,66
13076140,gemeinde,867,138,170
13076141,gemeinde,478,58,76
13076142,gemeinde,2732,381,462
13076143,gemeinde,1291,183,319
13076145,gemeinde,451,47,55
13076146,gemeinde,494,56,95
13076147,gemeinde,675,98,100
13076148,gemeinde,373,66,86
13076151,gemeinde,334,58,65
13076152,gemeinde,6210,637,1234
13076153,gemeinde,2902,359,481
13076154,gemeinde,2432,422,701
13076155,gemeinde,452,72,88
13076156,gemeinde,904,132,161
13076158,gemeinde,436,50,73
13076159,gemeinde,5299,576,966
13076160,gemeinde,628,100,111
13076161,gemeinde,391,63,82
13076162,gemeinde,732,109,158
13076163,gemeinde,143,26,35
13076164,gemeinde,783,120,182
13076165,gemeinde,528,53,101
13076166,gemeinde,1384,215,303
13076167,gemeinde,555,82,94
13076168,gemeinde,1744,247,365
13076169,gemeinde,880,138,149
14511000,gemeinde,240078,21981,62117
14521010,gemeinde,3694,417,886
14521020,gemeinde,18942,2166,5103
14521035,gemeinde,19278,2169,5535
14521040,gemeinde,2321,227,709
14521060,gemeinde,2196,240,641
14521080,gemeinde,2148,248,626
14521090,gemeinde,957,101,223
14521110,gemeinde,4943,647,1476
14521120,gemeinde,6022,652,1499
14521130,gemeinde,3938,464,1038
14521140,gemeinde,868,118,251
14521150,gemeinde,4922,590,1161
14521160,gemeinde,4442,490,1290
14521170,gemeinde,6986,886,1958
14521180,gemeinde,2745,327,708
14521200,gemeinde,4144,463,1075
14521210,gemeinde,3298,379,948
14521220,gemeinde,3716,435,959
14521230,gemeinde,1970,206,483
14521240,gemeinde,2751,323,707
14521250,gemeinde,3326,395,748
14521260,gemeinde,5617,616,1499
14521270,gemeinde,3178,337,835
14521280,gemeinde,768,81,176
14521290,gemeinde,3362,388,881
14521310,gemeinde,5362,647,1403
14521320,gemeinde,3696,518,1185
14521330,gemeinde,2553,334,651
14521340,gemeinde,2135,222,480
14521355,gemeinde,8425,955,2205
14521370,gemeinde,7781,1026,2078
14521380,gemeinde,7566,822,2253
14521390,gemeinde,16439,1991,4327
14521400,gemeinde,3417,421,792
14521410,gemeinde,6879,750,1866
14521420,gemeinde,1281,141,332
14521430,gemeinde,2548,300,684
14521440,gemeinde,1992,291,606
14521450,gemeinde,11097,1198,2818
14521460,gemeinde,10345,1293,3003
14521495,gemeinde,7398,860,2016
14521500,gemeinde,4825,596,1496
14521510,gemeinde,1983,231,468
14521520,gemeinde,2291,254,599
14521530,gemeinde,13420,1590,3791
14521540,gemeinde,4149,486,1357
14521550,gemeinde,15917,1904,4693
14521560,gemeinde,6158,666,1663
14521570,gemeinde,1917,220,588
14521590,gemeinde,11321,1277,3107
14521600,gemeinde,3123,383,863
14521610,gemeinde,1041,116,232
14521620,gemeinde,6010,722,1799
14521630,gemeinde,3108,334,818
14521640,gemeinde,4835,535,1238
14521670,gemeinde,3815,445,1004
14521690,gemeinde,8811,1061,2654
14521700,gemeinde,5108,632,1532
14521710,gemeinde,11596,1388,3118
14522010,gemeinde,1823,224,422
14522020,gemeinde,4495,557,1271
14522035,gemeinde,5658,634,1194
14522050,gemeinde,9029,1152,2503
14522060,gemeinde,10468,1129,3006
14522070,gemeinde,2984,361,686
14522080,gemeinde,23488,2614,5975
14522090,gemeinde,1469,180,342
14522110,gemeinde,3927,500,1064
14522120,gemeinde,3178,370,788
14522140,gemeinde,10332,1361,3054
14522150,gemeinde,13576,1598,3474
14522170,gemeinde,2694,343,715
14522180,gemeinde,40103,3566,10294
14522190,gemeinde,4108,475,1163
14522200,gemeinde,2411,289,632
14522210,gemeinde,5351,669,1186
14522220,gemeinde,2634,310,642
14522230,gemeinde,8339,913,2146
14522240,gemeinde,5023,586,1141
14522250,gemeinde,6719,816,2088
14522260,gemeinde,4379,501,1248
14522280,gemeinde,1379,186,310
14522290,gemeinde,2576,286,592
14522300,gemeinde,1993,274,510
14522310,gemeinde,8224,910,2234
14522320,gemeinde,3232,383,737
14522330,gemeinde,7050,840,1721
14522340,gemeinde,2616,305,692
14522350,gemeinde,3985,541,1111
14522360,gemeinde,13967,1476,4043
14522380,gemeinde,2098,229,471
14522390,gemeinde,2423,264,607
14522400,gemeinde,2496,335,721
14522420,gemeinde,4751,534,1283
14522430,gemeinde,3276,353,677
14522440,gemeinde,7714,868,1969
14522450,gemeinde,3427,482,793
14522460,gemeinde,8343,992,2474
14522470,gemeinde,1771,257,475
14522480,gemeinde,2817,334,542
14522490,gemeinde,5511,655,1745
14522500,gemeinde,3320,377,741
14522510,gemeinde,7244,833,1942
14522520,gemeinde,1696,211,507
14522530,gemeinde,1630,250,393
14522540,gemeinde,4551,543,1005
14522550,gemeinde,2303,264,576
14522570,gemeinde,9033,976,2266
14522580,gemeinde,1763,208,430
14522590,gemeinde,2391,272,563
14522600,gemeinde,656,96,168
14522620,gemeinde,1288,187,251
14523010,gemeinde,4686,573,1398
14523020,gemeinde,17732,2172,5124
14523030,gemeinde,1646,238,497
14523040,gemeinde,3545,435,1235
14523050,gemeinde,922,112,262
14523060,gemeinde,1090,117,276
14523080,gemeinde,1104,147,254
14523090,gemeinde,2498,270,652
14523100,gemeinde,3731,482,1118
14523120,gemeinde,7619,873,2263
14523130,gemeinde,1678,201,498
14523150,gemeinde,1917,219,494
14523160,gemeinde,7577,981,2591
14523170,gemeinde,6887,830,1833
14523190,gemeinde,1392,165,366
14523200,gemeinde,7221,879,1943
14523230,gemeinde,1233,162,286
14523245,gemeinde,2903,402,872
14523260,gemeinde,3720,360,1184
14523270,gemeinde,2039,280,504
14523280,gemeinde,2942,331,748
14523290,gemeinde,932,132,248
14523300,gemeinde,10306,1241,2796
14523310,gemeinde,4751,638,1315
14523320,gemeinde,64674,6835,16926
14523330,gemeinde,2460,318,637
14523340,gemeinde,20001,2290,5780
14523360,gemeinde,6167,734,1792
14523365,gemeinde,4009,564,1055
14523370,gemeinde,2952,348,814
14523380,gemeinde,2725,343,750
14523410,gemeinde,1003,133,222
14523420,gemeinde,1363,188,328
14523430,gemeinde,7684,877,2063
14523440,gemeinde,1150,145,289
14523450,gemeinde,5718,659,1484
14523460,gemeinde,1482,186,349
14524010,gemeinde,2140,287,525
14524020,gemeinde,4795,555,1125
14524030,gemeinde,18718,2089,4934
14524040,gemeinde,1809,227,475
14524050,gemeinde,1293,187,266
14524060,gemeinde,4939,613,1417
14524070,gemeinde,3793,468,1056
14524080,gemeinde,21821,2550,6051
14524090,gemeinde,4482,493,1107
14524100,gemeinde,1350,155,296
14524110,gemeinde,1082,150,244
14524120,gemeinde,14168,1581,4284
14524130,gemeinde,7916,1011,2162
14524140,gemeinde,3452,409,833
14524150,gemeinde,2411,229,595
14524160,gemeinde,11148,1189,3232
14524170,gemeinde,6117,679,1723
14524180,gemeinde,23708,2373,6252
14524190,gemeinde,13897,1557,3950
14524200,gemeinde,10778,1346,2887
14524210,gemeinde,3798,447,1004
14524220,gemeinde,2221,265,562
14524230,gemeinde,5736,771,1553
14524240,gemeinde,1015,117,227
14524250,gemeinde,7164,817,1888
14524260,gemeinde,1642,218,395
14524270,gemeinde,866,102,188
14524280,gemeinde,3177,394,693
14524290,gemeinde,3981,506,1009
14524300,gemeinde,20668,2351,5471
14524310,gemeinde,3525,431,870
14524320,gemeinde,9619,1001,2729
14524330,gemeinde,87020,9139,23190
14612000,gemeinde,557782,41873,111862
14625010,gemeinde,4790,561,939
14625020,gemeinde,38084,4233,10182
14625030,gemeinde,6281,744,1694
14625040,gemeinde,10762,1307,3073
14625060,gemeinde,2586,311,533
14625080,gemeinde,1035,116,254
14625090,gemeinde,4551,547,1309
14625100,gemeinde,2638,316,685
14625110,gemeinde,4243,529,844
14625120,gemeinde,3346,517,736
14625130,gemeinde,2683,355,582
14625140,gemeinde,911,124,176
14625150,gemeinde,2975,387,671
14625160,gemeinde,4098,487,1043
14625170,gemeinde,2934,348,581
14625180,gemeinde,927,103,210
14625190,gemeinde,2731,322,665
14625200,gemeinde,9417,1035,2171
14625220,gemeinde,3910,520,973
14625230,gemeinde,2222,271,493
14625240,gemeinde,31064,3772,10452
14625250,gemeinde,17282,1981,4163
14625270,gemeinde,4635,488,1068
14625280,gemeinde,3466,452,805
14625290,gemeinde,2442,301,581
14625300,gemeinde,1842,214,400
14625310,gemeinde,7961,1026,2186
14625320,gemeinde,1609,180,356
14625330,gemeinde,5145,733,1372
14625340,gemeinde,4757,602,1042
14625350,gemeinde,1201,137,195
14625360,gemeinde,2420,308,563
14625370,gemeinde,1602,234,297
14625380,gemeinde,4762,531,1227
14625390,gemeinde,2093,273,466
14625410,gemeinde,2470,251,552
14625420,gemeinde,2222,260,482
14625430,gemeinde,10055,1103,2182
14625440,gemeinde,2089,192,435
14625450,gemeinde,7328,761,1815
14625460,gemeinde,774,102,155
14625470,gemeinde,1143,136,211
14625480,gemeinde,18724,1908,4467
14625490,gemeinde,3146,414,666
14625500,gemeinde,1727,164,273
14625510,gemeinde,1334,136,304
14625525,gemeinde,6102,756,1605
14625530,gemeinde,2969,385,744
14625550,gemeinde,2444,335,570
14625560,gemeinde,6450,823,1653
14625570,gemeinde,1773,283,439
14625580,gemeinde,1656,192,380
14625590,gemeinde,2666,356,757
14625600,gemeinde,4218,502,840
14625610,gemeinde,3056,342,679
14625630,gemeinde,4741,617,1419
14625640,gemeinde,5676,651,1161
14626010,gemeinde,3623,392,961
14626020,gemeinde,1089,151,280
14626030,gemeinde,3181,429,860
14626050,gemeinde,2020,263,558
14626060,gemeinde,4253,612,1190
14626070,gemeinde,865,107,262
14626085,gemeinde,11201,1393,3651
14626100,gemeinde,1565,282,426
14626110,gemeinde,54664,5564,14441
14626120,gemeinde,1055,153,234
14626140,gemeinde,5234,677,1636
14626150,gemeinde,1262,176,268
14626160,gemeinde,1202,160,249
14626170,gemeinde,1524,172,406
14626180,gemeinde,5776,727,1423
14626190,gemeinde,1836,236,431
14626200,gemeinde,1554,203,401
14626210,gemeinde,1482,204,501
14626230,gemeinde,2297,290,479
14626240,gemeinde,1137,145,240
14626245,gemeinde,7061,894,2071
14626250,gemeinde,3265,422,884
14626260,gemeinde,847,125,215
14626270,gemeinde,1789,225,464
14626280,gemeinde,3456,405,978
14626290,gemeinde,14639,1692,3889
14626300,gemeinde,3774,471,824
14626310,gemeinde,3506,539,998
14626320,gemeinde,947,136,221
14626330,gemeinde,1622,218,388
14626350,gemeinde,3173,393,852
14626370,gemeinde,9094,1192,2722
14626390,gemeinde,4764,578,1447
14626400,gemeinde,4503,604,1448
14626410,gemeinde,2253,288,651
14626420,gemeinde,2219,277,628
14626430,gemeinde,1309,157,435
14626440,gemeinde,1220,160,351
14626450,gemeinde,4704,571,1156
14626460,gemeinde,2459,314,649
14626470,gemeinde,1538,167,323
14626480,gemeinde,4167,624,1096
14626490,gemeinde,2496,311,671
14626500,gemeinde,1460,176,347
14626510,gemeinde,1073,141,252
14626520,gemeinde,2338,312,504
14626530,gemeinde,3606,480,1122
14626560,gemeinde,769,88,158
14626570,gemeinde,1664,230,377
14626580,gemeinde,2345,289,486
14626590,gemeinde,1201,204,321
14626600,gemeinde,15348,2229,4642
14626610,gemeinde,25585,2690,7178
14627010,gemeinde,20369,2130,6196
14627020,gemeinde,3234,454,746
14627030,gemeinde,4382,537,894
14627040,gemeinde,1972,206,458
14627050,gemeinde,6927,923,1891
14627060,gemeinde,18300,2189,4531
14627070,gemeinde,1948,279,408
14627080,gemeinde,2767,361,495
14627100,gemeinde,10351,1195,1846
14627110,gemeinde,2531,363,490
14627130,gemeinde,4802,565,1327
14627140,gemeinde,28487,2928,7194
14627150,gemeinde,8318,868,1962
14627170,gemeinde,4077,457,828
14627180,gemeinde,10581,1227,2566
14627190,gemeinde,5413,696,1553
14627200,gemeinde,3133,362,629
14627210,gemeinde,33497,3316,8114
14627220,gemeinde,7325,888,1779
14627230,gemeinde,29434,3254,9468
14627240,gemeinde,2551,347,719
14627250,gemeinde,1772,222,397
14627260,gemeinde,3097,411,684
14627270,gemeinde,3643,474,902
14627290,gemeinde,3719,508,713
14627310,gemeinde,10697,1047,2598
14627340,gemeinde,1615,193,382
14627360,gemeinde,5472,726,1330
14628010,gemeinde,7579,874,2022
14628020,gemeinde,5427,591,1471
14628030,gemeinde,3419,437,1097
14628040,gemeinde,2131,262,420
14628050,gemeinde,11170,1169,2613
14628060,gemeinde,13927,1532,3664
14628070,gemeinde,2010,201,443
14628080,gemeinde,6005,696,1414
14628090,gemeinde,1085,124,275
14628100,gemeinde,4317,508,938
14628110,gemeinde,39355,3933,9754
14628130,gemeinde,6564,716,1671
14628140,gemeinde,1777,186,528
14628150,gemeinde,1044,142,265
14628160,gemeinde,16753,1601,4039
14628170,gemeinde,748,95,191
14628190,gemeinde,3205,403,835
14628205,gemeinde,6651,762,1500
14628210,gemeinde,2089,224,547
14628220,gemeinde,4569,479,1046
14628230,gemeinde,1233,133,316
14628240,gemeinde,3077,333,846
14628250,gemeinde,1848,237,385
14628260,gemeinde,11848,1369,3693
14628270,gemeinde,39411,3906,10650
14628300,gemeinde,4295,470,1037
14628310,gemeinde,339,55,77
14628320,gemeinde,904,85,270
14628330,gemeinde,1302,168,374
14628340,gemeinde,1576,186,422
14628360,gemeinde,9412,1130,2691
14628370,gemeinde,1547,167,374
14628380,gemeinde,5472,610,1209
14628390,gemeinde,2434,315,540
14628400,gemeinde,5160,550,1181
14628410,gemeinde,14519,1418,2770
14713000,gemeinde,598899,43124,108806
14729010,gemeinde,8040,928,2087
14729020,gemeinde,3452,439,649
14729030,gemeinde,5150,663,1219
14729040,gemeinde,6731,790,1557
14729050,gemeinde,18998,2140,5062
14729060,gemeinde,8243,896,1737
14729070,gemeinde,9785,1153,2176
14729080,gemeinde,8278,1051,2264
14729100,gemeinde,1277,157,251
14729140,gemeinde,12371,1525,3051
14729150,gemeinde,6938,800,1802
14729160,gemeinde,27639,3275,6867
14729170,gemeinde,7495,842,2012
14729190,gemeinde,5551,644,1197
14729220,gemeinde,4927,556,1237
14729245,gemeinde,6103,847,1407
14729250,gemeinde,6638,777,1370
14729260,gemeinde,25581,2430,6181
14729270,gemeinde,16182,1877,3748
14729300,gemeinde,8763,958,1998
14729320,gemeinde,6995,816,1703
14729330,gemeinde,1356,141,268
14729340,gemeinde,3541,414,763
14729350,gemeinde,6517,766,1499
14729360,gemeinde,3825,456,1035
14729370,gemeinde,6551,697,1307
14729380,gemeinde,3536,453,803
14729400,gemeinde,3753,440,996
14729410,gemeinde,15902,1670,4101
14729430,gemeinde,9072,900,2216
14730010,gemeinde,1849,295,408
14730020,gemeinde,7840,886,2165
14730030,gemeinde,4247,574,948
14730045,gemeinde,7558,972,1905
14730050,gemeinde,2173,305,515
14730060,gemeinde,4162,568,1106
14730070,gemeinde,25816,3110,6091
14730080,gemeinde,4015,500,841
14730090,gemeinde,2317,307,650
14730100,gemeinde,2092,297,450
14730110,gemeinde,16155,1792,3931
14730120,gemeinde,1396,203,327
14730140,gemeinde,3054,380,585
14730150,gemeinde,4122,461,755
14730160,gemeinde,3586,511,826
14730170,gemeinde,2917,400,664
14730180,gemeinde,2110,248,472
14730190,gemeinde,4963,611,1082
14730200,gemeinde,5638,749,1474
14730210,gemeinde,2190,284,469
14730230,gemeinde,14050,1617,3995
14730250,gemeinde,5427,587,981
14730270,gemeinde,19003,2055,4017
14730280,gemeinde,2607,303,479
14730300,gemeinde,15978,1581,3681
14730310,gemeinde,20096,2302,4887
14730320,gemeinde,1256,197,303
14730330,gemeinde,5169,639,1254
14730340,gemeinde,5502,673,999
14730360,gemeinde,2802,356,571
15001000,gemeinde,75938,8738,22454
15002000,gemeinde,226586,19028,51045
15003000,gemeinde,241517,21596,53599
15081026,gemeinde,1684,217,335
15081030,gemeinde,6486,821,1562
15081045,gemeinde,3017,401,686
15081095,gemeinde,1375,204,288
15081105,gemeinde,2165,298,482
15081135,gemeinde,22076,2927,4847
15081225,gemeinde,1543,188,318
15081240,gemeinde,7209,938,1664
15081280,gemeinde,9790,1264,2284
15081290,gemeinde,1046,142,203
15081440,gemeinde,1012,130,204
15081455,gemeinde,22915,2913,5463
15081545,gemeinde,841,115,169
15082005,gemeinde,7339,879,2060
15082015,gemeinde,36552,4542,10144
15082180,gemeinde,24166,2703,6386
15082241,gemeinde,11625,1533,3007
15082256,gemeinde,8121,1096,1795
15082301,gemeinde,8818,1100,2203
15082340,gemeinde,14129,1728,3745
15082377,gemeinde,13067,1751,3065
15082430,gemeinde,21173,2736,5189
15082440,gemeinde,9069,1140,2158
15083020,gemeinde,1022,125,267
15083025,gemeinde,2064,292,417
15083030,gemeinde,1961,260,434
15083035,gemeinde,1581,213,332
15083040,gemeinde,9124,1127,2055
15083060,gemeinde,791,70,164
15083115,gemeinde,858,108,181
15083120,gemeinde,1477,200,379
15083125,gemeinde,3241,465,724
15083130,gemeinde,3322,435,783
15083190,gemeinde,3626,428,887
15083205,gemeinde,2724,376,550
15083230,gemeinde,2719,359,615
15083245,gemeinde,3386,403,811
15083270,gemeinde,19169,2354,4531
15083275,gemeinde,1710,147,307
15083298,gemeinde,18798,2210,3332
15083320,gemeinde,3485,456,830
15083323,gemeinde,1304,172,284
15083355,gemeinde,1378,164,277
15083361,gemeinde,935,125,192
15083390,gemeinde,6910,909,1418
15083411,gemeinde,13070,1486,2770
15083415,gemeinde,18307,2380,4609
15083440,gemeinde,2177,278,477
15083485,gemeinde,1327,162,318
15083490,gemeinde,8658,1074,1839
15083505,gemeinde,926,110,184
15083515,gemeinde,1159,125,285
15083531,gemeinde,13978,1833,3117
15083535,gemeinde,1604,207,416
15083557,gemeinde,1657,228,342
15083565,gemeinde,12088,1419,2873
15083580,gemeinde,1875,260,448
15084012,gemeinde,1566,215,353
15084013,gemeinde,1008,151,191
15084015,gemeinde,2645,354,693
15084025,gemeinde,1060,129,244
15084115,gemeinde,1926,268,452
15084125,gemeinde,2261,318,508
15084130,gemeinde,7917,1010,2134
15084132,gemeinde,1192,165,285
15084133,gemeinde,1013,151,263
15084135,gemeinde,4438,587,1207
15084150,gemeinde,1155,157,277
15084170,gemeinde,1029,152,221
15084207,gemeinde,1715,217,382
15084235,gemeinde,9320,1290,2508
15084246,gemeinde,1701,214,390
15084250,gemeinde,1446,213,432
15084275,gemeinde,2350,288,645
15084282,gemeinde,1047,142,238
15084285,gemeinde,2730,346,754
15084315,gemeinde,8246,1044,1918
15084335,gemeinde,1589,233,309
15084341,gemeinde,1006,141,218
15084355,gemeinde,31864,3519,8570
15084360,gemeinde,2963,409,884
15084375,gemeinde,2375,334,588
15084442,gemeinde,896,113,192
15084445,gemeinde,1069,135,256
15084470,gemeinde,888,128,227
15084490,gemeinde,7889,1068,1814
15084550,gemeinde,38228,4147,9271
15084560,gemeinde,861,138,216
15084565,gemeinde,1720,206,442
15084590,gemeinde,27633,3432,8279
15085040,gemeinde,8611,1004,2279
15085055,gemeinde,19565,2392,5394
15085090,gemeinde,1457,178,332
15085110,gemeinde,5061,671,1343
15085125,gemeinde,855,95,185
15085135,gemeinde,36676,4317,9980
15085140,gemeinde,2120,295,451
15085145,gemeinde,7475,1112,2232
15085160,gemeinde,1298,182,322
15085185,gemeinde,6759,869,1627
15085190,gemeinde,9558,1038,2306
15085227,gemeinde,7743,972,1527
15085228,gemeinde,10031,1362,3000
15085230,gemeinde,11294,1456,2538
15085235,gemeinde,23309,2866,6365
15085285,gemeinde,2357,276,548
15085287,gemeinde,1334,198,319
15085330,gemeinde,17165,2193,4952
15085365,gemeinde,2472,339,633
15085370,gemeinde,32477,3690,8825
15086005,gemeinde,8488,1099,1859
15086015,gemeinde,22109,2593,5445
15086035,gemeinde,6420,853,1676
15086040,gemeinde,13624,1837,3700
15086055,gemeinde,10228,1381,2465
15086080,gemeinde,6677,987,1519
15086140,gemeinde,12743,1679,2910
15086145,gemeinde,8421,1076,1751
15087010,gemeinde,1548,209,365
15087015,gemeinde,7643,1032,1878
15087031,gemeinde,6294,886,1745
15087045,gemeinde,1953,231,581
15087055,gemeinde,1654,217,382
15087070,gemeinde,1136,169,305
15087075,gemeinde,792,103,202
15087101,gemeinde,967,129,240
15087125,gemeinde,958,125,245
15087130,gemeinde,22630,2713,5876
15087165,gemeinde,6829,934,1841
15087205,gemeinde,3750,466,1066
15087210,gemeinde,1482,180,453
15087220,gemeinde,13111,1679,3935
15087250,gemeinde,3294,407,901
15087260,gemeinde,2179,302,650
15087275,gemeinde,8369,1179,2489
15087370,gemeinde,25819,3186,7521
15087386,gemeinde,8568,1141,2285
15087412,gemeinde,9037,1210,2451
15087440,gemeinde,2412,321,675
15087470,gemeinde,1089,151,314
15088020,gemeinde,11305,1247,3102
15088025,gemeinde,8772,989,2036
15088030,gemeinde,947,101,270
15088065,gemeinde,10390,1260,2545
15088100,gemeinde,1445,191,343
15088150,gemeinde,8815,971,1740
15088195,gemeinde,14724,1758,2955
15088205,gemeinde,13898,1527,3056
15088216,gemeinde,9726,1236,2347
15088220,gemeinde,33302,3372,8055
15088235,gemeinde,8294,1039,1968
15088250,gemeinde,801,116,175
15088265,gemeinde,2181,274,525
15088295,gemeinde,9417,1231,2225
15088305,gemeinde,10118,1288,2710
15088319,gemeinde,11472,1457,2922
15088330,gemeinde,10943,1187,2311
15088340,gemeinde,1061,157,286
15088355,gemeinde,1068,160,239
15088365,gemeinde,13109,1717,3370
15089005,gemeinde,2670,278,655
15089015,gemeinde,26021,3107,6990
15089026,gemeinde,8022,1064,2013
15089030,gemeinde,31553,3682,8130
15089041,gemeinde,1795,190,385
15089042,gemeinde,7544,956,1599
15089043,gemeinde,2940,362,739
15089045,gemeinde,1168,166,252
15089055,gemeinde,8372,1067,2410
15089075,gemeinde,3134,389,894
15089130,gemeinde,940,127,221
15089165,gemeinde,3967,500,983
15089175,gemeinde,6691,841,1604
15089185,gemeinde,962,125,248
15089195,gemeinde,7990,1032,1866
15089235,gemeinde,5842,771,1523
15089245,gemeinde,1229,165,299
15089305,gemeinde,30429,3530,8115
15089307,gemeinde,7734,1010,1839
15089310,gemeinde,23818,2917,6394
15089365,gemeinde,1378,170,309
15090003,gemeinde,1313,175,283
15090007,gemeinde,1773,270,394
15090008,gemeinde,828,106,177
15090010,gemeinde,1437,190,421
15090070,gemeinde,7854,1097,1787
15090135,gemeinde,837,129,164
15090180,gemeinde,1394,166,290
15090220,gemeinde,899,145,155
15090225,gemeinde,6182,853,1727
15090245,gemeinde,1175,160,246
15090270,gemeinde,743,139,175
15090285,gemeinde,1208,199,311
15090310,gemeinde,1441,208,368
15090415,gemeinde,9435,1353,2402
15090435,gemeinde,982,163,176
15090445,gemeinde,806,125,223
15090485,gemeinde,1097,154,308
15090500,gemeinde,2142,296,500
15090520,gemeinde,4707,641,1252
15090535,gemeinde,37406,4353,8434
15090546,gemeinde,10336,1426,2643
15090550,gemeinde,10255,1280,2543
15090610,gemeinde,952,147,261
15090631,gemeinde,1209,163,264
15090635,gemeinde,839,120,181
15091010,gemeinde,6521,958,1642
15091020,gemeinde,8058,1094,2379
15091060,gemeinde,11319,1519,3078
15091110,gemeinde,11359,1593,3073
15091145,gemeinde,13910,1862,3259
15091160,gemeinde,9514,1289,2578
15091241,gemeinde,8063,982,2075
15091375,gemeinde,45010,5034,12324
15091391,gemeinde,9195,1166,2231
16051000,gemeinde,218200,20264,44745
16052000,gemeinde,93120,10747,24664
16053000,gemeinde,110369,8348,22483
16054000,gemeinde,35410,4279,10759
16055000,gemeinde,65494,5976,14195
16061001,gemeinde,995,94,173
16061002,gemeinde,101,11,23
16061003,gemeinde,1199,134,238
16061007,gemeinde,532,68,152
16061012,gemeinde,1080,126,195
16061014,gemeinde,238,32,37
16061015,gemeinde,1085,119,228
16061017,gemeinde,3156,366,802
16061018,gemeinde,872,104,173
16061019,gemeinde,469,70,119
16061021,gemeinde,217,27,33
16061023,gemeinde,81,12,8
16061024,gemeinde,128,21,16
16061026,gemeinde,686,96,137
16061027,gemeinde,1201,145,261
16061028,gemeinde,87,12,15
16061031,gemeinde,544,60,126
16061032,gemeinde,290,32,68
16061033,gemeinde,178,29,26
16061034,gemeinde,973,112,229
16061035,gemeinde,1053,133,232
16061036,gemeinde,582,79,115
16061037,gemeinde,1465,169,298
16061039,gemeinde,148,14,29
16061041,gemeinde,913,99,203
16061044,gemeinde,704,79,153
16061045,gemeinde,16586,1792,3882
16061047,gemeinde,722,80,144
16061048,gemeinde,574,59,89
16061049,gemeinde,1266,158,246
16061056,gemeinde,469,58,117
16061057,gemeinde,593,58,114
16061058,gemeinde,1305,155,306
16061062,gemeinde,186,21,40
16061063,gemeinde,1284,138,282
16061065,gemeinde,317,44,55
16061066,gemeinde,257,31,47
16061067,gemeinde,713,83,142
16061068,gemeinde,314,37,67
16061069,gemeinde,328,31,48
16061074,gemeinde,5417,643,1224
16061075,gemeinde,307,32,54
16061076,gemeinde,776,61,160
16061077,gemeinde,224,18,42
16061078,gemeinde,225,19,38
16061082,gemeinde,509,46,80
16061083,gemeinde,234,26,51
16061084,gemeinde,148,22,15
16061085,gemeinde,101,10,14
16061086,gemeinde,145,22,19
16061089,gemeinde,527,65,91
16061091,gemeinde,301,26,48
16061094,gemeinde,248,34,54
16061096,gemeinde,348,31,78
16061097,gemeinde,2707,263,551
16061098,gemeinde,239,31,56
16061101,gemeinde,444,65,111
16061102,gemeinde,294,41,68
16061103,gemeinde,369,51,64
16061105,gemeinde,231,28,44
16061107,gemeinde,1154,107,279
16061111,gemeinde,572,68,130
16061113,gemeinde,2162,241,527
16061114,gemeinde,2464,262,441
16061115,gemeinde,20066,2188,4819
16061116,gemeinde,3562,423,871
16061117,gemeinde,4343,595,993
16061118,gemeinde,6853,735,1613
16062005,gemeinde,5233,659,1252
16062008,gemeinde,1018,140,205
16062009,gemeinde,853,116,200
16062024,gemeinde,459,61,120
16062026,gemeinde,987,133,221
16062033,gemeinde,513,71,140
16062037,gemeinde,630,81,164
16062041,gemeinde,40732,4323,10227
16062049,gemeinde,2898,318,744
16062054,gemeinde,894,151,207
16062062,gemeinde,2026,303,449
16062063,gemeinde,3002,404,694
16062064,gemeinde,4668,560,1112
16062065,gemeinde,7449,906,2013
16062066,gemeinde,10053,1254,2640
16063003,gemeinde,22806,2707,5497
16063004,gemeinde,4350,573,1020
16063006,gemeinde,740,86,148
16063008,gemeinde,642,80,125
16063011,gemeinde,1155,137,248
16063015,gemeinde,7074,921,1706
16063023,gemeinde,532,66,119
16063028,gemeinde,317,33,81
16063032,gemeinde,4757,492,949
16063033,gemeinde,66,8,7
16063037,gemeinde,180,31,50
16063046,gemeinde,1557,225,281
16063049,gemeinde,658,82,123
16063051,gemeinde,1792,232,402
16063058,gemeinde,538,68,116
16063062,gemeinde,602,73,138
16063066,gemeinde,5258,660,1504
16063068,gemeinde,1019,136,175
16063071,gemeinde,1786,210,663
16063076,gemeinde,5935,797,1499
16063078,gemeinde,3322,433,789
16063082,gemeinde,5045,658,1201
16063084,gemeinde,815,100,226
16063086,gemeinde,739,106,155
16063092,gemeinde,6341,857,1432
16063097,gemeinde,9125,1138,2037
16063098,gemeinde,6077,731,1292
16063099,gemeinde,7768,953,2068
16063101,gemeinde,4890,614,1212
16063103,gemeinde,6171,797,1455
16063104,gemeinde,4686,638,1102
16063105,gemeinde,39931,4358,9676
16064003,gemeinde,16717,2024,4101
16064004,gemeinde,2405,272,606
16064005,gemeinde,811,99,161
16064007,gemeinde,168,29,29
16064009,gemeinde,274,33,70
16064014,gemeinde,2257,255,468
16064019,gemeinde,714,94,173
16064021,gemeinde,206,29,22
16064022,gemeinde,2833,351,503
16064027,gemeinde,158,24,32
16064032,gemeinde,795,85,193
16064033,gemeinde,770,117,158
16064037,gemeinde,1604,205,362
16064038,gemeinde,605,91,144
16064043,gemeinde,307,50,79
16064045,gemeinde,205,23,53
16064046,gemeinde,35337,4062,8672
16064053,gemeinde,302,37,69
16064055,gemeinde,1983,216,437
16064058,gemeinde,1312,142,269
16064061,gemeinde,361,52,62
16064062,gemeinde,137,13,34
16064064,gemeinde,380,49,79
16064071,gemeinde,2978,425,697
16064072,gemeinde,1904,254,469
16064073,gemeinde,3147,386,611
16064074,gemeinde,6423,786,1542
16064075,gemeinde,4253,554,1042
16064076,gemeinde,5119,599,1116
16064077,gemeinde,5604,649,1295
16065001,gemeinde,481,59,102
16065003,gemeinde,9781,1239,2367
16065005,gemeinde,163,29,40
16065008,gemeinde,284,53,70
16065012,gemeinde,1023,136,223
16065014,gemeinde,2621,321,615
16065016,gemeinde,261,38,63
16065018,gemeinde,196,37,41
16065019,gemeinde,606,90,134
16065032,gemeinde,2148,316,531
16065038,gemeinde,259,44,62
16065042,gemeinde,627,87,142
16065046,gemeinde,299,39,77
16065048,gemeinde,124,19,23
16065051,gemeinde,312,33,79
16065052,gemeinde,731,93,190
16065056,gemeinde,688,94,184
16065058,gemeinde,208,35,51
16065067,gemeinde,20971,2654,5548
16065074,gemeinde,547,76,102
16065075,gemeinde,287,45,63
16065077,gemeinde,378,46,96
16065079,gemeinde,360,55,82
16065085,gemeinde,3930,548,970
16065086,gemeinde,6490,814,1736
16065087,gemeinde,7125,941,2081
16065088,gemeinde,5915,727,1462
16065089,gemeinde,5741,776,1342
16066005,gemeinde,340,41,85
16066012,gemeinde,165,23,33
16066013,gemeinde,4513,586,1067
16066015,gemeinde,540,72,134
16066016,gemeinde,723,88,154
16066017,gemeinde,416,54,111
16066018,gemeinde,213,38,57
16066019,gemeinde,554,75,116
16066022,gemeinde,1957,265,465
16066023,gemeinde,5726,712,1420
16066024,gemeinde,1057,130,206
16066025,gemeinde,291,37,81
16066038,gemeinde,910,116,231
16066039,gemeinde,214,27,62
16066041,gemeinde,344,44,79
16066042,gemeinde,24133,2732,5962
16066045,gemeinde,505,71,107
16066047,gemeinde,1472,155,389
16066049,gemeinde,1203,138,233
16066052,gemeinde,493,59,121
16066056,gemeinde,780,105,159
16066057,gemeinde,327,30,73
16066058,gemeinde,923,138,204
16066059,gemeinde,659,87,155
16066061,gemeinde,565,80,139
16066063,gemeinde,18968,2205,4454
16066064,gemeinde,2239,346,550
16066065,gemeinde,1146,174,269
16066069,gemeinde,9394,1250,2585
16066073,gemeinde,829,97,150
16066074,gemeinde,5805,821,1576
16066076,gemeinde,1300,135,222
16066079,gemeinde,424,47,79
16066081,gemeinde,778,101,198
16066086,gemeinde,5444,691,1232
16066092,gemeinde,12323,1492,3536
16066093,gemeinde,2643,387,604
16066094,gemeinde,5616,770,1319
16066095,gemeinde,5593,747,1309
16067004,gemeinde,684,92,165
16067009,gemeinde,1614,186,296
16067011,gemeinde,1075,114,262
16067013,gemeinde,712,88,158
16067016,gemeinde,719,75,146
16067019,gemeinde,7437,913,2017
16067022,gemeinde,1013,127,247
16067026,gemeinde,834,108,159
16067029,gemeinde,45832,4768,10617
16067033,gemeinde,848,97,172
16067036,gemeinde,747,95,182
16067044,gemeinde,1178,168,282
16067047,gemeinde,1020,129,233
16067052,gemeinde,431,67,77
16067053,gemeinde,10074,1188,2388
16067055,gemeinde,384,60,78
16067059,gemeinde,813,85,144
16067063,gemeinde,1181,140,269
16067064,gemeinde,4025,484,1077
16067065,gemeinde,4542,459,1085
16067067,gemeinde,2816,336,460
16067068,gemeinde,300,44,61
16067071,gemeinde,743,71,124
16067072,gemeinde,13192,1515,3388
16067082,gemeinde,355,47,87
16067087,gemeinde,6100,720,1354
16067088,gemeinde,4701,583,1107
16067089,gemeinde,8102,998,1679
16067091,gemeinde,8156,1044,1715
16067092,gemeinde,7331,911,1596
16068001,gemeinde,736,80,97
16068002,gemeinde,609,94,109
16068005,gemeinde,230,27,45
16068007,gemeinde,593,55,121
16068009,gemeinde,2254,282,494
16068013,gemeinde,931,120,174
16068014,gemeinde,2126,247,463
16068015,gemeinde,235,40,55
16068017,gemeinde,225,35,36
16068019,gemeinde,621,88,149
16068021,gemeinde,1782,249,375
16068022,gemeinde,694,98,166
16068025,gemeinde,979,126,199
16068032,gemeinde,306,44,67
16068033,gemeinde,426,40,75
16068034,gemeinde,6350,739,1606
16068036,gemeinde,549,73,85
16068037,gemeinde,803,80,157
16068039,gemeinde,410,59,98
16068041,gemeinde,472,78,104
16068042,gemeinde,2356,282,506
16068043,gemeinde,239,29,47
16068044,gemeinde,990,131,205
16068045,gemeinde,476,51,117
16068048,gemeinde,1349,172,279
16068049,gemeinde,559,74,115
16068051,gemeinde,18355,2088,4938
16068052,gemeinde,809,87,135
16068053,gemeinde,1965,227,424
16068055,gemeinde,786,80,166
16068056,gemeinde,680,61,144
16068057,gemeinde,1767,194,434
16068058,gemeinde,3516,435,798
16068059,gemeinde,658,70,165
16068061,gemeinde,1055,128,247
16068062,gemeinde,637,100,159
16068063,gemeinde,6591,764,1391
16068064,gemeinde,3673,512,803
16069001,gemeinde,121,20,25
16069003,gemeinde,292,37,67
16069004,gemeinde,161,19,41
16069006,gemeinde,407,50,83
16069008,gemeinde,234,29,50
16069009,gemeinde,179,31,42
16069011,gemeinde,159,18,35
16069012,gemeinde,7350,861,1676
16069016,gemeinde,169,27,39
16069017,gemeinde,153,21,49
16069021,gemeinde,328,50,73
16069024,gemeinde,11684,1334,2575
16069025,gemeinde,274,44,57
16069026,gemeinde,392,41,123
16069028,gemeinde,413,67,89
16069035,gemeinde,329,43,89
16069037,gemeinde,772,133,167
16069041,gemeinde,147,23,26
16069042,gemeinde,2542,344,692
16069043,gemeinde,10583,1369,2725
16069044,gemeinde,261,34,70
16069046,gemeinde,167,28,26
16069047,gemeinde,249,28,53
16069049,gemeinde,2727,384,515
16069051,gemeinde,2759,321,704
16069052,gemeinde,455,66,80
16069053,gemeinde,2715,375,560
16069056,gemeinde,574,51,98
16069058,gemeinde,2819,389,615
16069061,gemeinde,2062,280,626
16069062,gemeinde,6596,864,1481
16069063,gemeinde,3338,483,654
16070001,gemeinde,307,32,66
16070004,gemeinde,27869,2864,6611
16070006,gemeinde,625,70,128
16070008,gemeinde,563,75,129
16070011,gemeinde,1200,126,278
16070012,gemeinde,890,124,168
16070013,gemeinde,564,84,104
16070028,gemeinde,8055,927,1693
16070029,gemeinde,38574,4065,9293
16070034,gemeinde,1171,159,279
16070041,gemeinde,523,74,80
16070043,gemeinde,1995,254,463
16070048,gemeinde,8321,1018,1900
16070054,gemeinde,633,62,132
16070057,gemeinde,8789,1088,2371
16070058,gemeinde,6085,762,1744
16071001,gemeinde,22606,2440,5556
16071003,gemeinde,7451,824,1828
16071004,gemeinde,7745,976,1758
16071005,gemeinde,282,55,63
16071008,gemeinde,6595,825,1424
16071009,gemeinde,190,30,36
16071013,gemeinde,224,33,42
16071015,gemeinde,210,31,44
16071017,gemeinde,740,73,186
16071019,gemeinde,162,19,32
16071022,gemeinde,643,75,140
16071025,gemeinde,1047,115,191
16071027,gemeinde,179,25,33
16071031,gemeinde,240,32,37
16071032,gemeinde,380,46,65
16071037,gemeinde,433,48,80
16071038,gemeinde,185,36,40
16071042,gemeinde,222,22,45
16071043,gemeinde,1294,143,254
16071046,gemeinde,3361,413,842
16071049,gemeinde,343,43,47
16071053,gemeinde,1971,209,382
16071055,gemeinde,264,34,48
16071056,gemeinde,1487,143,233
16071059,gemeinde,303,31,65
16071061,gemeinde,455,73,90
16071064,gemeinde,768,92,212
16071069,gemeinde,243,27,58
16071071,gemeinde,130,16,15
16071077,gemeinde,176,24,30
16071079,gemeinde,274,32,38
16071083,gemeinde,365,54,114
16071087,gemeinde,665,73,126
16071089,gemeinde,635,55,118
16071093,gemeinde,211,14,42
16071095,gemeinde,333,35,63
16071101,gemeinde,6298,762,1405
16071102,gemeinde,7080,906,1363
16071103,gemeinde,6501,847,1161
16072006,gemeinde,350,45,92
16072011,gemeinde,3176,428,969
16072013,gemeinde,8724,1142,2392
16072015,gemeinde,3256,426,774
16072018,gemeinde,23064,2726,5689
16072019,gemeinde,3647,439,1110
16072023,gemeinde,5615,724,1469
16072024,gemeinde,8419,1081,1992
16073001,gemeinde,329,43,72
16073002,gemeinde,212,35,35
16073005,gemeinde,6035,719,1749
16073006,gemeinde,150,38,35
16073013,gemeinde,598,97,145
16073014,gemeinde,332,43,86
16073017,gemeinde,218,35,48
16073028,gemeinde,1840,293,544
16073035,gemeinde,163,17,26
16073037,gemeinde,1235,147,415
16073038,gemeinde,2319,293,618
16073046,gemeinde,1569,207,390
16073055,gemeinde,397,63,86
16073067,gemeinde,2747,417,790
16073074,gemeinde,180,24,51
16073076,gemeinde,24684,3062,6872
16073077,gemeinde,29106,3397,7584
16073082,gemeinde,498,59,127
16073084,gemeinde,743,96,236
16073094,gemeinde,724,94,172
16073106,gemeinde,2010,278,542
16073107,gemeinde,606,97,122
16073109,gemeinde,5439,730,1302
16073111,gemeinde,8361,1091,1946
16073112,gemeinde,7166,958,2049
16073113,gemeinde,3445,458,1108
16074001,gemeinde,308,31,57
16074002,gemeinde,765,90,147
16074003,gemeinde,3444,389,1053
16074004,gemeinde,268,44,48
16074005,gemeinde,279,43,65
16074007,gemeinde,149,21,29
16074008,gemeinde,1201,135,243
16074009,gemeinde,3066,336,809
16074011,gemeinde,5417,652,1336
16074012,gemeinde,1576,209,432
16074016,gemeinde,365,63,81
16074017,gemeinde,330,52,86
16074018,gemeinde,10612,1230,2591
16074019,gemeinde,819,117,191
16074021,gemeinde,328,36,79
16074022,gemeinde,189,20,47
16074024,gemeinde,150,25,26
16074025,gemeinde,211,23,51
16074026,gemeinde,714,105,133
16074028,gemeinde,396,58,71
16074029,gemeinde,164,22,45
16074031,gemeinde,275,31,77
16074032,gemeinde,720,107,134
16074033,gemeinde,379,53,84
16074034,gemeinde,395,56,92
16074036,gemeinde,195,25,45
16074037,gemeinde,595,92,140
16074038,gemeinde,668,101,150
16074039,gemeinde,1765,253,376
16074041,gemeinde,8177,833,2296
16074042,gemeinde,621,55,206
16074043,gemeinde,154,22,23
16074044,gemeinde,6886,714,1796
16074045,gemeinde,116,4,18
16074046,gemeinde,39,3,12
16074047,gemeinde,182,20,58
16074048,gemeinde,340,54,79
16074049,gemeinde,535,73,94
16074051,gemeinde,679,91,147
16074052,gemeinde,232,22,68
16074053,gemeinde,442,52,113
16074054,gemeinde,149,13,38
16074055,gemeinde,143,11,25
16074056,gemeinde,89,17,23
16074057,gemeinde,719,84,152
16074058,gemeinde,110,20,20
16074059,gemeinde,551,58,92
16074061,gemeinde,83,11,8
16074063,gemeinde,681,75,127
16074064,gemeinde,229,46,55
16074065,gemeinde,1098,133,255
16074066,gemeinde,398,52,96
16074067,gemeinde,292,27,54
16074068,gemeinde,94,18,15
16074071,gemeinde,74,14,8
16074072,gemeinde,291,54,74
16074073,gemeinde,220,17,55
16074074,gemeinde,205,29,55
16074075,gemeinde,879,112,200
16074076,gemeinde,468,65,110
16074077,gemeinde,388,64,77
16074079,gemeinde,1166,132,328
16074081,gemeinde,345,37,85
16074082,gemeinde,61,5,17
16074084,gemeinde,415,45,95
16074085,gemeinde,923,110,177
16074086,gemeinde,537,68,76
16074087,gemeinde,298,39,64
16074089,gemeinde,202,30,53
16074091,gemeinde,696,107,155
16074092,gemeinde,628,79,146
16074093,gemeinde,1179,154,251
16074094,gemeinde,6622,790,1586
16074095,gemeinde,275,30,83
16074096,gemeinde,288,34,75
16074097,gemeinde,144,20,40
16074098,gemeinde,955,139,245
16074099,gemeinde,106,10,24
16074101,gemeinde,121,17,23
16074102,gemeinde,614,61,134
16074103,gemeinde,460,64,99
16074104,gemeinde,194,22,45
16074105,gemeinde,225,34,57
16074106,gemeinde,173,23,45
16074107,gemeinde,154,19,41
16074108,gemeinde,123,8,29
16074109,gemeinde,1143,153,266
16074112,gemeinde,211,26,46
16074113,gemeinde,185,26,31
16074114,gemeinde,994,110,140
16074116,gemeinde,2603,358,566
16075006,gemeinde,569,78,123
16075014,gemeinde,455,43,88
16075016,gemeinde,174,23,46
16075019,gemeinde,408,46,95
16075023,gemeinde,238,32,51
16075029,gemeinde,236,26,45
16075031,gemeinde,134,23,30
16075033,gemeinde,310,29,62
16075034,gemeinde,203,17,38
16075035,gemeinde,291,43,67
16075039,gemeinde,197,37,38
16075046,gemeinde,2083,246,474
16075047,gemeinde,74,15,15
16075048,gemeinde,201,29,54
16075051,gemeinde,387,61,81
16075054,gemeinde,1225,157,267
16075056,gemeinde,303,30,61
16075057,gemeinde,375,46,89
16075062,gemeinde,5606,703,1517
16075063,gemeinde,266,41,52
16075065,gemeinde,275,37,55
16075066,gemeinde,279,28,83
16075068,gemeinde,402,45,77
16075069,gemeinde,81,10,12
16075072,gemeinde,262,42,52
16075073,gemeinde,8935,1122,2228
16075074,gemeinde,336,29,67
16075075,gemeinde,159,23,33
16075076,gemeinde,804,101,155
16075077,gemeinde,1100,157,277
16075079,gemeinde,91,14,16
16075081,gemeinde,435,65,92
16075083,gemeinde,283,40,57
16075084,gemeinde,166,23,40
16075085,gemeinde,11832,1357,3128
16075087,gemeinde,67,5,10
16075088,gemeinde,1672,231,420
16075093,gemeinde,165,22,27
16075098,gemeinde,8494,983,2176
16075099,gemeinde,409,48,81
16075101,gemeinde,85,10,26
16075102,gemeinde,259,44,66
16075103,gemeinde,135,29,38
16075105,gemeinde,59,5,13
16075109,gemeinde,384,56,86
16075114,gemeinde,122,19,21
16075116,gemeinde,3688,429,930
16075119,gemeinde,251,28,68
16075121,gemeinde,392,61,81
16075124,gemeinde,587,94,135
16075125,gemeinde,208,40,45
16075127,gemeinde,640,106,189
16075129,gemeinde,2525,319,718
16075131,gemeinde,2430,280,539
16075132,gemeinde,3367,436,781
16075133,gemeinde,2903,386,734
16075134,gemeinde,3226,446,770
16075135,gemeinde,3331,444,850
16075136,gemeinde,3804,553,996
16076003,gemeinde,3378,515,1013
16076004,gemeinde,3217,419,831
16076006,gemeinde,220,25,40
16076007,gemeinde,466,76,82
16076008,gemeinde,918,167,196
16076009,gemeinde,618,70,158
16076012,gemeinde,627,68,137
16076014,gemeinde,269,39,81
16076017,gemeinde,324,39,78
16076019,gemeinde,117,21,26
16076022,gemeinde,19883,2424,6159
16076023,gemeinde,1193,149,249
16076026,gemeinde,340,67,75
16076027,gemeinde,196,18,63
16076028,gemeinde,105,13,21
16076029,gemeinde,1465,201,323
16076033,gemeinde,328,47,76
16076034,gemeinde,419,50,86
16076036,gemeinde,432,45,100
16076038,gemeinde,63,11,18
16076039,gemeinde,3952,504,1011
16076041,gemeinde,809,120,226
16076042,gemeinde,264,36,55
16076043,gemeinde,419,59,87
16076044,gemeinde,430,54,97
16076049,gemeinde,2930,356,795
16076055,gemeinde,413,43,85
16076058,gemeinde,1069,167,245
16076059,gemeinde,336,37,83
16076061,gemeinde,4957,613,1323
16076062,gemeinde,699,100,181
16076064,gemeinde,579,114,158
16076067,gemeinde,132,18,32
16076068,gemeinde,214,17,41
16076069,gemeinde,1201,152,334
16076074,gemeinde,95,12,10
16076079,gemeinde,8084,1032,2323
16076081,gemeinde,322,56,77
16076084,gemeinde,2718,370,730
16076086,gemeinde,720,94,162
16076087,gemeinde,15916,1999,4463
16076088,gemeinde,2754,429,717
16076089,gemeinde,3691,484,929
16076092,gemeinde,3342,492,903
16076093,gemeinde,4593,649,1207
16077001,gemeinde,30224,3458,9362
16077003,gemeinde,418,53,117
16077005,gemeinde,770,105,212
16077007,gemeinde,491,59,124
16077008,gemeinde,405,73,85
16077009,gemeinde,323,40,70
16077011,gemeinde,215,29,44
16077012,gemeinde,3385,384,994
16077015,gemeinde,805,92,193
16077016,gemeinde,197,29,45
16077017,gemeinde,107,13,35
16077018,gemeinde,321,38,58
16077022,gemeinde,996,128,255
16077023,gemeinde,1722,201,441
16077026,gemeinde,934,134,256
16077027,gemeinde,712,98,181
16077028,gemeinde,3555,466,1227
16077031,gemeinde,261,39,61
16077032,gemeinde,10121,1187,2956
16077034,gemeinde,389,60,90
16077036,gemeinde,7023,883,1793
16077039,gemeinde,1486,211,335
16077041,gemeinde,447,61,85
16077042,gemeinde,2733,307,747
16077043,gemeinde,13700,1707,3514
16077044,gemeinde,1773,254,451
16077047,gemeinde,519,70,133
16077048,gemeinde,1180,162,335
16077049,gemeinde,313,45,63
16077052,gemeinde,1862,245,505
01001,kreis,95015,7872,17089
01002,kreis,249132,20353,42751
01003,kreis,215958,19967,45423
01004,kreis,79625,7550,16328
01051,kreis,132810,14440,30233
01053,kreis,203381,20146,41188
01054,kreis,168489,17891,37496
01055,kreis,200936,22791,51132
01056,kreis,320275,30585,64377
01057,kreis,129634,14034,31418
01058,kreis,275744,28417,59329
01059,kreis,203169,21218,44767
01060,kreis,277323,26567,55360
01061,kreis,131002,13978,27314
01062,kreis,245049,23337,52090
02000,kreis,1808846,140136,294680
03101,kreis,252816,21920,48022
03102,kreis,104215,10111,21240
03103,kreis,127145,11690,25310
03151,kreis,174662,18654,32390
03153,kreis,127606,14140,32361
03154,kreis,90546,9873,19265
03155,kreis,126230,14512,29692
03157,kreis,136119,13496,26519
03158,kreis,117702,12553,25797
03159,kreis,325699,33355,68986
03241,kreis,1129158,103637,218415
03251,kreis,218256,22739,44705
03252,kreis,150288,16199,34587
03254,kreis,267027,27620,56810
03255,kreis,66159,7294,15901
03256,kreis,120611,13112,24323
03257,kreis,156414,16557,35504
03351,kreis,172308,17492,36845
03352,kreis,197983,21485,45886
03353,kreis,260929,25509,52855
03354,kreis,46637,5609,12018
03355,kreis,176629,16906,33016
03356,kreis,113025,11971,24381
03357,kreis,163496,16791,32177
03358,kreis,142771,14723,28909
03359,kreis,204623,19889,40280
03360,kreis,90540,10126,20911
03361,kreis,136680,13662,27930
03401,kreis,80845,7587,16059
03402,kreis,48920,4514,9586
03403,kreis,172759,15463,30299
03404,kreis,164898,13763,27931
03405,kreis,75366,7460,17734
03451,kreis,125961,12644,26974
03452,kreis,187515,20384,39894
03453,kreis,175408,16214,25891
03454,kreis,328946,32191,57175
03455,kreis,99652,10517,23868
03456,kreis,142150,13901,26596
03457,kreis,168710,17116,32970
03458,kreis,130329,13430,25644
03459,kreis,356158,36679,68069
03460,kreis,145112,13086,21727
03461,kreis,88613,9624,18985
03462,kreis,55649,6381,12696
04011,kreis,575071,49686,106274
04012,kreis,118133,11123,22512
05111,kreis,611258,50133,103829
05112,kreis,501415,46429,89640
05113,kreis,571039,53261,110470
05114,kreis,230666,22624,44688
05116,kreis,264089,26174,49710
05117,kreis,171435,17016,36422
05119,kreis,212127,21916,41749
05120,kreis,113743,11302,22002
05122,kreis,164621,16605,31677
05124,kreis,356768,33104,65764
05154,kreis,315361,32448,59486
05158,kreis,488128,49941,106059
05162,kreis,454412,45513,90444
05166,kreis,294485,32038,60342
05170,kreis,453093,50449,97088
05314,kreis,321544,26679,53118
05315,kreis,1017355,81015,160816
05316,kreis,166356,15690,31861
05334,kreis,577572,53413,105219
05358,kreis,275392,28756,52805
05362,kreis,471257,45883,91044
05366,kreis,197836,21763,38996
05370,kreis,258975,27886,49639
05374,kreis,272744,28800,52422
05378,kreis,282677,29671,59428
05382,kreis,600286,61579,118432
05512,kreis,117921,12858,24295
05513,kreis,264130,25104,46956
05515,kreis,303772,25000,48810
05554,kreis,374418,37164,64863
05558,kreis,222953,24107,43453
05562,kreis,618350,66253,127045
05566,kreis,443690,45006,80843
05570,kreis,279209,28674,53831
05711,kreis,330072,28651,58932
05754,kreis,359571,35277,64715
05758,kreis,254008,26263,50679
05762,kreis,138447,15516,29106
05766,kreis,348030,35940,71105
05770,kreis,319456,33282,62946
05774,kreis,313102,30549,52896
05911,kreis,354288,33983,70084
05913,kreis,598246,53479,108075
05914,kreis,189614,18219,36236
05915,kreis,179070,17032,33790
05916,kreis,155446,15070,30228
05954,kreis,314154,33495,68074
05958,kreis,260512,28199,52747
05962,kreis,409960,43123,82121
05966,kreis,132230,13658,24296
05970,kreis,273746,27626,53724
05974,kreis,298067,31397,58650
05978,kreis,393393,42084,81690
06411,kreis,161767,12474,24798
06412,kreis,743268,54140,104506
06413,kreis,129479,9980,18487
06414,kreis,284260,24058,50103
06431,kreis,271617,28516,55129
06432,kreis,299862,29827,57140
06433,kreis,264354,23452,46043
06434,kreis,238604,22162,49613
06435,kreis,412094,41022,81151
06436,kreis,237050,21337,45256
06437,kreis,94576,10415,20477
06438,kreis,351706,32613,67725
06439,kreis,185308,19255,39219
06440,kreis,307056,30484,59508
06531,kreis,264705,24859,47362
06532,kreis,251972,26179,50408
06533,kreis,173279,18219,34018
06534,kreis,240664,23317,43653
06535,kreis,101014,12225,22701
06611,kreis,195012,16958,34937
06631,kreis,219953,21733,42748
06632,kreis,118253,12635,26237
06633,kreis,229935,24580,52653
06634,kreis,178587,19623,37988
06635,kreis,154482,16991,32694
06636,kreis,98421,11244,22947
07111,kreis,112963,9839,22215
07131,kreis,127699,14048,28632
07132,kreis,131159,14018,26392
07133,kreis,163672,17830,34429
07134,kreis,82062,9469,17977
07135,kreis,61536,7045,13693
07137,kreis,215317,22891,43159
07138,kreis,186866,19931,37607
07140,kreis,105319,11811,21634
07141,kreis,124391,13731,26142
07143,kreis,206605,21736,39640
07211,kreis,102727,8902,17380
07231,kreis,112796,12353,23551
07232,kreis,98809,10548,18336
07233,kreis,59281,6963,13046
07235,kreis,147805,15534,28024
07311,kreis,47992,4715,9960
07312,kreis,99689,9497,18666
07313,kreis,47072,4476,8380
07314,kreis,172889,14905,29170
07315,kreis,220386,16915,35099
07316,kreis,52778,5889,11729
07317,kreis,38936,4264,8821
07318,kreis,49482,5199,10339
07319,kreis,84986,8271,15231
07320,kreis,33141,3624,7164
07331,kreis,129739,14379,24137
07332,kreis,133847,15565,29561
07333,kreis,74787,8681,14976
07334,kreis,130551,13743,23614
07335,kreis,105761,12033,20984
07336,kreis,69530,8542,15268
07337,kreis,112576,12732,23757
07338,kreis,155243,16721,32137
07339,kreis,205297,21715,39594
07340,kreis,90480,11141,21241
08111,kreis,610458,46254,99607
08115,kreis,389650,35335,70716
08116,kreis,529895,48666,99159
08117,kreis,255589,25100,50354
08118,kreis,528576,48506,95987
08119,kreis,435660,41957,83494
08121,kreis,128303,10619,21900
08125,kreis,348958,33808,61604
08126,kreis,114027,11558,20148
08127,kreis,197296,19787,34625
08128,kreis,132215,14229,27612
08135,kreis,133426,13165,26553
08136,kreis,314697,31284,59134
08211,kreis,55887,5734,13574
08212,kreis,305408,25253,52512
08215,kreis,451114,45584,87376
08216,kreis,230071,24359,45681
08221,kreis,153809,10785,22325
08222,kreis,313693,25961,51841
08225,kreis,144470,15815,28651
08226,kreis,554521,55370,108922
08231,kreis,133110,11572,23605
08235,kreis,159421,16504,30123
08236,kreis,197899,20387,38240
08237,kreis,120401,12421,22485
08311,kreis,233040,18171,35484
08315,kreis,268937,26954,54077
08316,kreis,166850,17120,32066
08317,kreis,437242,44656,83488
08325,kreis,138933,14085,26632
08326,kreis,210596,21216,42460
08327,kreis,142895,13593,25209
08335,kreis,287451,27151,55329
08336,kreis,233949,23546,43356
08337,kreis,170100,17415,32837
08415,kreis,289654,28194,54314
08416,kreis,229642,20829,37083
08417,kreis,191793,20073,38108
08421,kreis,127116,10077,21707
08425,kreis,198553,19146,34904
08426,kreis,203323,19653,34811
08435,kreis,218476,21434,46083
08436,kreis,285421,27410,52131
08437,kreis,131515,13556,24553
09161,kreis,136468,11387,22346
09162,kreis,1478638,104193,229449
09163,kreis,63284,5125,11574
09171,kreis,111881,11376,22080
09172,kreis,103867,9867,22367
09173,kreis,129131,12351,25074
09174,kreis,150689,13650,25569
09175,kreis,141747,12430,24262
09176,kreis,133409,12819,21597
09177,kreis,137644,12688,21469
09178,kreis,180064,15446,26110
09179,kreis,214553,18851,42512
09180,kreis,89200,8628,20323
09181,kreis,119086,11898,21963
09182,kreis,96154,9284,19825
09183,kreis,119652,11865,21474
09184,kreis,348611,28301,65589
09185,kreis,97166,9680,16962
09186,kreis,127528,12343,21103
09187,kreis,254051,25153,50152
09188,kreis,138325,12839,29341
09189,kreis,170443,17564,35468
09190,kreis,136598,13582,27105
09261,kreis,67880,5778,12648
09262,kreis,51907,4634,10329
09263,kreis,46167,4595,9154
09271,kreis,119231,12641,22308
09272,kreis,77917,9269,15730
09273,kreis,123830,12066,20992
09274,kreis,159168,15759,27191
09275,kreis,191740,21230,39370
09276,kreis,77243,8793,15940
09277,kreis,118818,12765,23367
09278,kreis,102067,10709,18241
09279,kreis,98561,10193,16792
09361,kreis,41876,4285,8894
09362,kreis,145901,11193,22956
09363,kreis,42047,4138,8778
09371,kreis,103243,11729,20038
09372,kreis,126660,13948,24981
09373,kreis,136136,13990,23784
09374,kreis,95187,10654,18358
09375,kreis,190526,19711,34440
09376,kreis,147256,15323,27563
09377,kreis,72531,8235,14955
09461,kreis,72764,6435,13172
09462,kreis,72289,6380,14447
09463,kreis,40296,4105,8473
09464,kreis,45598,4538,9785
09471,kreis,146853,15984,25969
09472,kreis,102845,11605,21199
09473,kreis,84106,9565,17832
09474,kreis,114933,12744,21717
09475,kreis,92878,10803,21531
09476,kreis,65099,7736,14525
09477,kreis,71505,8281,15768
09478,kreis,67373,7588,13954
09479,kreis,70884,8213,16931
09561,kreis,39601,3984,7676
09562,kreis,112220,9058,18686
09563,kreis,130126,11970,21796
09564,kreis,522554,43930,94437
09565,kreis,40865,3920,8278
09571,kreis,185708,19474,33687
09572,kreis,137484,14003,25726
09573,kreis,117191,11953,24438
09574,kreis,168700,17416,34355
09575,kreis,100023,10713,19248
09576,kreis,127255,13400,24535
09577,kreis,94124,10130,18661
09661,kreis,71692,6924,13546
09662,kreis,53242,5116,11630
09663,kreis,131316,10613,24237
09671,kreis,170549,18422,33678
09672,kreis,103047,11702,23448
09673,kreis,79114,8957,16198
09674,kreis,83123,9689,16090
09675,kreis,90400,9530,17006
09676,kreis,126496,13440,24852
09677,kreis,125045,14233,26652
09678,kreis,114486,12614,22928
09679,kreis,159854,17289,31804
09761,kreis,294647,24296,51147
09762,kreis,45186,4403,9197
09763,kreis,65050,5817,13097
09764,kreis,43300,4079,8498
09771,kreis,134361,13132,24464
09772,kreis,258116,25102,48076
09773,kreis,96914,9953,17824
09774,kreis,127608,12777,22380
09775,kreis,178576,16692,32746
09776,kreis,81771,8075,16857
09777,kreis,139750,13827,27022
09778,kreis,142261,13879,27227
09779,kreis,133399,13357,24391
09780,kreis,152066,15543,31799
10041,kreis,329138,34463,68607
10042,kreis,108960,12594,22216
10043,kreis,132824,15608,29062
10044,kreis,204475,23811,44595
10045,kreis,143834,16962,32843
10046,kreis,87633,10850,20037
11000,kreis,3596999,292354,624505
12051,kreis,73552,8088,18382
12052,kreis,93926,10381,22745
12053,kreis,55841,6741,13843
12054,kreis,182806,15031,33163
12060,kreis,190278,22222,41407
12061,kreis,175251,19573,37860
12062,kreis,98980,13121,25752
12063,kreis,167305,18646,34068
12064,kreis,196118,24458,43066
12065,kreis,216097,24328,45425
12066,kreis,109208,13569,28802
12067,kreis,178238,21819,43622
12068,kreis,98999,13069,23504
12069,kreis,218536,25438,45475
12070,kreis,76341,10033,19576
12071,kreis,111130,15369,28961
12072,kreis,173560,18972,35043
12073,kreis,117909,15942,30458
13003,kreis,203470,19333,46611
13004,kreis,96447,9949,23378
13071,kreis,247514,33279,61257
13072,kreis,216849,27666,49002
13073,kreis,215741,28339,53454
13074,kreis,156503,18948,34800
13075,kreis,225469,29352,53741
13076,kreis,208824,27351,46973
14511,kreis,240078,21981,62117
14521,kreis,324874,37977,89140
14522,kreis,297712,33881,77586
14523,kreis,221459,25856,61269
14524,kreis,310249,34699,83195
14612,kreis,557782,41873,111862
14625,kreis,296168,35051,74777
14626,kreis,247014,29947,67631
14627,kreis,240414,27123,61106
14628,kreis,244202,26077,61575
14713,kreis,598899,43124,108806
14729,kreis,259190,29504,62560
14730,kreis,200090,23764,46835
15001,kreis,75938,8738,22454
15002,kreis,226586,19028,51045
15003,kreis,241517,21596,53599
15081,kreis,81159,10561,18508
15082,kreis,154059,19205,39751
15083,kreis,168411,20961,37460
15084,kreis,174746,21411,45370
15085,kreis,207617,25513,55136
15086,kreis,88710,11501,21336
15087,kreis,131514,16977,36405
15088,kreis,181788,21279,43184
15089,kreis,184199,22455,47463
15090,kreis,107250,14068,25680
15091,kreis,122949,15486,32646
16051,kreis,218200,20264,44745
16052,kreis,93120,10747,24664
16053,kreis,110369,8348,22483
16054,kreis,35410,4279,10759
16055,kreis,65494,5976,14195
16061,kreis,98861,11132,22221
16062,kreis,81415,9473,20390
16063,kreis,156674,19012,37497
16064,kreis,100069,11998,23533
16065,kreis,72556,9428,18480
16066,kreis,121525,15164,29922
16067,kreis,136959,15717,31634
16068,kreis,67792,8153,15746
16069,kreis,61411,7871,14213
16070,kreis,106164,11787,25448
16071,kreis,82691,9735,18308
16072,kreis,56251,7009,14490
16073,kreis,101106,12796,27152
16074,kreis,83347,10023,20156
16075,kreis,78378,9899,19471
16076,kreis,95217,12472,26082
16077,kreis,87387,10632,24752
